{
"type": "FeatureCollection",
"crs": { "type": "name", "properties": { "name": "urn:ogc:def:crs:OGC:1.3:CRS84" } },
"features": [
{ "type": "Feature", "properties": { "id": 46148505.0, "tags.power": "line", "Type": "Way", "Country": "BO", "Length": 1124.6598805769179, "tags.cables": null, "tags.voltage": null, "tags.circuits": null, "tags.frequency": null }, "geometry": { "type": "LineString", "coordinates": [ [ -63.256216599999966, -17.806171599999939 ], [ -63.255527899999947, -17.807362100000031 ], [ -63.255519299999968, -17.807376899999937 ], [ -63.254854099999967, -17.808592499999936 ], [ -63.254167399999965, -17.809787599999936 ], [ -63.253448599999963, -17.810982699999936 ], [ -63.252772699999966, -17.812198199999937 ], [ -63.252064599999969, -17.813413799999935 ], [ -63.2516326, -17.814155299999967 ], [ -63.251355199999971, -17.814602499999936 ] ] } },
{ "type": "Feature", "properties": { "id": 102695687.0, "tags.power": "line", "Type": "Way", "Country": "BO", "Length": 2387.9250096087544, "tags.cables": null, "tags.voltage": null, "tags.circuits": null, "tags.frequency": null }, "geometry": { "type": "LineString", "coordinates": [ [ -69.144935399999895, -16.043696400000012 ], [ -69.138669499999878, -16.0503788 ], [ -69.131751999999864, -16.0572217 ], [ -69.130218999999869, -16.058688900000043 ] ] } },
{ "type": "Feature", "properties": { "id": 124795784.0, "tags.power": "line", "Type": "Way", "Country": "BO", "Length": 41065.266991433076, "tags.cables": "3", "tags.voltage": "115000", "tags.circuits": null, "tags.frequency": "50" }, "geometry": { "type": "LineString", "coordinates": [ [ -67.835128599999109, -16.286052400000084 ], [ -67.835909099999881, -16.285856699999837 ], [ -67.836863999999878, -16.285936499999838 ], [ -67.840629799999874, -16.284664699999837 ], [ -67.843657999999877, -16.285086899999836 ], [ -67.845892299999875, -16.285169299999836 ], [ -67.850776599999875, -16.285519399999835 ], [ -67.853879899999882, -16.287182599999834 ], [ -67.857688699999883, -16.289113499999836 ], [ -67.862291299999882, -16.289535799999836 ], [ -67.864571199999887, -16.289782899999835 ], [ -67.868218999999883, -16.288727299999834 ], [ -67.870547199999876, -16.288068299999836 ], [ -67.87523029999987, -16.286863399999834 ], [ -67.877354599999876, -16.286286699999835 ], [ -67.882413299999882, -16.286564699999836 ], [ -67.886924799999889, -16.288454399999836 ], [ -67.892739799999887, -16.291636599999837 ], [ -67.893780499999892, -16.293078299999838 ], [ -67.897245899999888, -16.298155099999839 ], [ -67.900512799999888, -16.30289199999984 ], [ -67.901371099999892, -16.304184299999839 ], [ -67.902486899999886, -16.305728899999838 ], [ -67.906740899999889, -16.309265999999838 ], [ -67.913328800000187, -16.315630299999956 ], [ -67.917707299999861, -16.317252200000045 ], [ -67.919488299999855, -16.317499300000048 ], [ -67.922256299999859, -16.318688500000047 ], [ -67.923286299999859, -16.319161900000047 ], [ -67.926703399999852, -16.320943200000048 ], [ -67.92818399999986, -16.321895600000047 ], [ -67.930859199999858, -16.323377600000047 ], [ -67.932350499999856, -16.324252700000049 ], [ -67.934556899999862, -16.325468700000048 ], [ -67.93766289999985, -16.327193300000047 ], [ -67.941228699999854, -16.329210400000047 ], [ -67.944436599999861, -16.330064900000046 ], [ -67.946019099999859, -16.330559400000048 ], [ -67.949668499999859, -16.330879300000046 ], [ -67.952109299999861, -16.331095600000047 ], [ -67.961244899999855, -16.331414500000047 ], [ -67.96307789999986, -16.331290100000047 ], [ -67.964808600000012, -16.331232900000078 ], [ -67.980569300000028, -16.329668200000082 ], [ -67.983632400000019, -16.329132800000078 ], [ -67.987237300000018, -16.328655600000079 ], [ -67.990155500000014, -16.328041400000078 ], [ -67.99658740000001, -16.327081 ], [ -67.999446300000017, -16.326345300000078 ], [ -68.002310600000015, -16.325391100000079 ], [ -68.0071031, -16.323815600000078 ], [ -68.011634900000018, -16.322286800000079 ], [ -68.014203500000022, -16.321417800000081 ], [ -68.01821990000002, -16.32148520000008 ], [ -68.022853400000017, -16.321584800000078 ], [ -68.031327500000017, -16.325424 ], [ -68.032840300000018, -16.327088900000078 ], [ -68.038639300000014, -16.333848300000078 ], [ -68.040757900000031, -16.336341500000088 ], [ -68.04243780000003, -16.339698900000084 ], [ -68.043469900000034, -16.341788700000084 ], [ -68.043284800000023, -16.345170800000083 ], [ -68.043078300000033, -16.348853900000083 ], [ -68.042850300000026, -16.352565100000085 ], [ -68.042689400000029, -16.355530100000085 ], [ -68.042450700000018, -16.359351800000084 ], [ -68.042241500000017, -16.363145300000085 ], [ -68.041635300000038, -16.365219600000085 ], [ -68.040497200000033, -16.369013500000086 ], [ -68.039979600000024, -16.370763600000085 ], [ -68.039456500000028, -16.372516100000087 ], [ -68.03823690000003, -16.376609900000084 ], [ -68.036903100000032, -16.381232 ], [ -68.035710300000034, -16.387147600000084 ], [ -68.035535100000033, -16.393012300000084 ], [ -68.039017400000034, -16.398379500000086 ], [ -68.040846700000031, -16.401186600000084 ], [ -68.042016200000035, -16.403005800000084 ], [ -68.044266500000035, -16.405169700000084 ], [ -68.046602700000022, -16.407485600000086 ], [ -68.05350140000003, -16.410133 ], [ -68.055030200000033, -16.410735 ], [ -68.058468800000028, -16.412307200000082 ], [ -68.062738100000033, -16.414237400000083 ], [ -68.06390490000004, -16.415668 ], [ -68.06681770000003, -16.419244100000082 ], [ -68.069374700000026, -16.422385 ], [ -68.07273280000004, -16.426529700000081 ], [ -68.074269700000031, -16.428415500000082 ], [ -68.077509, -16.432395900000081 ], [ -68.079379300000042, -16.434710900000081 ], [ -68.081159500000041, -16.43688790000008 ], [ -68.085282900000038, -16.440725600000082 ], [ -68.086832400000034, -16.44217950000008 ], [ -68.088353899999959, -16.443396799999974 ] ] } },
{ "type": "Feature", "properties": { "id": 124797636.0, "tags.power": "line", "Type": "Way", "Country": "BO", "Length": 55735.578608103642, "tags.cables": "3", "tags.voltage": "115000", "tags.circuits": null, "tags.frequency": "50" }, "geometry": { "type": "LineString", "coordinates": [ [ -67.977007900000217, -16.041696199999951 ], [ -67.976642, -16.0443648 ], [ -67.978895, -16.0448958 ], [ -67.980370200000024, -16.0451536 ], [ -67.982079700000213, -16.045553299999952 ], [ -67.985353800000027, -16.0463187 ], [ -67.995060399999858, -16.047556500000042 ], [ -67.997184499999861, -16.047848100000042 ], [ -68.001268599999861, -16.048268800000042 ], [ -68.003696199999865, -16.049067200000042 ], [ -68.00493979999986, -16.049511800000044 ], [ -68.00704409999986, -16.051017700000045 ], [ -68.010038699999853, -16.053068600000046 ], [ -68.014669999999853, -16.055903400000044 ], [ -68.017202099999849, -16.058504 ], [ -68.01909739999985, -16.060454400000044 ], [ -68.021126999999851, -16.062629500000043 ], [ -68.02233079999985, -16.063858 ], [ -68.024201299999845, -16.065622 ], [ -68.029046499999851, -16.070318500000045 ], [ -68.031015599999847, -16.072212500000045 ], [ -68.033653199999847, -16.074802700000046 ], [ -68.035259499999853, -16.076963100000047 ], [ -68.038478199999858, -16.080630800000048 ], [ -68.040741599999862, -16.083728100000048 ], [ -68.043019899999862, -16.085912500000049 ], [ -68.044290300000085, -16.089094400000082 ], [ -68.044827800000078, -16.089482400000083 ], [ -68.043382700000066, -16.091936600000086 ], [ -68.044722100000058, -16.094386700000086 ], [ -68.050785700000091, -16.095986300000078 ], [ -68.054196100000098, -16.096857900000082 ], [ -68.057067200000063, -16.099144100000075 ], [ -68.063330300000075, -16.102892400000062 ], [ -68.065285200000062, -16.104555500000057 ], [ -68.07090280000007, -16.107083500000055 ], [ -68.07111090000005, -16.107356500000055 ], [ -68.073945700000053, -16.10644550000006 ], [ -68.075274100000058, -16.108078500000055 ], [ -68.076890800000044, -16.110091200000053 ], [ -68.07759, -16.111667100000048 ], [ -68.0783549, -16.11333360000005 ], [ -68.079308699999984, -16.115502800000051 ], [ -68.079652099999947, -16.119123100000046 ], [ -68.080269099999953, -16.120797200000037 ], [ -68.083002499999964, -16.120747800000039 ], [ -68.085457599999955, -16.121676100000041 ], [ -68.087836499999966, -16.122610900000037 ], [ -68.090072, -16.124205400000047 ], [ -68.090665, -16.125109400000049 ], [ -68.0912393, -16.125696800000046 ], [ -68.092713800000041, -16.126968400000045 ], [ -68.093239300000022, -16.127439100000043 ], [ -68.095774500000019, -16.128759200000037 ], [ -68.09899860000003, -16.128199800000036 ], [ -68.101673, -16.128624500000036 ], [ -68.104932, -16.129386800000034 ], [ -68.108217099999962, -16.131721900000034 ], [ -68.111330399999957, -16.133493600000044 ], [ -68.1125562, -16.135303400000044 ], [ -68.1136924, -16.137581800000046 ], [ -68.115002599999954, -16.140221800000042 ], [ -68.115979099999933, -16.143134600000039 ], [ -68.116151299999942, -16.14590580000004 ], [ -68.117568099999943, -16.149671200000039 ], [ -68.118178799999953, -16.151298100000041 ], [ -68.11956359999995, -16.154869 ], [ -68.120334099999937, -16.15685050000004 ], [ -68.121608799999933, -16.160158700000039 ], [ -68.124129899999929, -16.162368700000037 ], [ -68.126785799999936, -16.164725300000036 ], [ -68.128923399999934, -16.166655500000036 ], [ -68.131266899999943, -16.168739200000037 ], [ -68.133993899999936, -16.171167400000037 ], [ -68.13555619999994, -16.173274900000038 ], [ -68.137107899999947, -16.175423400000039 ], [ -68.137896199999943, -16.177391 ], [ -68.138712899999931, -16.179392800000038 ], [ -68.13908919999993, -16.18402370000004 ], [ -68.138487399999903, -16.185203600000037 ], [ -68.138765199999909, -16.18736810000004 ], [ -68.139061799999908, -16.189746900000038 ], [ -68.139370600000049, -16.1921027 ], [ -68.139445499999894, -16.192674 ], [ -68.137248999999883, -16.193421500000039 ], [ -68.134133099999872, -16.194757300000038 ], [ -68.131782999999885, -16.195837500000042 ], [ -68.12964839999988, -16.196710300000042 ], [ -68.128266399999873, -16.19986180000004 ], [ -68.127416599999876, -16.201788300000043 ], [ -68.126370599999873, -16.204154200000044 ], [ -68.12500409999987, -16.207256100000048 ], [ -68.123668399999872, -16.210294 ], [ -68.122801799999863, -16.212290500000044 ], [ -68.122509899999855, -16.215158100000046 ], [ -68.122192599999849, -16.218197800000048 ], [ -68.121744099999844, -16.220621300000047 ], [ -68.121708399999847, -16.222852300000046 ], [ -68.12151749999984, -16.224884 ], [ -68.121162099999836, -16.227919 ], [ -68.120923499999847, -16.230349200000042 ], [ -68.120568099999844, -16.233603900000045 ], [ -68.120398699999853, -16.235541700000045 ], [ -68.120119599999853, -16.238381800000042 ], [ -68.119761699999856, -16.241734900000043 ], [ -68.119482100000042, -16.244503400000013 ], [ -68.11918, -16.247479800000011 ], [ -68.118952800000045, -16.249966800000013 ], [ -68.118223500000056, -16.252981900000012 ], [ -68.117906900000065, -16.254815700000012 ], [ -68.117588900000072, -16.256273 ], [ -68.117333200000061, -16.257713500000015 ], [ -68.116765800000053, -16.260627 ], [ -68.11757180000005, -16.263335200000022 ], [ -68.118261, -16.26573250000002 ], [ -68.119118100000023, -16.26853670000002 ], [ -68.119710400000017, -16.270508 ], [ -68.120004100000017, -16.271570100000019 ], [ -68.120449, -16.277833900000026 ], [ -68.12065530000001, -16.279370200000024 ], [ -68.120839300000014, -16.280235700000024 ], [ -68.1264868, -16.287759100000027 ], [ -68.1272021, -16.288560700000026 ], [ -68.127555700000016, -16.290135600000024 ], [ -68.129371, -16.297924300000027 ], [ -68.132074299999971, -16.303215800000071 ], [ -68.134515099999973, -16.308032300000068 ], [ -68.1361271, -16.311263 ], [ -68.137529899999976, -16.31402 ], [ -68.140067299999984, -16.319065400000067 ], [ -68.140665399999975, -16.320259800000073 ], [ -68.14516350000001, -16.325354 ], [ -68.146712799999975, -16.327094500000072 ], [ -68.14784029999997, -16.328391500000073 ], [ -68.1488425, -16.329514300000078 ], [ -68.15040620000002, -16.334839700000082 ], [ -68.1516222, -16.338952400000075 ], [ -68.152326700000017, -16.341354300000081 ], [ -68.151973600000019, -16.348637600000082 ], [ -68.1516356, -16.355751300000069 ], [ -68.1515659, -16.357550400000079 ], [ -68.151340600000012, -16.361961500000078 ], [ -68.15104190000001, -16.367626400000081 ], [ -68.1491295, -16.369077800000078 ], [ -68.1465502, -16.37100480000008 ], [ -68.1446431, -16.372420200000079 ], [ -68.143505799999971, -16.373274700000071 ], [ -68.1407915, -16.375307700000079 ], [ -68.137500500000016, -16.377749600000083 ], [ -68.134948699999981, -16.379664700000067 ], [ -68.13049460000002, -16.382994100000083 ], [ -68.12876559999998, -16.384296400000068 ], [ -68.1250492, -16.387075600000081 ], [ -68.123096499999988, -16.388521500000078 ], [ -68.120639600000018, -16.390353900000083 ], [ -68.1201622, -16.39443470000008 ], [ -68.11981, -16.397255600000079 ], [ -68.118966099999966, -16.400705699999971 ], [ -68.11855889999967, -16.400542699999892 ] ] } },
{ "type": "Feature", "properties": { "id": 124798892.0, "tags.power": "line", "Type": "Way", "Country": "BO", "Length": 30806.576771949116, "tags.cables": "3", "tags.voltage": "115000", "tags.circuits": null, "tags.frequency": "50" }, "geometry": { "type": "LineString", "coordinates": [ [ -68.109976300000184, -16.132002300000035 ], [ -68.110180399999962, -16.132057700000036 ], [ -68.111330399999957, -16.133493600000044 ], [ -68.1128651, -16.135088500000045 ], [ -68.113877, -16.137476100000047 ], [ -68.114743399999966, -16.139144 ], [ -68.115768199999948, -16.141273300000044 ], [ -68.116135299999939, -16.142699800000049 ], [ -68.116339499999938, -16.145803500000039 ], [ -68.117234299999936, -16.14807850000004 ], [ -68.11834209999995, -16.15114120000004 ], [ -68.119347899999951, -16.15364960000004 ], [ -68.120092699999944, -16.15555450000004 ], [ -68.120987399999933, -16.157769400000038 ], [ -68.12192129999994, -16.16014510000004 ], [ -68.123789, -16.161751400000039 ], [ -68.127325599999935, -16.164483100000037 ], [ -68.129111599999931, -16.165888200000037 ], [ -68.132282399999937, -16.168722200000037 ], [ -68.133486099999942, -16.169738500000037 ], [ -68.135320599999943, -16.171346600000039 ], [ -68.137571599999944, -16.174299500000039 ], [ -68.138876199999942, -16.17690340000004 ], [ -68.139600599999937, -16.178686900000038 ], [ -68.140040899999931, -16.182775600000038 ], [ -68.140274899999923, -16.184649500000038 ], [ -68.140562299999914, -16.18656520000004 ], [ -68.140923399999906, -16.188318 ], [ -68.141415699999911, -16.190570800000039 ], [ -68.141825399999888, -16.192569800000037 ], [ -68.139188399999881, -16.193536900000037 ], [ -68.134434399999876, -16.195176800000041 ], [ -68.132681899999881, -16.19577 ], [ -68.129887699999884, -16.197824400000041 ], [ -68.128581799999878, -16.199659900000039 ], [ -68.127787799999879, -16.201390300000043 ], [ -68.126644899999874, -16.204075400000043 ], [ -68.125339899999886, -16.207066600000047 ], [ -68.123840099999867, -16.210431900000046 ], [ -68.122932599999857, -16.212512100000044 ], [ -68.122717399999857, -16.214672500000045 ], [ -68.12240729999985, -16.217849600000047 ], [ -68.122087699999852, -16.220273100000046 ], [ -68.121899199999845, -16.222992 ], [ -68.12173699999984, -16.224870300000045 ], [ -68.121417299999834, -16.228159500000043 ], [ -68.12122169999985, -16.230624100000043 ], [ -68.12094259999985, -16.233830700000045 ], [ -68.120801799999853, -16.235404200000044 ], [ -68.120482199999856, -16.239107800000042 ], [ -68.120231699999863, -16.241867700000043 ], [ -68.119915400000039, -16.245768 ], [ -68.119566400000039, -16.249651400000012 ], [ -68.119229, -16.253747800000014 ], [ -68.118575100000072, -16.255988300000013 ], [ -68.118418400000067, -16.256996 ], [ -68.11907990000006, -16.260841400000018 ], [ -68.120010300000047, -16.262678200000021 ], [ -68.12122, -16.265126400000021 ], [ -68.12188580000003, -16.268428300000021 ], [ -68.122374500000021, -16.2716 ], [ -68.122592700000013, -16.272104400000025 ], [ -68.1246744, -16.279064800000025 ], [ -68.125944800000013, -16.283194 ], [ -68.129590400000012, -16.290793300000026 ], [ -68.130061200000014, -16.293642300000027 ], [ -68.130410200000014, -16.295801100000027 ], [ -68.130902300000017, -16.298563600000026 ], [ -68.132287500000018, -16.300725700000029 ], [ -68.133982400000022, -16.303453100000031 ], [ -68.13459690000002, -16.30444690000003 ], [ -68.135553300000026, -16.305957700000029 ], [ -68.137302600000027, -16.308751500000028 ], [ -68.138915900000029, -16.311326200000028 ], [ -68.140287200000031, -16.313478400000029 ], [ -68.14153170000003, -16.31545360000003 ], [ -68.143112800000026, -16.317957500000031 ], [ -68.144129100000029, -16.319616400000029 ], [ -68.145318400000022, -16.321503100000029 ], [ -68.146871800000028, -16.323976700000028 ], [ -68.147800200000034, -16.325442700000028 ], [ -68.148495600000032, -16.326552100000029 ], [ -68.149206600000028, -16.327694300000029 ], [ -68.150432700000025, -16.329605200000028 ], [ -68.152075499999924, -16.332195800000058 ], [ -68.153250299999939, -16.334079800000062 ], [ -68.153928, -16.336834500000059 ], [ -68.155122499999933, -16.34166780000006 ], [ -68.154720199999957, -16.346753600000067 ], [ -68.15447879999995, -16.350001700000064 ], [ -68.154097, -16.355051800000066 ], [ -68.15390479999995, -16.356870800000063 ], [ -68.153792099999947, -16.358739300000067 ], [ -68.153711799999954, -16.359827800000065 ], [ -68.15363829999994, -16.360935200000064 ], [ -68.153438099999974, -16.363292 ], [ -68.153309299999975, -16.365129600000067 ], [ -68.153168899999969, -16.366869900000072 ], [ -68.1530465, -16.368374700000082 ], [ -68.153379199999961, -16.370319600000066 ] ] } },
{ "type": "Feature", "properties": { "id": 174006319.0, "tags.power": "line", "Type": "Way", "Country": "BO", "Length": 16438.437817938484, "tags.cables": "3", "tags.voltage": "115000", "tags.circuits": null, "tags.frequency": "50" }, "geometry": { "type": "LineString", "coordinates": [ [ -67.770446399999798, -16.395400099999978 ], [ -67.771066599999799, -16.394612 ], [ -67.7716345999998, -16.393905499999974 ], [ -67.776164599999788, -16.389672599999979 ], [ -67.776875099999785, -16.389008199999978 ], [ -67.779254599999774, -16.386524099999981 ], [ -67.78083999999977, -16.384857799999981 ], [ -67.782910099999768, -16.382803899999981 ], [ -67.784657099999762, -16.381186 ], [ -67.785929399999759, -16.380062199999983 ], [ -67.787944299999765, -16.378255099999983 ], [ -67.792473899999763, -16.374087399999983 ], [ -67.796497999999758, -16.370444299999981 ], [ -67.797859999999758, -16.369216699999981 ], [ -67.800229299999756, -16.366999199999981 ], [ -67.801257799999746, -16.366328899999978 ], [ -67.806749299999751, -16.362628599999979 ], [ -67.80922079999975, -16.360529699999979 ], [ -67.813404699999751, -16.357128899999978 ], [ -67.815102099999748, -16.355539899999979 ], [ -67.818398699999747, -16.35270329999998 ], [ -67.824481099999744, -16.34722559999998 ], [ -67.825297399999741, -16.344357 ], [ -67.827168499999743, -16.338008099999982 ], [ -67.827737999999741, -16.33575279999998 ], [ -67.822499099999746, -16.32657529999998 ], [ -67.821193699999739, -16.324429 ], [ -67.818637599999732, -16.320511599999982 ], [ -67.818174299999725, -16.316386399999981 ], [ -67.819704099999726, -16.30824969999998 ], [ -67.820425799999725, -16.304031299999981 ], [ -67.82166509999972, -16.298409 ], [ -67.82342109999972, -16.296872899999983 ], [ -67.825977599999717, -16.292154399999983 ], [ -67.828288200000202, -16.288434300000084 ], [ -67.8326804000002, -16.28611220000009 ], [ -67.834434800000182, -16.286141300000082 ], [ -67.834917500000145, -16.286091100000071 ] ] } },
{ "type": "Feature", "properties": { "id": 174006324.0, "tags.power": "line", "Type": "Way", "Country": "BO", "Length": 18607.981625979661, "tags.cables": "3", "tags.voltage": "115000", "tags.circuits": null, "tags.frequency": "50" }, "geometry": { "type": "LineString", "coordinates": [ [ -67.733527399999801, -16.183090599999982 ], [ -67.734040699999795, -16.18386659999998 ], [ -67.736892499999797, -16.185868299999981 ], [ -67.739080399999793, -16.187370799999982 ], [ -67.746194600000166, -16.192606400000074 ], [ -67.75207670000016, -16.198889700000073 ], [ -67.754064200000158, -16.199154 ], [ -67.755979300000163, -16.199530100000072 ], [ -67.759257000000161, -16.20217790000007 ], [ -67.767102500000163, -16.205086800000071 ], [ -67.773070400000151, -16.207267400000074 ], [ -67.782957000000167, -16.211733400000071 ], [ -67.786642400000162, -16.212712100000072 ], [ -67.794485100000173, -16.21558640000007 ], [ -67.798146400000164, -16.217387700000074 ], [ -67.80554120000015, -16.221262700000075 ], [ -67.810872600000195, -16.223847700000089 ], [ -67.816672400000144, -16.226949200000075 ], [ -67.820371100000173, -16.228807100000083 ], [ -67.82508220000021, -16.231630100000086 ], [ -67.82686880000017, -16.232731600000079 ], [ -67.829890300000244, -16.238919100000082 ], [ -67.83026630000019, -16.242034800000084 ], [ -67.832990700000153, -16.245542400000073 ], [ -67.834160100000204, -16.247875400000087 ], [ -67.83469650000022, -16.249199 ], [ -67.83650440000018, -16.253823800000081 ], [ -67.836265400000144, -16.256902400000076 ], [ -67.836102300000249, -16.260755800000084 ], [ -67.835093000000157, -16.263449200000075 ], [ -67.833039100000249, -16.266301900000084 ], [ -67.832271800000242, -16.270019900000083 ], [ -67.832287900000225, -16.272229100000089 ], [ -67.832239600000193, -16.274510300000092 ], [ -67.83279280000022, -16.27839970000009 ], [ -67.834224000000248, -16.283456800000089 ], [ -67.835004100000148, -16.28600590000007 ] ] } },
{ "type": "Feature", "properties": { "id": 208077837.0, "tags.power": "line", "Type": "Way", "Country": "BO", "Length": 14745.167727833272, "tags.cables": "3", "tags.voltage": "230000", "tags.circuits": null, "tags.frequency": "50" }, "geometry": { "type": "LineString", "coordinates": [ [ -68.1699084, -16.689945399999978 ], [ -68.170113399999792, -16.686568900000012 ], [ -68.171164999999789, -16.682400800000011 ], [ -68.17190199999979, -16.6794527 ], [ -68.172571199999794, -16.6769329 ], [ -68.173431599999788, -16.6733495 ], [ -68.174072999999794, -16.6706287 ], [ -68.174917999999792, -16.6672048 ], [ -68.175722899999798, -16.6638074 ], [ -68.176583199999797, -16.6604838 ], [ -68.177474499999803, -16.6570242 ], [ -68.177585499999807, -16.6539073 ], [ -68.177677199999792, -16.6509866 ], [ -68.177733899999794, -16.6477526 ], [ -68.177825499999798, -16.6444141 ], [ -68.177899599999805, -16.6412802 ], [ -68.177986899999809, -16.6378204 ], [ -68.178060999999815, -16.6344733 ], [ -68.178148199999811, -16.6316903 ], [ -68.178226699999811, -16.6275743 ], [ -68.178313999999816, -16.6241058 ], [ -68.17834449999981, -16.6210469 ], [ -68.180407299999814, -16.6178291 ], [ -68.18240379999979, -16.6147754 ], [ -68.182643699999787, -16.6111689 ], [ -68.182917599999953, -16.607458699999864 ], [ -68.183213799999805, -16.6034465 ], [ -68.183442699999802, -16.5996007 ], [ -68.183952899999795, -16.5923368 ], [ -68.184508999999792, -16.58464 ], [ -68.184740099999786, -16.5810266 ], [ -68.185012699999788, -16.5774758 ], [ -68.185184999999791, -16.5746314 ], [ -68.185394699999847, -16.5715602 ], [ -68.183584799999849, -16.5689771 ], [ -68.181882699999861, -16.566481 ], [ -68.181816799999837, -16.5660966 ] ] } },
{ "type": "Feature", "properties": { "id": 208080323.0, "tags.power": "line", "Type": "Way", "Country": "BO", "Length": 6258.5262685851048, "tags.cables": "3", "tags.voltage": "115000", "tags.circuits": null, "tags.frequency": null }, "geometry": { "type": "LineString", "coordinates": [ [ -68.182098299999865, -16.5654967 ], [ -68.18044709999981, -16.5635637 ], [ -68.179938299999804, -16.5616869 ], [ -68.178592499999809, -16.5584151 ], [ -68.176565499999811, -16.5565203 ], [ -68.173359699999807, -16.5550939 ], [ -68.167883999999816, -16.5438544 ], [ -68.163437299999813, -16.5456325 ], [ -68.16183269999982, -16.5442403 ], [ -68.160571499999818, -16.5420509 ], [ -68.160295199999965, -16.541573400000271 ], [ -68.159506899999812, -16.5402114 ], [ -68.157146399999817, -16.538754 ], [ -68.154830299999816, -16.5373254 ], [ -68.153475699999817, -16.5350214 ], [ -68.151866499999812, -16.5349339 ], [ -68.150464, -16.535267699999988 ], [ -68.149930899999902, -16.5353521 ], [ -68.149676699999901, -16.535318799999988 ], [ -68.149442699999895, -16.535236699999988 ], [ -68.149240599999899, -16.535040099999989 ], [ -68.149154199999899, -16.534718699999988 ], [ -68.149165900000227, -16.534388299999982 ], [ -68.149222500000221, -16.534054799999982 ], [ -68.149288400000216, -16.533718799999981 ], [ -68.148886499999904, -16.533358399999987 ], [ -68.148529199999899, -16.533483799999988 ], [ -68.146741300000045, -16.533480899999986 ] ] } },
{ "type": "Feature", "properties": { "id": 208083278.0, "tags.power": "line", "Type": "Way", "Country": "BO", "Length": 4264.5668151572081, "tags.cables": null, "tags.voltage": null, "tags.circuits": null, "tags.frequency": null }, "geometry": { "type": "LineString", "coordinates": [ [ -68.180186199999866, -16.5660242 ], [ -68.181859999999844, -16.5680064 ], [ -68.182653499999816, -16.5761107 ], [ -68.180634199999815, -16.5783484 ], [ -68.176145599999813, -16.5812366 ], [ -68.174396699999818, -16.5826285 ], [ -68.170109699999813, -16.5867205 ], [ -68.167430999999809, -16.5940994 ], [ -68.167392699999809, -16.596195 ] ] } },
{ "type": "Feature", "properties": { "id": 208131299.0, "tags.power": "line", "Type": "Way", "Country": "BO", "Length": 64275.515012179683, "tags.cables": "3", "tags.voltage": "115000", "tags.circuits": null, "tags.frequency": "50" }, "geometry": { "type": "LineString", "coordinates": [ [ -67.044721899999985, -17.969922699999977 ], [ -67.044715899999986, -17.970385499999978 ], [ -67.045984999999746, -17.970771900000052 ], [ -67.0473819, -17.969898099999977 ], [ -67.0478337, -17.967797499999975 ], [ -67.045874699999729, -17.964188700000037 ], [ -67.04656309999973, -17.961265600000036 ], [ -67.047406899999714, -17.957717800000033 ], [ -67.04824889999972, -17.95420560000003 ], [ -67.050588499999719, -17.951330500000029 ], [ -67.053312099999715, -17.949057400000029 ], [ -67.056170799999705, -17.946730200000029 ], [ -67.0590851999997, -17.944320300000026 ], [ -67.061921199999702, -17.942033600000027 ], [ -67.064751099999697, -17.939649900000028 ], [ -67.067637399999697, -17.937291400000028 ], [ -67.070543899999691, -17.934885 ], [ -67.073425099999696, -17.932512100000025 ], [ -67.07646229999969, -17.929967 ], [ -67.079415899999702, -17.927453500000023 ], [ -67.0817255, -17.925479599999974 ], [ -67.084497099999695, -17.924605500000027 ], [ -67.087167199999698, -17.923179400000027 ], [ -67.089449899999707, -17.920229400000029 ], [ -67.091896199999695, -17.917103300000029 ], [ -67.093986899999692, -17.914362900000029 ], [ -67.096511399999684, -17.911067600000028 ], [ -67.098900699999689, -17.908063200000026 ], [ -67.101240299999688, -17.904977600000027 ], [ -67.103594199999691, -17.901939300000027 ], [ -67.105962199999695, -17.898873800000029 ], [ -67.108348099999688, -17.895753700000029 ], [ -67.110872499999687, -17.89253920000003 ], [ -67.113290399999698, -17.88926380000003 ], [ -67.115793499999697, -17.886056 ], [ -67.118282499999694, -17.882861700000028 ], [ -67.120735799999693, -17.879708 ], [ -67.123174999999691, -17.876601500000032 ], [ -67.12550039999968, -17.87344090000003 ], [ -67.12788259999968, -17.870408800000028 ], [ -67.130506699999685, -17.867532300000029 ], [ -67.133208999999681, -17.86466250000003 ], [ -67.135889899999682, -17.861677600000032 ], [ -67.138577999999683, -17.858685900000033 ], [ -67.141230399999685, -17.855789 ], [ -67.143797599999687, -17.852912200000031 ], [ -67.146414499999679, -17.850008400000032 ], [ -67.14903859999967, -17.847145100000034 ], [ -67.151641299999667, -17.844214100000034 ], [ -67.154416999999697, -17.841301 ], [ -67.156886599999694, -17.838603600000049 ], [ -67.159483699999697, -17.835727100000049 ], [ -67.162087299999698, -17.832762 ], [ -67.163932199999692, -17.829665900000048 ], [ -67.165841299999698, -17.826432500000049 ], [ -67.167789199999703, -17.823156700000048 ], [ -67.169680399999706, -17.820015500000046 ], [ -67.171653799999703, -17.816599300000046 ], [ -67.173629799999702, -17.813317 ], [ -67.175590900000259, -17.810019700000016 ], [ -67.17756179999968, -17.806614300000032 ], [ -67.179545799999687, -17.803296700000033 ], [ -67.181544099999684, -17.800046700000031 ], [ -67.18345850000027, -17.796808100000014 ], [ -67.185462399999679, -17.793418 ], [ -67.187436100000269, -17.790091300000014 ], [ -67.189363500000269, -17.786842500000013 ], [ -67.191371799999672, -17.783457400000032 ], [ -67.193291899999679, -17.780261300000031 ], [ -67.195263299999695, -17.776970300000031 ], [ -67.198819799999683, -17.776597 ], [ -67.202459999999689, -17.776807500000032 ], [ -67.206066899999698, -17.777039700000032 ], [ -67.210471999999697, -17.777316300000031 ], [ -67.214492999999692, -17.777583500000031 ], [ -67.218373699999688, -17.777818800000031 ], [ -67.222277899999682, -17.778054200000032 ], [ -67.226262099999687, -17.778318100000032 ], [ -67.230182999999684, -17.778572500000031 ], [ -67.234147199999683, -17.77881740000003 ], [ -67.238056099999767, -17.779057100000053 ], [ -67.242038599999773, -17.779311600000053 ], [ -67.245956199999767, -17.779570200000052 ], [ -67.249770899999774, -17.77983670000005 ], [ -67.252853099999768, -17.780024800000049 ], [ -67.25703459999977, -17.780273100000048 ], [ -67.260421599999773, -17.78050030000005 ], [ -67.264235799999767, -17.780724200000051 ], [ -67.26817399999976, -17.780978900000051 ], [ -67.271824099999762, -17.781221800000051 ], [ -67.275276699999765, -17.78166070000005 ], [ -67.278634599999762, -17.78278920000005 ], [ -67.282138999999759, -17.783935800000048 ], [ -67.285898599999754, -17.785104900000047 ], [ -67.289856799999754, -17.786373300000047 ], [ -67.293571299999755, -17.787637600000046 ], [ -67.297374099999743, -17.78887 ], [ -67.301101199999735, -17.790070300000046 ], [ -67.305080499999733, -17.791350600000044 ], [ -67.308794999999733, -17.792570900000044 ], [ -67.312458699999738, -17.793790300000044 ], [ -67.316267899999744, -17.795001200000041 ], [ -67.31978579999975, -17.796189400000042 ], [ -67.323695899999748, -17.797456800000042 ], [ -67.327487199999752, -17.79867330000004 ], [ -67.331094299999748, -17.799884100000039 ], [ -67.334683499999741, -17.800319700000038 ], [ -67.338635199999743, -17.800534700000039 ], [ -67.342610699999739, -17.800795 ], [ -67.346514899999733, -17.800987400000039 ], [ -67.350436899999735, -17.80118540000004 ], [ -67.354364899999737, -17.801417400000041 ], [ -67.358346399999732, -17.801615400000042 ], [ -67.362107899999728, -17.801819100000042 ], [ -67.366029899999731, -17.802028400000044 ], [ -67.369684499999735, -17.802232100000044 ], [ -67.373594699999742, -17.802464100000044 ], [ -67.376928399999741, -17.802662100000045 ], [ -67.380220499999737, -17.802809200000045 ], [ -67.384439699999731, -17.803063800000047 ], [ -67.390096899999733, -17.803380700000048 ], [ -67.392586799999734, -17.803510800000048 ], [ -67.395837299999727, -17.803691900000047 ], [ -67.399681999999729, -17.803901200000048 ], [ -67.402397699999725, -17.804082300000047 ], [ -67.406212799999722, -17.804150100000047 ], [ -67.409962499999722, -17.804257600000046 ], [ -67.41400329999972, -17.804353800000047 ], [ -67.41660219999973, -17.80101660000004 ], [ -67.419032599999753, -17.797899 ], [ -67.421397699999744, -17.794877600000042 ], [ -67.423709299999729, -17.791941 ], [ -67.42615169999975, -17.788776300000045 ], [ -67.428659399999759, -17.785558400000046 ], [ -67.431155199999765, -17.782389600000048 ], [ -67.433621299999771, -17.779181200000053 ], [ -67.43603989999977, -17.776108600000054 ], [ -67.438529799999756, -17.772854800000054 ], [ -67.442135999999749, -17.771032900000055 ], [ -67.445980699999751, -17.771870500000055 ], [ -67.449807699999752, -17.772725 ], [ -67.453575199999761, -17.773500200000054 ], [ -67.457467499999765, -17.774354700000053 ], [ -67.461169699999772, -17.775203500000053 ], [ -67.464875799999717, -17.777934100000046 ], [ -67.46471529999971, -17.781561300000046 ], [ -67.464400399999704, -17.785058300000046 ], [ -67.463996299999707, -17.788990800000047 ], [ -67.463705299999702, -17.791862600000048 ], [ -67.460005299999708, -17.794039600000048 ], [ -67.456877599999714, -17.795948200000048 ], [ -67.455451399999703, -17.797722700000048 ], [ -67.455269, -17.797658099999975 ] ] } },
{ "type": "Feature", "properties": { "id": 208137802.0, "tags.power": "line", "Type": "Way", "Country": "BO", "Length": 131687.37617683006, "tags.cables": "3", "tags.voltage": "230000", "tags.circuits": null, "tags.frequency": "50" }, "geometry": { "type": "LineString", "coordinates": [ [ -66.1159952, -17.428570799999974 ], [ -66.115740699999435, -17.428913800000032 ], [ -66.114904199999444, -17.429827500000034 ], [ -66.113855799999442, -17.431531600000035 ], [ -66.112679299999442, -17.433458 ], [ -66.109954399999481, -17.437965400000035 ], [ -66.109680599999479, -17.440671800000036 ], [ -66.109110199999478, -17.445816 ], [ -66.108589199999471, -17.451221200000035 ], [ -66.108395999999473, -17.455456200000036 ], [ -66.10821939999947, -17.459892800000034 ], [ -66.108129099999474, -17.462541600000034 ], [ -66.108987099999467, -17.463982100000035 ], [ -66.11244129999946, -17.469666700000033 ], [ -66.114470399999462, -17.472759900000032 ], [ -66.117213599999459, -17.47707340000003 ], [ -66.118837299999456, -17.47953250000003 ], [ -66.120822799999459, -17.482591600000031 ], [ -66.122081199999457, -17.484489400000029 ], [ -66.125162599999456, -17.489136500000029 ], [ -66.127528799999453, -17.49279870000003 ], [ -66.129018499999447, -17.495060600000031 ], [ -66.130809299999441, -17.497773800000029 ], [ -66.133301299999502, -17.501665600000045 ], [ -66.136306099999501, -17.506241800000044 ], [ -66.138394299999504, -17.509458400000042 ], [ -66.141075099999497, -17.513576200000042 ], [ -66.14476459999949, -17.51908 ], [ -66.148289399999484, -17.523754300000043 ], [ -66.149521399999486, -17.525532300000044 ], [ -66.155655199999487, -17.528057900000043 ], [ -66.161459499999481, -17.530495400000042 ], [ -66.164971099999477, -17.531814700000041 ], [ -66.168093999999471, -17.533159200000039 ], [ -66.172000899999475, -17.53474230000004 ], [ -66.174527599999479, -17.535835400000039 ], [ -66.179831199999484, -17.53800280000004 ], [ -66.18298709999948, -17.539259200000039 ], [ -66.1884835999995, -17.541507300000045 ], [ -66.192914399999495, -17.543064200000046 ], [ -66.197726299999502, -17.544754 ], [ -66.1997295999995, -17.545446900000048 ], [ -66.205097099999506, -17.548069700000049 ], [ -66.209122099999504, -17.550059300000051 ], [ -66.212560199999501, -17.551742800000049 ], [ -66.215849299999505, -17.553057600000049 ], [ -66.218500099999503, -17.554176900000048 ], [ -66.221998799999497, -17.555593800000047 ], [ -66.226130999999498, -17.557357100000047 ], [ -66.228104700000273, -17.5581987 ], [ -66.230235299999492, -17.559107200000046 ], [ -66.233622199999488, -17.560555100000045 ], [ -66.237554099999485, -17.562229600000045 ], [ -66.241327699999488, -17.563833 ], [ -66.244993999999494, -17.565405300000045 ], [ -66.249571599999499, -17.567371900000044 ], [ -66.252355599999504, -17.568560200000043 ], [ -66.256050199999507, -17.570009200000044 ], [ -66.262760299999513, -17.57256 ], [ -66.26737249999951, -17.574327600000046 ], [ -66.269971999999512, -17.575335700000046 ], [ -66.272604199999506, -17.576326100000045 ], [ -66.277239599999504, -17.578071500000046 ], [ -66.284654799999501, -17.580978800000047 ], [ -66.286857299999511, -17.582028400000045 ], [ -66.289537399999517, -17.584346300000043 ], [ -66.29164179999951, -17.586069700000042 ], [ -66.297567699999504, -17.591714100000043 ], [ -66.302058099999513, -17.59600340000004 ], [ -66.308576899999949, -17.6017045 ], [ -66.312234599999513, -17.603274 ], [ -66.315541399999518, -17.60416580000004 ], [ -66.319318899999516, -17.605065800000041 ], [ -66.322551299999944, -17.6056283 ], [ -66.325894099999516, -17.60640340000004 ], [ -66.329221299999517, -17.607025 ], [ -66.336000199999518, -17.608353200000039 ], [ -66.339363799999518, -17.609063700000039 ], [ -66.346227299999512, -17.609940900000041 ], [ -66.348067499999516, -17.610189600000041 ], [ -66.356855799999508, -17.612499600000039 ], [ -66.361159399999508, -17.61440740000004 ], [ -66.36391329999951, -17.615591100000039 ], [ -66.368212299999513, -17.617535200000038 ], [ -66.371400999999508, -17.618887700000037 ], [ -66.37343679999951, -17.619748 ], [ -66.375736199999508, -17.620793500000037 ], [ -66.37850709999951, -17.621674500000037 ], [ -66.380668699999504, -17.622376100000036 ], [ -66.3888213999995, -17.625049 ], [ -66.393546999999501, -17.626548100000036 ], [ -66.3971269999995, -17.628339300000036 ], [ -66.403048899999504, -17.631696600000037 ], [ -66.404983599999511, -17.632786200000037 ], [ -66.407553499999509, -17.633754200000038 ], [ -66.414217399999515, -17.63636 ], [ -66.41791339999952, -17.63749010000004 ], [ -66.419534199999518, -17.638011300000041 ], [ -66.431532199999637, -17.642990700000052 ], [ -66.43543719999964, -17.644533200000051 ], [ -66.438325499999635, -17.645768100000051 ], [ -66.439865699999629, -17.646404200000052 ], [ -66.441418899999633, -17.647048700000052 ], [ -66.44450799999963, -17.648287700000054 ], [ -66.452706199999625, -17.651667900000053 ], [ -66.45649769999963, -17.653235300000052 ], [ -66.457597199999626, -17.653646900000052 ], [ -66.460258599999619, -17.656008400000051 ], [ -66.465345999999613, -17.66059 ], [ -66.468229999999622, -17.663155100000051 ], [ -66.471583199999614, -17.666097800000049 ], [ -66.473795499999611, -17.668143400000048 ], [ -66.47533129999961, -17.669407200000048 ], [ -66.479956099999612, -17.673581 ], [ -66.483210999999599, -17.676549200000046 ], [ -66.485657599999598, -17.678673700000047 ], [ -66.489045099999601, -17.681660100000048 ], [ -66.493757699999605, -17.685860400000049 ], [ -66.496274899999605, -17.688127900000048 ], [ -66.50118689999961, -17.692408500000049 ], [ -66.503611899999612, -17.694590900000048 ], [ -66.504420199999615, -17.695278700000049 ], [ -66.509568299999614, -17.699902700000049 ], [ -66.514969799999619, -17.701552800000048 ], [ -66.517600699999619, -17.702325900000048 ], [ -66.520851199999612, -17.703406600000047 ], [ -66.523372999999609, -17.704146400000049 ], [ -66.530606999999605, -17.706507300000048 ], [ -66.533743999999601, -17.70745080000005 ], [ -66.537875799999597, -17.70876 ], [ -66.544449499999601, -17.71082840000005 ], [ -66.5483078999996, -17.71196450000005 ], [ -66.5503149999996, -17.712654500000049 ], [ -66.557298099999642, -17.714819400000049 ], [ -66.559878399999647, -17.715177200000049 ], [ -66.565524199999643, -17.715947200000052 ], [ -66.569343599999641, -17.71642920000005 ], [ -66.570954099999639, -17.71641160000005 ], [ -66.574489699999646, -17.716346900000051 ], [ -66.583387299999643, -17.71621760000005 ], [ -66.591852899999637, -17.716053 ], [ -66.596048699999642, -17.715976600000051 ], [ -66.599084499999648, -17.715941300000051 ], [ -66.600682599999644, -17.716188200000051 ], [ -66.60713059999965, -17.717234400000052 ], [ -66.613683499999652, -17.718304200000052 ], [ -66.615960299999657, -17.718621600000052 ], [ -66.620125299999643, -17.719209300000053 ], [ -66.622920399999643, -17.719567800000053 ], [ -66.627622199999649, -17.718686200000054 ], [ -66.635347399999645, -17.717122800000052 ], [ -66.640018299999639, -17.716158800000052 ], [ -66.645713499999644, -17.71498330000005 ], [ -66.647256099999638, -17.714736400000049 ], [ -66.654277899999641, -17.71357850000005 ], [ -66.65651769999964, -17.713214100000052 ], [ -66.659436299999641, -17.712338300000052 ], [ -66.661402799999635, -17.711769700000051 ], [ -66.66614979999963, -17.71034410000005 ], [ -66.670189999999636, -17.709645600000052 ], [ -66.672195399999637, -17.709245900000052 ], [ -66.676539299999632, -17.708464200000051 ], [ -66.679803399999628, -17.707899900000051 ], [ -66.682197499999631, -17.70744140000005 ], [ -66.687139899999636, -17.704943200000052 ], [ -66.689416699999626, -17.703761800000052 ], [ -66.69284119999962, -17.70202180000005 ], [ -66.697228299999622, -17.69985870000005 ], [ -66.703923099999628, -17.696561 ], [ -66.70742789999963, -17.694938500000053 ], [ -66.715665199999634, -17.692904600000052 ], [ -66.725710499999636, -17.690447400000053 ], [ -66.731615499999634, -17.688971900000052 ], [ -66.734367399999641, -17.688272300000051 ], [ -66.74113619999963, -17.686696800000053 ], [ -66.744517599999625, -17.685785700000054 ], [ -66.750897699999626, -17.684216 ], [ -66.754291299999622, -17.683363600000057 ], [ -66.758351399999626, -17.682364200000055 ], [ -66.761239099999628, -17.681652900000056 ], [ -66.767742599999636, -17.680053900000058 ], [ -66.77274669999963, -17.678807500000058 ], [ -66.777318899999628, -17.677678800000059 ], [ -66.780780499999622, -17.676820400000061 ], [ -66.785809299999627, -17.675556500000059 ], [ -66.788462499999625, -17.674909800000059 ], [ -66.792726199999635, -17.673869200000059 ], [ -66.796304999999634, -17.672999100000059 ], [ -66.803536599999632, -17.671176500000058 ], [ -66.805850399999628, -17.670718 ], [ -66.809132999999619, -17.670024200000061 ], [ -66.812538999999617, -17.669283400000062 ], [ -66.819733599999608, -17.667478500000062 ], [ -66.820603599999615, -17.667172800000063 ], [ -66.823195199999617, -17.666496700000064 ], [ -66.831259799999614, -17.665056200000063 ], [ -66.834381899999613, -17.664480100000063 ], [ -66.83973159999961, -17.663521700000064 ], [ -66.844063099999616, -17.662728 ], [ -66.845895699999616, -17.662392900000064 ], [ -66.85081959999961, -17.661534500000066 ], [ -66.853608599999617, -17.661040600000067 ], [ -66.856181599999616, -17.660582 ], [ -66.860920399999628, -17.659723600000067 ], [ -66.864017899999624, -17.659176800000068 ], [ -66.866856299999625, -17.65863 ], [ -66.870336299999622, -17.658018500000068 ], [ -66.873773199999619, -17.657377600000068 ], [ -66.877611099999626, -17.656683800000067 ], [ -66.880103899999625, -17.656242900000066 ], [ -66.882491799999627, -17.655784300000064 ], [ -66.889525999999634, -17.654567200000066 ], [ -66.894425199999631, -17.653667600000066 ], [ -66.900478299999634, -17.652597400000065 ], [ -66.90747539999964, -17.652391700000063 ], [ -66.91118369999964, -17.652344600000063 ], [ -66.913115099999644, -17.652268200000062 ], [ -66.915175899999639, -17.652250500000061 ], [ -66.920081299999637, -17.652150600000063 ], [ -66.926010999999633, -17.652027100000065 ], [ -66.928972699999633, -17.651950700000064 ], [ -66.933224099999634, -17.651839 ], [ -66.939190799999636, -17.651721400000064 ], [ -66.942584399999632, -17.651627300000065 ], [ -66.944546599999626, -17.651574400000065 ], [ -66.953880699999615, -17.651434100000067 ], [ -66.955484999999626, -17.651381200000067 ], [ -66.96317319999963, -17.651146 ], [ -66.965764999999635, -17.652723600000066 ], [ -66.972088099999624, -17.656652400000066 ], [ -66.976886499999623, -17.659851800000066 ], [ -66.984571299999615, -17.666661600000065 ], [ -66.986700499999614, -17.66846580000006 ], [ -66.988851999999625, -17.670517800000059 ], [ -66.99341569999963, -17.674637600000057 ], [ -66.997848599999628, -17.678645 ], [ -67.001120899999634, -17.681521600000057 ], [ -67.002348699999629, -17.684836400000055 ], [ -67.003558099999637, -17.688034400000053 ], [ -67.00468109999963, -17.690894300000053 ], [ -67.006493799999632, -17.695679300000052 ], [ -67.007567499999624, -17.698489200000051 ], [ -67.009850499999629, -17.704437900000052 ], [ -67.01021479999963, -17.707226800000051 ], [ -67.010688199999635, -17.711967100000052 ], [ -67.011176799999646, -17.715882200000049 ], [ -67.011613099999636, -17.719880400000054 ], [ -67.012110499999636, -17.723903400000054 ], [ -67.012599199999642, -17.728001100000053 ], [ -67.012913299999639, -17.730918600000052 ], [ -67.013332199999638, -17.734625500000053 ], [ -67.013777199999637, -17.738199400000052 ], [ -67.014241799999695, -17.742332300000054 ], [ -67.014635799999695, -17.745691700000055 ], [ -67.015204299999695, -17.750441500000054 ], [ -67.015546699999689, -17.753505400000055 ], [ -67.015940799999683, -17.757159900000055 ], [ -67.016522199999685, -17.762026300000056 ], [ -67.01687749999968, -17.765459100000054 ], [ -67.017297399999677, -17.769187200000054 ], [ -67.017697899999675, -17.773192 ], [ -67.018078999999673, -17.776766100000057 ], [ -67.018550599999671, -17.781158300000058 ], [ -67.019041599999667, -17.785433500000057 ], [ -67.019474399999666, -17.789401 ], [ -67.019895199999667, -17.793289600000058 ], [ -67.020347399999665, -17.79743890000006 ], [ -67.020776799999666, -17.801240100000062 ], [ -67.021210799999665, -17.805319700000062 ], [ -67.02163249999974, -17.809261900000038 ], [ -67.022072899999742, -17.813154 ], [ -67.022121600000261, -17.813982900000013 ] ] } },
{ "type": "Feature", "properties": { "id": 208139326.0, "tags.power": "line", "Type": "Way", "Country": "BO", "Length": 124751.9414194166, "tags.cables": "3", "tags.voltage": "115000", "tags.circuits": null, "tags.frequency": "50" }, "geometry": { "type": "LineString", "coordinates": [ [ -66.1169524, -17.428626499999975 ], [ -66.116689399999473, -17.429157400000033 ], [ -66.114501499999534, -17.432457900000053 ], [ -66.113991499999514, -17.435138600000048 ], [ -66.11304039999952, -17.440149100000049 ], [ -66.112214599999518, -17.44467870000005 ], [ -66.111682199999521, -17.447476600000051 ], [ -66.111968199999524, -17.453836 ], [ -66.112112699999528, -17.458016 ], [ -66.112309899999531, -17.462449400000054 ], [ -66.112412899999526, -17.464720400000054 ], [ -66.115157699999529, -17.467175800000053 ], [ -66.120440699999534, -17.471990700000052 ], [ -66.122654399999533, -17.473980700000052 ], [ -66.127783799999534, -17.478615900000051 ], [ -66.131748099999513, -17.48220560000005 ], [ -66.134934999999516, -17.485043900000051 ], [ -66.138527799999522, -17.488291700000051 ], [ -66.140392499999521, -17.490021900000052 ], [ -66.143006599999524, -17.492353900000051 ], [ -66.147806499999518, -17.49669540000005 ], [ -66.150421699999498, -17.499098500000049 ], [ -66.153953999999501, -17.502241700000049 ], [ -66.157965199999495, -17.50588450000005 ], [ -66.160804599999494, -17.508495700000051 ], [ -66.163181999999495, -17.510537300000049 ], [ -66.164641199999494, -17.511574200000048 ], [ -66.17007659999949, -17.51541340000005 ], [ -66.172159299999493, -17.516939400000048 ], [ -66.175197499999499, -17.519003400000049 ], [ -66.179273400000014, -17.521959499999952 ], [ -66.181122399999495, -17.523300500000047 ], [ -66.185478599999499, -17.526370200000049 ], [ -66.188250399999504, -17.528334100000048 ], [ -66.191496899999507, -17.529785500000049 ], [ -66.195641299999522, -17.529084100000048 ], [ -66.198513499999521, -17.52927790000005 ], [ -66.202850699999516, -17.529556200000052 ], [ -66.207714699999514, -17.529894300000052 ], [ -66.212789899999507, -17.530251400000051 ], [ -66.21581329999951, -17.53086240000005 ], [ -66.215932199999955, -17.530874599999844 ], [ -66.219547799999503, -17.531552100000049 ], [ -66.224045299999503, -17.532501800000048 ], [ -66.227140499999507, -17.53311450000005 ], [ -66.231850399999502, -17.534056200000048 ], [ -66.235293299999498, -17.534718100000049 ], [ -66.238793099999498, -17.535438900000049 ], [ -66.243356499999493, -17.536341400000047 ], [ -66.246852499999505, -17.537018 ], [ -66.249870499999503, -17.537685900000049 ], [ -66.255390799999503, -17.537924400000048 ], [ -66.2592173999995, -17.538053400000049 ], [ -66.263611299999496, -17.538243300000047 ], [ -66.263997099999813, -17.538259600000064 ], [ -66.268395699999502, -17.538445600000049 ], [ -66.270652399999506, -17.538529100000048 ], [ -66.275741499999512, -17.540582200000049 ], [ -66.279168899999519, -17.541921700000049 ], [ -66.284177299999513, -17.543952200000049 ], [ -66.287495599999517, -17.54524670000005 ], [ -66.29220079999952, -17.547130500000048 ], [ -66.296921399999519, -17.548995400000049 ], [ -66.302705599999513, -17.55130480000005 ], [ -66.307370499999507, -17.553188600000052 ], [ -66.310925199999502, -17.553215300000051 ], [ -66.31569759999951, -17.552463300000053 ], [ -66.319398399999514, -17.551893500000052 ], [ -66.32583459999951, -17.550886700000039 ], [ -66.327684399999512, -17.55060680000004 ], [ -66.334694799999511, -17.555553 ], [ -66.337106999999534, -17.557227900000044 ], [ -66.347176499999534, -17.563680400000045 ], [ -66.350707699999532, -17.565723100000046 ], [ -66.358377599999528, -17.568911 ], [ -66.361405799999531, -17.574844600000045 ], [ -66.365552999999537, -17.582922 ], [ -66.371348399999533, -17.588748600000045 ], [ -66.373398199999528, -17.590622600000046 ], [ -66.377416799999523, -17.593411400000047 ], [ -66.382910099999521, -17.596856100000046 ], [ -66.384363599999517, -17.597742 ], [ -66.386882299999513, -17.599288400000045 ], [ -66.395546399999517, -17.602439100000044 ], [ -66.401351099999516, -17.600924900000045 ], [ -66.403815199999514, -17.600329600000045 ], [ -66.407986699999512, -17.602180700000044 ], [ -66.414115999999524, -17.605079700000044 ], [ -66.416787799999526, -17.606280800000043 ], [ -66.42470139999952, -17.609904800000042 ], [ -66.428516099999527, -17.611690600000042 ], [ -66.430792399999532, -17.612764400000042 ], [ -66.433309199999528, -17.616117600000042 ], [ -66.435186099999527, -17.618660400000042 ], [ -66.440278999999521, -17.625605200000042 ], [ -66.443263499999517, -17.629589200000041 ], [ -66.445576899999523, -17.632652300000039 ], [ -66.45096679999952, -17.63965040000004 ], [ -66.455084699999517, -17.64495330000004 ], [ -66.457437299999512, -17.647932200000039 ], [ -66.457946199999625, -17.651243800000053 ], [ -66.461707199999623, -17.65556360000005 ], [ -66.467527499999619, -17.660714700000053 ], [ -66.469844299999622, -17.662739300000052 ], [ -66.473091899999616, -17.665551 ], [ -66.47509429999954, -17.667336900000041 ], [ -66.478295799999543, -17.670168500000042 ], [ -66.482637099999536, -17.673905800000043 ], [ -66.484077899999605, -17.675224700000047 ], [ -66.489917899999597, -17.680323900000047 ], [ -66.495428499999534, -17.685125700000039 ], [ -66.497343899999535, -17.686751 ], [ -66.504462499999534, -17.692678400000041 ], [ -66.516649899999535, -17.697468100000041 ], [ -66.523853999999531, -17.69979160000004 ], [ -66.528147299999532, -17.70120920000004 ], [ -66.537340299999528, -17.70423930000004 ], [ -66.538828099999535, -17.70473390000004 ], [ -66.543627899999535, -17.70625340000004 ], [ -66.553718899999538, -17.703536900000042 ], [ -66.556585499999542, -17.701895100000041 ], [ -66.558396099999541, -17.70084350000004 ], [ -66.560957199999535, -17.699384600000041 ], [ -66.566624899999539, -17.69614250000004 ], [ -66.569172899999543, -17.69467930000004 ], [ -66.573668699999544, -17.691943400000039 ], [ -66.578956799999546, -17.689141700000039 ], [ -66.582159299999546, -17.68727120000004 ], [ -66.585405399999544, -17.685384 ], [ -66.591949999999542, -17.681634400000043 ], [ -66.596234499999539, -17.679140300000043 ], [ -66.600710999999535, -17.676662700000044 ], [ -66.607159599999534, -17.672962800000043 ], [ -66.610091599999549, -17.671291700000044 ], [ -66.612508699999552, -17.66986160000004 ], [ -66.616217299999548, -17.667741400000043 ], [ -66.626967399999572, -17.660778100000048 ], [ -66.629873199999579, -17.658899 ], [ -66.63643529999959, -17.654625 ], [ -66.645274799999598, -17.64886250000005 ], [ -66.649114299999596, -17.646426100000049 ], [ -66.650709399999599, -17.64538830000005 ], [ -66.655892399999601, -17.645117800000051 ], [ -66.659557599999602, -17.644923800000051 ], [ -66.668739999999602, -17.644453700000049 ], [ -66.670868699999602, -17.644347900000049 ], [ -66.672244699999595, -17.644259700000049 ], [ -66.681919799999591, -17.643742200000048 ], [ -66.686004499999598, -17.64354230000005 ], [ -66.690983899999594, -17.64330120000005 ], [ -66.693692699999602, -17.645665 ], [ -66.696481699999595, -17.648175700000049 ], [ -66.700054299999593, -17.651309700000049 ], [ -66.704897999999588, -17.655554900000048 ], [ -66.708822299999582, -17.659065 ], [ -66.71034639999958, -17.660411400000047 ], [ -66.714412599999548, -17.664039 ], [ -66.717925499999552, -17.667104600000044 ], [ -66.721843399999557, -17.670511700000041 ], [ -66.728556699999544, -17.671405300000043 ], [ -66.731481399999538, -17.671816900000042 ], [ -66.74176119999953, -17.673198500000044 ], [ -66.745706199999532, -17.672664300000044 ], [ -66.753073499999545, -17.671723600000043 ], [ -66.755954999999545, -17.671312100000044 ], [ -66.758916799999554, -17.670900600000042 ], [ -66.76176749999955, -17.670530200000041 ], [ -66.768690599999559, -17.669665900000041 ], [ -66.770837799999555, -17.669377800000042 ], [ -66.778902399999552, -17.668296100000042 ], [ -66.788247699999559, -17.667073500000043 ], [ -66.791118599999564, -17.666670200000045 ], [ -66.794499899999565, -17.666237800000044 ], [ -66.801947699999559, -17.665231800000043 ], [ -66.80530289999956, -17.664782800000044 ], [ -66.808557699999554, -17.664358700000044 ], [ -66.811899799999551, -17.663905600000046 ], [ -66.817851099999558, -17.663157200000047 ], [ -66.819462899999564, -17.662928100000048 ], [ -66.824692399999563, -17.662263400000047 ], [ -66.830250899999569, -17.661373700000048 ], [ -66.835360099999576, -17.660588 ], [ -66.836860899999579, -17.660375900000048 ], [ -66.840573899999583, -17.659744 ], [ -66.847799199999585, -17.658646400000048 ], [ -66.851752099999587, -17.65801450000005 ], [ -66.858063599999625, -17.656995500000068 ], [ -66.861463399999622, -17.656472200000067 ], [ -66.865517299999624, -17.655848900000066 ], [ -66.869281199999634, -17.655255100000065 ], [ -66.874519799999632, -17.654467200000067 ], [ -66.877543199999636, -17.653967400000067 ], [ -66.881060299999632, -17.653403 ], [ -66.886428499999639, -17.652556300000064 ], [ -66.889242099999635, -17.652121200000064 ], [ -66.893493499999622, -17.651456800000066 ], [ -66.896041799999622, -17.651392100000066 ], [ -66.902138099999632, -17.651292100000067 ], [ -66.906062399999627, -17.651198100000066 ], [ -66.908117099999629, -17.651133400000063 ], [ -66.913966599999625, -17.650933500000065 ], [ -66.916903599999628, -17.650927600000063 ], [ -66.921302999999625, -17.650786500000063 ], [ -66.929262699999626, -17.650639500000064 ], [ -66.933495599999631, -17.650604200000064 ], [ -66.938851399999635, -17.650463100000064 ], [ -66.942800399999641, -17.650410200000064 ], [ -66.944589799999648, -17.650304300000062 ], [ -66.953049299999648, -17.650175 ], [ -66.96134679999966, -17.649987700000061 ], [ -66.963395399999655, -17.650023 ], [ -66.970219699999632, -17.651869200000064 ], [ -66.972928499999639, -17.652563 ], [ -66.978518799999634, -17.654021200000066 ], [ -66.982696099999629, -17.655120700000065 ], [ -66.985608799999298, -17.65587789999994 ], [ -66.992699199999294, -17.657797299999938 ], [ -66.997347099999288, -17.663235399999937 ], [ -66.999102199999285, -17.665287699999936 ], [ -67.001192499999291, -17.667771799999937 ], [ -67.004882799999294, -17.672174399999935 ], [ -67.007703999999293, -17.675524599999935 ], [ -67.011266799999291, -17.679741299999936 ], [ -67.014070999999291, -17.683205399999935 ], [ -67.016661299999285, -17.686223799999933 ], [ -67.019694699999292, -17.689824399999932 ], [ -67.021664099999285, -17.692174199999933 ], [ -67.024691899999283, -17.695827 ], [ -67.027593699999287, -17.699225699999936 ], [ -67.029872399999292, -17.701965699999935 ], [ -67.032458399999285, -17.705030899999937 ], [ -67.035517299999285, -17.708590599999937 ], [ -67.038433400000358, -17.711753100000024 ] ] } },
{ "type": "Feature", "properties": { "id": 208140285.0, "tags.power": "line", "Type": "Way", "Country": "BO", "Length": 17716.073604952169, "tags.cables": "3", "tags.voltage": "69000", "tags.circuits": null, "tags.frequency": "50" }, "geometry": { "type": "LineString", "coordinates": [ [ -67.0439097, -17.969179599999972 ], [ -67.043813599999709, -17.968715700000036 ], [ -67.043803099999735, -17.965187200000038 ], [ -67.043796299999741, -17.961805900000051 ], [ -67.043789699999706, -17.958695900000031 ], [ -67.043793599999745, -17.955469700000052 ], [ -67.043790899999735, -17.952214700000038 ], [ -67.043790899999735, -17.948959300000038 ], [ -67.04378919999975, -17.945767200000052 ], [ -67.043782999999749, -17.942437700000053 ], [ -67.043766999999747, -17.940196700000055 ], [ -67.04378889999974, -17.937938900000052 ], [ -67.043766999999747, -17.934792800000054 ], [ -67.043755999999746, -17.931496 ], [ -67.043772299999745, -17.928181600000055 ], [ -67.043762999999743, -17.924872400000055 ], [ -67.043756599999739, -17.921567400000054 ], [ -67.043734299999741, -17.918263900000053 ], [ -67.043740099999738, -17.914963600000053 ], [ -67.043757499999742, -17.911641100000054 ], [ -67.046366300000116, -17.905871399999974 ], [ -67.047644100000127, -17.902939499999977 ], [ -67.04897990000012, -17.899916399999974 ], [ -67.050066000000115, -17.897432099999975 ], [ -67.051451200000116, -17.894406099999976 ], [ -67.052755100000113, -17.891526499999976 ], [ -67.054186700000116, -17.888351199999978 ], [ -67.055252500000108, -17.885941399999979 ], [ -67.0565244000001, -17.883045099999979 ], [ -67.0577325000001, -17.88028689999998 ], [ -67.059088600000095, -17.877343499999981 ], [ -67.060398300000102, -17.874436 ], [ -67.061702200000099, -17.871464899999982 ], [ -67.063009, -17.868587799999982 ], [ -67.064275100000103, -17.86569669999998 ], [ -67.065631200000098, -17.862672899999978 ], [ -67.066621500000096, -17.860486599999977 ], [ -67.06764370000009, -17.858300299999975 ], [ -67.068776200000087, -17.855599799999975 ], [ -67.070144, -17.852595199999975 ], [ -67.071485600000088, -17.849535299999975 ], [ -67.0741747000001, -17.843517499999972 ], [ -67.075632500000097, -17.840438099999972 ], [ -67.0783129000001, -17.834268 ], [ -67.0796512000001, -17.831291599999972 ], [ -67.080984100000109, -17.828319799999971 ], [ -67.082350100000113, -17.825228799999969 ] ] } },
{ "type": "Feature", "properties": { "id": 208144688.0, "tags.power": "line", "Type": "Way", "Country": "BO", "Length": 80977.97227335257, "tags.cables": "3", "tags.voltage": "115000", "tags.circuits": null, "tags.frequency": "50" }, "geometry": { "type": "LineString", "coordinates": [ [ -67.0445229, -17.969906399999978 ], [ -67.044505799999726, -17.970369500000036 ], [ -67.045062299999685, -17.973294800000051 ], [ -67.045663299999688, -17.976388800000052 ], [ -67.046505399999688, -17.979213300000051 ], [ -67.046146599999688, -17.982641600000051 ], [ -67.045731399999681, -17.986307100000051 ], [ -67.044968599999677, -17.98927420000005 ], [ -67.043717499999673, -17.991902900000049 ], [ -67.042737499999674, -17.99405 ], [ -67.040705199999678, -17.998395900000048 ], [ -67.039221299999681, -18.00156020000005 ], [ -67.037216999999686, -18.005838100000052 ], [ -67.035162999999685, -18.009774200000052 ], [ -67.033220699999688, -18.013465600000053 ], [ -67.031315199999497, -18.017094600000092 ], [ -67.029252699999503, -18.020948400000094 ], [ -67.02727659999951, -18.024682 ], [ -67.02531019999951, -18.028449 ], [ -67.023270099999507, -18.032332800000095 ], [ -67.021315999999501, -18.036033400000093 ], [ -67.019316799999501, -18.039831300000092 ], [ -67.017354499999499, -18.043555200000092 ], [ -67.015236599999497, -18.047613900000094 ], [ -67.013401299999501, -18.051072700000095 ], [ -67.012008399999502, -18.056397100000094 ], [ -67.010836699999501, -18.060662 ], [ -67.009697899999495, -18.064938400000091 ], [ -67.008575399999501, -18.069284900000092 ], [ -67.007411899999497, -18.073631200000094 ], [ -67.006211599999503, -18.078094300000092 ], [ -67.005056399999503, -18.082471600000094 ], [ -67.003913399999504, -18.086809800000093 ], [ -67.002766299999507, -18.091089500000095 ], [ -67.001664299999504, -18.095279500000096 ], [ -67.000533699999508, -18.099422700000098 ], [ -66.999378399999514, -18.103783900000099 ], [ -66.998235399999515, -18.108191700000098 ], [ -66.997010499999519, -18.1127356000001 ], [ -66.996153899999513, -18.115926600000101 ], [ -66.995029899999523, -18.120100400000101 ], [ -66.994363699999525, -18.122655300000105 ], [ -66.993089099999523, -18.127517100000102 ], [ -66.988784499999525, -18.132747700000102 ], [ -66.985690699999523, -18.136541200000103 ], [ -66.983650699999515, -18.139088800000103 ], [ -66.981121999999516, -18.142105700000101 ], [ -66.978619799999507, -18.145209100000102 ], [ -66.976133099999501, -18.148230000000105 ], [ -66.973343299999499, -18.151636200000105 ], [ -66.970545299999515, -18.155077400000106 ], [ -66.967884399999505, -18.158280700000109 ], [ -66.964880299999507, -18.161034100000109 ], [ -66.961561999999503, -18.164089700000105 ], [ -66.958231399999505, -18.167145300000101 ], [ -66.954802499999502, -18.170232000000102 ], [ -66.951285799999496, -18.173485200000101 ], [ -66.947995099999503, -18.176512700000103 ], [ -66.944600099999505, -18.179617200000102 ], [ -66.941732299999501, -18.182204200000101 ], [ -66.938644299999496, -18.185038900000102 ], [ -66.935411499999489, -18.188027600000101 ], [ -66.932109199999488, -18.1910108000001 ], [ -66.928783699999485, -18.194076500000101 ], [ -66.925579899999491, -18.197065100000099 ], [ -66.922613599999494, -18.199811400000097 ], [ -66.918129399999501, -18.203955700000098 ], [ -66.915916199999501, -18.205997500000098 ], [ -66.9124400999995, -18.2101416000001 ], [ -66.910991699999499, -18.2119852000001 ], [ -66.907399699999502, -18.216255800000102 ], [ -66.904972199999506, -18.219210900000103 ], [ -66.901356599999502, -18.219901900000103 ], [ -66.897128799999507, -18.220687900000105 ], [ -66.895243399999501, -18.221060700000102 ], [ -66.890311999999511, -18.220730400000104 ], [ -66.885136999999503, -18.220443300000102 ], [ -66.881424699999499, -18.220191100000104 ], [ -66.877786399999508, -18.220554300000103 ], [ -66.874570999999506, -18.220780800000103 ], [ -66.870280999999494, -18.2211457000001 ], [ -66.866723799999491, -18.221431800000101 ], [ -66.861063499999489, -18.221921600000101 ], [ -66.856373699999494, -18.222332600000101 ], [ -66.852735899999487, -18.222655500000101 ], [ -66.850312999999488, -18.222827000000102 ], [ -66.848559699999484, -18.223504100000103 ], [ -66.843217599999491, -18.225543100000102 ], [ -66.840472899999497, -18.226585900000103 ], [ -66.837268799999492, -18.227842700000103 ], [ -66.831906299999488, -18.229889400000104 ], [ -66.827022899999491, -18.230670600000103 ], [ -66.822897899999489, -18.231386000000104 ], [ -66.81844419999949, -18.232081600000104 ], [ -66.816839399999495, -18.233182100000104 ], [ -66.81445249999949, -18.234849400000105 ], [ -66.810895299999487, -18.237281500000105 ], [ -66.808328699999493, -18.239086400000105 ], [ -66.806497999999493, -18.240346400000103 ], [ -66.802276099999503, -18.241407500000104 ], [ -66.799753599999505, -18.241983500000103 ], [ -66.793840499999504, -18.242733700000102 ], [ -66.790134299999508, -18.245014100000102 ], [ -66.785382299999512, -18.248112900000102 ], [ -66.779383699999514, -18.251783600000103 ], [ -66.777402999999509, -18.257255900000104 ], [ -66.776313399999509, -18.260336700000103 ], [ -66.775165699999505, -18.263651200000101 ], [ -66.774254699999503, -18.266190400000102 ], [ -66.772586499999505, -18.270886800000103 ], [ -66.770632799999504, -18.276324500000104 ], [ -66.769390499999503, -18.279799100000105 ], [ -66.767142499999508, -18.286124000000104 ], [ -66.765935699999503, -18.289595300000105 ], [ -66.764030799999503, -18.294807800000104 ], [ -66.762220599999509, -18.299986400000105 ], [ -66.759783199999504, -18.306861000000104 ], [ -66.757807399999507, -18.312421100000105 ], [ -66.7564940999995, -18.316228800000104 ], [ -66.754683799999498, -18.321496600000103 ], [ -66.754163199999496, -18.322889400000104 ], [ -66.751134399999501, -18.325034600000105 ], [ -66.747880699999499, -18.327505600000105 ], [ -66.744910899999496, -18.329662000000106 ], [ -66.742059499999499, -18.331717300000104 ], [ -66.740485899999499, -18.334109500000103 ], [ -66.7371375999995, -18.339432900000105 ], [ -66.731198099999503, -18.346743900000106 ], [ -66.7290447999995, -18.349248200000105 ], [ -66.726867799999496, -18.351584100000103 ], [ -66.724667099999493, -18.354054600000104 ], [ -66.721567199999498, -18.355930000000104 ], [ -66.714657599999498, -18.358737300000104 ], [ -66.711356599999505, -18.361365000000106 ], [ -66.707771599999504, -18.364138600000107 ], [ -66.704151099999507, -18.367035700000105 ], [ -66.700211199999501, -18.370022500000104 ], [ -66.695620499999507, -18.373660600000104 ], [ -66.645809799999512, -18.387317000000102 ], [ -66.641353199999514, -18.388938300000103 ], [ -66.640131599999521, -18.389390200000104 ], [ -66.636335099999513, -18.393126100000103 ], [ -66.63444199999951, -18.394378000000103 ], [ -66.632939399999515, -18.395371500000103 ], [ -66.627692099999521, -18.395702700000104 ], [ -66.621062199999528, -18.396047800000105 ], [ -66.619360899999535, -18.396145000000104 ], [ -66.613610099999534, -18.396463500000102 ], [ -66.610853299999533, -18.396603800000104 ], [ -66.607729799999532, -18.397417800000103 ], [ -66.603979199999529, -18.398344000000101 ], [ -66.601293399999534, -18.398983900000101 ], [ -66.597720299999537, -18.399848400000099 ], [ -66.593484599999542, -18.400943 ], [ -66.590147999999544, -18.402778500000096 ], [ -66.588225399999544, -18.403817 ], [ -66.585184699999544, -18.405478500000097 ], [ -66.582240699999545, -18.406994800000096 ], [ -66.579838899999544, -18.408280200000096 ], [ -66.576666599999541, -18.410008300000101 ], [ -66.576257899999987, -18.410281499999975 ] ] } },
{ "type": "Feature", "properties": { "id": 208145255.0, "tags.power": "line", "Type": "Way", "Country": "BO", "Length": 9589.9253514810171, "tags.cables": "3", "tags.voltage": "69000", "tags.circuits": null, "tags.frequency": "50" }, "geometry": { "type": "LineString", "coordinates": [ [ -67.0439356, -17.969893399999975 ], [ -67.043905899999729, -17.970366300000038 ], [ -67.043815599999675, -17.971588700000051 ], [ -67.043855999999678, -17.974502400000052 ], [ -67.044017799999679, -17.977675800000053 ], [ -67.044497299999676, -17.978670100000052 ], [ -67.04583059999969, -17.98153370000005 ], [ -67.047018299999536, -17.983919 ], [ -67.048015999999521, -17.985932200000093 ], [ -67.049215599999513, -17.988355300000091 ], [ -67.050721799999494, -17.99139720000009 ], [ -67.052196899999501, -17.994392100000091 ], [ -67.0588096999995, -17.99330790000009 ], [ -67.065180899999504, -17.992223900000091 ], [ -67.068360999999499, -17.991722 ], [ -67.071572399999496, -17.99119590000009 ], [ -67.074749699999501, -17.990656200000089 ], [ -67.077924099999507, -17.990116600000089 ], [ -67.081121299999509, -17.98960930000009 ], [ -67.084287199999508, -17.989058900000089 ], [ -67.087447499999513, -17.98853280000009 ], [ -67.089728399999515, -17.988200900000091 ], [ -67.092565199999513, -17.987504700000091 ], [ -67.095688599999519, -17.986781600000093 ], [ -67.098873199999517, -17.985986100000094 ], [ -67.101887199999524, -17.985273300000092 ], [ -67.105041799999526, -17.98452590000009 ], [ -67.107722599999533, -17.983883700000092 ], [ -67.10923179999952, -17.983543700000094 ], [ -67.109590900000242, -17.98345879999987 ] ] } },
{ "type": "Feature", "properties": { "id": 208238908.0, "tags.power": "line", "Type": "Way", "Country": "BO", "Length": 2705.2600123271704, "tags.cables": "3", "tags.voltage": "115000", "tags.circuits": null, "tags.frequency": "50" }, "geometry": { "type": "LineString", "coordinates": [ [ -66.114418699999561, -17.405091300000059 ], [ -66.114408999999426, -17.412375200000032 ], [ -66.115122999999429, -17.415735 ], [ -66.116349999999429, -17.422081400000032 ], [ -66.116972699999437, -17.425392200000033 ], [ -66.117455699999482, -17.427617100000035 ], [ -66.1172743, -17.427962399999977 ] ] } },
{ "type": "Feature", "properties": { "id": 208238909.0, "tags.power": "line", "Type": "Way", "Country": "BO", "Length": 53096.022968872574, "tags.cables": "3", "tags.voltage": "230000", "tags.circuits": null, "tags.frequency": "50" }, "geometry": { "type": "LineString", "coordinates": [ [ -65.823037600000021, -17.191866299999894 ], [ -65.822673000000108, -17.192521799999916 ], [ -65.825621800000107, -17.192514899999907 ], [ -65.829630500000107, -17.192359699999916 ], [ -65.834790199999972, -17.193030799999899 ], [ -65.841599100000067, -17.1938987999999 ], [ -65.844170300000101, -17.194248 ], [ -65.845870200000036, -17.194485799999896 ], [ -65.852618699999482, -17.196763 ], [ -65.853975599999487, -17.198071300000027 ], [ -65.855482699999484, -17.199510900000028 ], [ -65.861021499999481, -17.204761200000029 ], [ -65.863876099999487, -17.20960270000003 ], [ -65.86611629999949, -17.213502400000031 ], [ -65.867783299999488, -17.216535 ], [ -65.868173799999397, -17.218386700000146 ], [ -65.868644899999495, -17.220620900000032 ], [ -65.868344799999505, -17.226220800000032 ], [ -65.8677483999994, -17.230014800000145 ], [ -65.870821099999574, -17.235244600000051 ], [ -65.871777099999406, -17.236890200000147 ], [ -65.874118599999576, -17.240920900000052 ], [ -65.875219499999574, -17.242449700000051 ], [ -65.875811599999579, -17.243273700000053 ], [ -65.877681999999581, -17.247515100000054 ], [ -65.879080099999584, -17.250640600000054 ], [ -65.880405499999583, -17.253909 ], [ -65.88137289999959, -17.256625600000053 ], [ -65.883300099999587, -17.260502 ], [ -65.88255609999959, -17.262318 ], [ -65.88144399999959, -17.265346700000055 ], [ -65.879476099999593, -17.270524500000054 ], [ -65.8762638999996, -17.279573900000052 ], [ -65.875219799999599, -17.282687800000051 ], [ -65.8737983999996, -17.286736600000051 ], [ -65.872220999999598, -17.290939900000051 ], [ -65.871531299999603, -17.29298430000005 ], [ -65.871266299999604, -17.296521 ], [ -65.871018199999611, -17.300228 ], [ -65.870806199999606, -17.303151300000049 ], [ -65.870594099999607, -17.305916800000048 ], [ -65.8703502999996, -17.308568800000049 ], [ -65.875283999999539, -17.315600400000054 ], [ -65.877769999999543, -17.319204800000055 ], [ -65.879695199999546, -17.321981700000055 ], [ -65.881866299999544, -17.325090600000056 ], [ -65.88478689999954, -17.329292900000056 ], [ -65.886859499999545, -17.332302900000055 ], [ -65.889908699999552, -17.336679100000055 ], [ -65.891501899999554, -17.338889600000055 ], [ -65.892945199999559, -17.341055200000056 ], [ -65.896571199999556, -17.346281300000058 ], [ -65.898157299999554, -17.348552200000057 ], [ -65.901210699999552, -17.352988700000058 ], [ -65.903093699999559, -17.355636 ], [ -65.905120799999565, -17.358590900000056 ], [ -65.908017399999565, -17.362776300000057 ], [ -65.910591599999563, -17.366451500000057 ], [ -65.911787499999562, -17.368232500000058 ], [ -65.914980999999557, -17.372818300000059 ], [ -65.916991099999564, -17.37567580000006 ], [ -65.919815599999566, -17.379759500000059 ], [ -65.921477999999567, -17.382191900000059 ], [ -65.923369499999566, -17.383535600000059 ], [ -65.926842799999562, -17.385955800000058 ], [ -65.929484899999565, -17.387853900000056 ], [ -65.932538299999564, -17.390007 ], [ -65.935545099999558, -17.392111500000059 ], [ -65.938373799999553, -17.394110700000059 ], [ -65.939938699999558, -17.39516690000006 ], [ -65.944586799999556, -17.398461100000059 ], [ -65.950783099999555, -17.402853700000058 ], [ -65.95560579999956, -17.406226100000058 ], [ -65.960121799999555, -17.40940770000006 ], [ -65.962013199999561, -17.410731 ], [ -65.964583199999566, -17.41291210000006 ], [ -65.96907009999957, -17.416691500000059 ], [ -65.971724899999572, -17.41893730000006 ], [ -65.974129499999577, -17.420944300000059 ], [ -65.976886099999575, -17.423311500000057 ], [ -65.980087999999583, -17.425994200000058 ], [ -65.982937899999584, -17.428405700000059 ], [ -65.985471099999572, -17.430538600000059 ], [ -65.98857549999957, -17.433167900000058 ], [ -65.99091459999957, -17.435142 ], [ -65.993421599999564, -17.437230500000055 ], [ -65.995676699999564, -17.439164500000054 ], [ -65.998680599999574, -17.441670200000051 ], [ -66.002286599999579, -17.442343600000051 ], [ -66.006610799999578, -17.443150300000049 ], [ -66.011744699999582, -17.44407730000005 ], [ -66.015445199999576, -17.444729500000051 ], [ -66.019403599999578, -17.444025800000048 ], [ -66.023313999999573, -17.443293400000048 ], [ -66.027008499999582, -17.44263540000005 ], [ -66.030756899999574, -17.441954500000051 ], [ -66.034073599999573, -17.441336500000052 ], [ -66.038055999999571, -17.440615600000051 ], [ -66.041660499999566, -17.439940400000051 ], [ -66.045240999999564, -17.439196600000052 ], [ -66.051868299999569, -17.437577300000054 ], [ -66.055570099999571, -17.436661500000056 ], [ -66.059063199999571, -17.435816100000057 ], [ -66.062802099999573, -17.434928100000057 ], [ -66.065320799999569, -17.434258500000059 ], [ -66.068349599999564, -17.433526100000059 ], [ -66.074898899999567, -17.431889600000058 ], [ -66.082254499999578, -17.429461 ], [ -66.087357099999579, -17.427503300000058 ], [ -66.09303059999958, -17.425640500000057 ], [ -66.099562099999432, -17.423246100000032 ], [ -66.10521839999943, -17.42134710000003 ], [ -66.111570899999435, -17.42084330000003 ], [ -66.113923899999435, -17.422788300000033 ], [ -66.116649099999435, -17.42651530000003 ], [ -66.116693399999477, -17.427212700000037 ], [ -66.1165514, -17.427522399999976 ] ] } },
{ "type": "Feature", "properties": { "id": 208238980.0, "tags.power": "line", "Type": "Way", "Country": "BO", "Length": 5703.9274618405243, "tags.cables": "3", "tags.voltage": "115000", "tags.circuits": null, "tags.frequency": "50" }, "geometry": { "type": "LineString", "coordinates": [ [ -66.114624399999485, -17.38082739999998 ], [ -66.114833199999424, -17.381034600000039 ], [ -66.11906799999943, -17.388396200000038 ], [ -66.121148999999448, -17.394614400000034 ], [ -66.120997999999446, -17.399734 ], [ -66.120471899999444, -17.402793100000036 ], [ -66.119311199999444, -17.409881500000036 ], [ -66.119089799999443, -17.412567800000037 ], [ -66.118819799999443, -17.416901 ], [ -66.118737199999444, -17.419134900000039 ], [ -66.11795859999944, -17.425093700000037 ], [ -66.117626199999478, -17.427692600000036 ], [ -66.1174381, -17.428039499999976 ] ] } },
{ "type": "Feature", "properties": { "id": 208240116.0, "tags.power": "line", "Type": "Way", "Country": "BO", "Length": 40721.694871878404, "tags.cables": null, "tags.voltage": "115000", "tags.circuits": null, "tags.frequency": "50" }, "geometry": { "type": "LineString", "coordinates": [ [ -65.8753431, -17.212489299999977 ], [ -65.875326699999519, -17.21341670000005 ], [ -65.87737949999952, -17.21804290000005 ], [ -65.879936400000219, -17.218623500000088 ], [ -65.884558299999526, -17.21961860000005 ], [ -65.88774749999952, -17.221451400000049 ], [ -65.893818999999482, -17.224890300000052 ], [ -65.896668599999487, -17.226184800000052 ], [ -65.898937099999486, -17.228030200000052 ], [ -65.899922099999486, -17.231551400000054 ], [ -65.900712999999485, -17.234383900000054 ], [ -65.901412399999487, -17.236900700000053 ], [ -65.902870999999493, -17.239070400000053 ], [ -65.904770899999491, -17.242005800000051 ], [ -65.90546149999949, -17.244695700000051 ], [ -65.905243899999462, -17.250341800000047 ], [ -65.905202399999467, -17.252745400000048 ], [ -65.905163299999472, -17.256007400000048 ], [ -65.905181699999474, -17.258193 ], [ -65.905536599999479, -17.261256800000048 ], [ -65.905843199999481, -17.263994800000049 ], [ -65.906384799999486, -17.268552900000049 ], [ -65.906983999999483, -17.271163100000049 ], [ -65.90757169999948, -17.273647800000049 ], [ -65.908094899999483, -17.27571 ], [ -65.910952899999486, -17.278238700000049 ], [ -65.9111635, -17.278307899999941 ], [ -65.913550299999486, -17.279092600000048 ], [ -65.916682499999482, -17.280076400000048 ], [ -65.919434499999483, -17.282528 ], [ -65.920268799999477, -17.28459660000005 ], [ -65.92157329999948, -17.287677600000052 ], [ -65.922642699999486, -17.290221500000051 ], [ -65.921312799999484, -17.29401760000005 ], [ -65.919334999999464, -17.299365100000045 ], [ -65.918194199999462, -17.302800800000046 ], [ -65.917190299999461, -17.305063100000048 ], [ -65.918602399999486, -17.308303200000051 ], [ -65.919629299999471, -17.310664 ], [ -65.92121009999947, -17.314381700000048 ], [ -65.926449999999477, -17.317453900000046 ], [ -65.928793999999471, -17.318887800000045 ], [ -65.933834299999475, -17.321025 ], [ -65.936781499999469, -17.324232800000043 ], [ -65.937493999999475, -17.324951600000045 ], [ -65.940940199999474, -17.330572700000047 ], [ -65.943047199999469, -17.336112 ], [ -65.944874899999476, -17.339657800000047 ], [ -65.947479599999483, -17.341057100000047 ], [ -65.948362099999486, -17.341544 ], [ -65.949437599999484, -17.342125200000044 ], [ -65.95152599999949, -17.346769400000046 ], [ -65.953500799999489, -17.348959500000046 ], [ -65.956235899999484, -17.351960100000046 ], [ -65.95767289999948, -17.353498400000046 ], [ -65.960664399999473, -17.354924700000044 ], [ -65.962132899999474, -17.355626900000043 ], [ -65.96427419999948, -17.356632400000045 ], [ -65.966124099999476, -17.357502200000045 ], [ -65.96836109999947, -17.358551400000046 ], [ -65.972045099999477, -17.360282500000046 ], [ -65.97475749999947, -17.361557600000047 ], [ -65.975411299999465, -17.362898700000049 ], [ -65.976556899999466, -17.365125900000049 ], [ -65.979689799999463, -17.371161400000048 ], [ -65.981045999999466, -17.373325100000049 ], [ -65.982971099999475, -17.376336299999988 ], [ -65.983916799999463, -17.377815500000047 ], [ -65.98833679999953, -17.383968400000018 ], [ -65.993318899999537, -17.386777700000017 ], [ -65.994878699999532, -17.387657500000017 ], [ -65.996447399999468, -17.388542200000046 ], [ -66.000154199999457, -17.387889400000045 ], [ -66.001684899999461, -17.387659300000045 ], [ -66.006091999999455, -17.386899500000045 ], [ -66.00908059999945, -17.386391100000044 ], [ -66.012523399999452, -17.38584 ], [ -66.014586799999449, -17.385508200000043 ], [ -66.020182599999444, -17.384582500000043 ], [ -66.024612199999439, -17.383865500000041 ], [ -66.029888399999436, -17.383022700000041 ], [ -66.032412699999441, -17.382596300000042 ], [ -66.03783319999944, -17.381723700000041 ], [ -66.040795599999441, -17.381258400000043 ], [ -66.043368099999441, -17.380138300000041 ], [ -66.045877799999445, -17.379105300000042 ], [ -66.048304099999442, -17.378079 ], [ -66.053707199999451, -17.377786300000043 ], [ -66.057525599999451, -17.37756960000004 ], [ -66.060230999999447, -17.377885300000042 ], [ -66.062717799999447, -17.378176900000042 ], [ -66.065899799999443, -17.378564900000043 ], [ -66.068696699999435, -17.378954300000043 ], [ -66.070417499999252, -17.3791233 ], [ -66.071071899999438, -17.379211100000042 ], [ -66.073610199999436, -17.378877 ], [ -66.076384999999448, -17.378514100000043 ], [ -66.079236199999443, -17.378139500000042 ], [ -66.082157499999454, -17.377773100000041 ], [ -66.084607799999446, -17.377454500000042 ], [ -66.087156199999441, -17.377133500000042 ], [ -66.089738299999439, -17.376801700000041 ], [ -66.092642799999439, -17.376432500000039 ], [ -66.095572099999444, -17.376059 ], [ -66.098150299999446, -17.375715500000041 ], [ -66.101274499999434, -17.375323300000041 ], [ -66.104546899999434, -17.37488880000004 ], [ -66.106750199999439, -17.375453200000042 ], [ -66.108956299999448, -17.37600790000004 ], [ -66.11089939999944, -17.377203 ], [ -66.112903899999452, -17.378426300000044 ], [ -66.114543899999433, -17.380272400000038 ] ] } },
{ "type": "Feature", "properties": { "id": 208279295.0, "tags.power": "line", "Type": "Way", "Country": "BO", "Length": 41409.425744679051, "tags.cables": "3", "tags.voltage": "115000", "tags.circuits": null, "tags.frequency": "50" }, "geometry": { "type": "LineString", "coordinates": [ [ -65.873705799999527, -17.213615700000052 ], [ -65.871760299999494, -17.217397200000033 ], [ -65.871249399999499, -17.218756200000033 ], [ -65.870378299999501, -17.219972500000033 ], [ -65.868900999999397, -17.221505300000146 ], [ -65.868853199999506, -17.226606300000032 ], [ -65.868795999999406, -17.228890500000144 ], [ -65.872527599999401, -17.233031100000147 ], [ -65.873369299999581, -17.23568 ], [ -65.874113999999409, -17.238096700000145 ], [ -65.875699599999407, -17.241976600000147 ], [ -65.877517499999584, -17.245962100000053 ], [ -65.878322899999574, -17.247846400000054 ], [ -65.879603199999579, -17.250603 ], [ -65.88091109999958, -17.253784 ], [ -65.881855499999588, -17.256290900000053 ], [ -65.883994899999593, -17.260576600000054 ], [ -65.883374299999616, -17.26255450000005 ], [ -65.882784799999612, -17.264361400000048 ], [ -65.882020999999611, -17.266189700000048 ], [ -65.880782599999606, -17.269917500000048 ], [ -65.879341499999612, -17.274655400000047 ], [ -65.878619799999612, -17.276552800000047 ], [ -65.87731359999961, -17.280499100000046 ], [ -65.877928499999612, -17.281784800000047 ], [ -65.879402199999618, -17.284892800000048 ], [ -65.880829299999618, -17.287958100000047 ], [ -65.880808099999612, -17.290576 ], [ -65.880795399999613, -17.292143 ], [ -65.880742299999611, -17.293621 ], [ -65.880730199999604, -17.298518900000047 ], [ -65.8819555999996, -17.305037700000046 ], [ -65.885737499999607, -17.309182800000045 ], [ -65.889234899999607, -17.313123300000044 ], [ -65.891234599999606, -17.315409500000044 ], [ -65.89468669999961, -17.319328600000045 ], [ -65.89789279999961, -17.321555300000046 ], [ -65.90126429999961, -17.323207100000047 ], [ -65.904830999999604, -17.325033 ], [ -65.907142199999598, -17.326154400000046 ], [ -65.910157499999599, -17.327696900000046 ], [ -65.912299199999595, -17.329530800000047 ], [ -65.915696199999601, -17.332490200000048 ], [ -65.917053299999608, -17.333627800000048 ], [ -65.923622399999601, -17.336036500000048 ], [ -65.928376499999601, -17.34083360000005 ], [ -65.929669999999604, -17.34211690000005 ], [ -65.935450299999601, -17.347881300000051 ], [ -65.939840199999608, -17.349749600000052 ], [ -65.945951699999611, -17.35232 ], [ -65.952063199999614, -17.354855900000054 ], [ -65.954377599999532, -17.355866600000017 ], [ -65.95674139999953, -17.356863300000018 ], [ -65.958998799999534, -17.35780040000002 ], [ -65.96001499999953, -17.358985100000019 ], [ -65.961002999999536, -17.360137 ], [ -65.962747599999531, -17.362123 ], [ -65.964001699999528, -17.363534500000018 ], [ -65.965195599999532, -17.36494830000002 ], [ -65.967002599999532, -17.36701170000002 ], [ -65.970128799999529, -17.37062610000002 ], [ -65.972547399999527, -17.372098800000021 ], [ -65.976343699999532, -17.376252500000021 ], [ -65.977931599999536, -17.37799710000002 ], [ -65.980498599999535, -17.380816900000021 ], [ -65.983788999999533, -17.382135900000019 ], [ -65.98586489999947, -17.384545400000047 ], [ -65.988886099999476, -17.386721 ], [ -65.991060799999474, -17.388320700000047 ], [ -65.994372299999526, -17.390694700000019 ], [ -65.995771199999524, -17.391714100000019 ], [ -65.997838099999527, -17.393203600000021 ], [ -66.001221099999526, -17.39296640000002 ], [ -66.004173899999529, -17.392800300000019 ], [ -66.006231999999486, -17.392684400000025 ], [ -66.008849699999487, -17.392519800000024 ], [ -66.012296499999493, -17.392319400000023 ], [ -66.015760899999492, -17.391399500000023 ], [ -66.018508999999497, -17.390667400000023 ], [ -66.021111199999496, -17.389983800000024 ], [ -66.024381099999502, -17.389112500000024 ], [ -66.026423899999784, -17.388561600000155 ], [ -66.030507399999507, -17.387460500000024 ], [ -66.036358099999504, -17.385879 ], [ -66.040263899999502, -17.384814700000025 ], [ -66.043209399999512, -17.384033600000024 ], [ -66.046163199999526, -17.383248900000023 ], [ -66.049257099999537, -17.382462 ], [ -66.051991799999527, -17.382689800000023 ], [ -66.055321699999524, -17.383044900000023 ], [ -66.058485799999531, -17.383358200000021 ], [ -66.061978299999524, -17.383704300000023 ], [ -66.064920499999516, -17.384017600000025 ], [ -66.068226299999509, -17.384367 ], [ -66.071376999999501, -17.384671100000023 ], [ -66.076722699999507, -17.385236400000025 ], [ -66.077758299999871, -17.3850993 ], [ -66.079871299999496, -17.384819500000024 ], [ -66.083096899999504, -17.384435500000023 ], [ -66.085894799999508, -17.384106600000024 ], [ -66.088801599999528, -17.383734200000024 ], [ -66.091658499999525, -17.383382600000022 ], [ -66.094658599999519, -17.383052800000023 ], [ -66.097795799999531, -17.382632900000022 ], [ -66.100828799999533, -17.38223050000002 ], [ -66.104397799999532, -17.381817800000022 ], [ -66.107107299999527, -17.381497300000021 ], [ -66.109337100000275, -17.381233900000129 ], [ -66.109416200000268, -17.381223200000129 ], [ -66.109831999999528, -17.381166900000022 ], [ -66.113197599999523, -17.380757 ], [ -66.114294299999514, -17.380596299999972 ] ] } },
{ "type": "Feature", "properties": { "id": 208345284.0, "tags.power": "line", "Type": "Way", "Country": "BO", "Length": 9478.8466978575361, "tags.cables": null, "tags.voltage": null, "tags.circuits": null, "tags.frequency": null }, "geometry": { "type": "LineString", "coordinates": [ [ -67.002704099999519, -18.1185723000001 ], [ -67.00181299999953, -18.120351600000102 ], [ -67.000868799999523, -18.122230200000104 ], [ -66.99958039999953, -18.123725300000103 ], [ -66.998218199999528, -18.125255400000103 ], [ -66.996876599999524, -18.126732900000103 ], [ -66.995502099999527, -18.128235700000101 ], [ -66.994182999999524, -18.129689900000102 ], [ -66.992777899999524, -18.131241800000101 ], [ -66.990007499999521, -18.134307100000104 ], [ -66.988477399999525, -18.135958500000104 ], [ -66.987086499999521, -18.137527400000103 ], [ -66.985606199999509, -18.139163000000103 ], [ -66.984085399999515, -18.140847700000101 ], [ -66.982552999999513, -18.142526900000103 ], [ -66.980381299999507, -18.144886000000103 ], [ -66.979529199999504, -18.145839700000103 ], [ -66.977964299999499, -18.147517600000103 ], [ -66.976464899999499, -18.149203200000105 ], [ -66.974924599999497, -18.150861500000104 ], [ -66.973474399999503, -18.152488700000106 ], [ -66.97206919999951, -18.154057500000107 ], [ -66.970729599999515, -18.155505600000108 ], [ -66.969375599999509, -18.156933800000107 ], [ -66.968085199999507, -18.158401300000108 ], [ -66.966540699999513, -18.160106300000109 ], [ -66.965060599999504, -18.161754200000107 ], [ -66.963572499999501, -18.163439200000106 ], [ -66.962087799999509, -18.165121400000103 ], [ -66.96033559999951, -18.167106500000102 ], [ -66.957702600000275, -18.170129 ], [ -66.956216300000278, -18.171762800000092 ], [ -66.954772200000278, -18.173467800000093 ], [ -66.953405800000283, -18.175001800000093 ], [ -66.949989800000282, -18.177969200000092 ], [ -66.948422000000278, -18.180618600000091 ] ] } },
{ "type": "Feature", "properties": { "id": 208406050.0, "tags.power": "line", "Type": "Way", "Country": "BO", "Length": 69567.158713528013, "tags.cables": "3", "tags.voltage": "115000", "tags.circuits": null, "tags.frequency": "50" }, "geometry": { "type": "LineString", "coordinates": [ [ -66.576147, -18.410128099999977 ], [ -66.576562399999546, -18.409762400000098 ], [ -66.57833549999954, -18.402229400000095 ], [ -66.578625499999546, -18.400469800000096 ], [ -66.57704289999954, -18.397973600000096 ], [ -66.576052199999538, -18.396586500000097 ], [ -66.574151299999542, -18.394020100000098 ], [ -66.57111309999955, -18.389827800000106 ], [ -66.566442399999545, -18.383516100000104 ], [ -66.564116999999541, -18.380248700000106 ], [ -66.560019199999545, -18.374742400000105 ], [ -66.556222199999539, -18.369432800000105 ], [ -66.551649199999545, -18.363151000000105 ], [ -66.548276499999545, -18.358501500000106 ], [ -66.545088699999539, -18.353961000000105 ], [ -66.541922499999544, -18.349790900000105 ], [ -66.540797299999539, -18.348250900000107 ], [ -66.538638199999539, -18.343766300000105 ], [ -66.537124799999546, -18.340566200000104 ], [ -66.535454399999551, -18.339013800000103 ], [ -66.530954399999544, -18.334778900000099 ], [ -66.528078899999542, -18.3307937000001 ], [ -66.526829799999547, -18.325501000000102 ], [ -66.526186299999551, -18.322486400000102 ], [ -66.525540799999547, -18.319737300000103 ], [ -66.524851699999545, -18.316789300000103 ], [ -66.524072299999546, -18.313245800000104 ], [ -66.518528199999551, -18.308087100000105 ], [ -66.514917299999553, -18.304748300000103 ], [ -66.513953399999551, -18.303907800000104 ], [ -66.511715999999552, -18.301816700000103 ], [ -66.507425199999545, -18.298998800000103 ], [ -66.505476499999546, -18.297044900000103 ], [ -66.50260399999955, -18.293539600000102 ], [ -66.497363799999547, -18.288667500000102 ], [ -66.494012999999541, -18.285583500000101 ], [ -66.490624499999541, -18.282492400000102 ], [ -66.488923299999541, -18.2809193000001 ], [ -66.487645199999548, -18.2797564000001 ], [ -66.486117699999554, -18.278348300000101 ], [ -66.484403099999554, -18.276779400000102 ], [ -66.483044799999547, -18.275519300000102 ], [ -66.482073999999542, -18.268930700000102 ], [ -66.481775599999537, -18.267027700000103 ], [ -66.481223399999536, -18.263454100000104 ], [ -66.481022999999539, -18.262083900000103 ], [ -66.480582099999538, -18.259318000000103 ], [ -66.479958599999534, -18.255004200000105 ], [ -66.479691399999538, -18.253054500000104 ], [ -66.478863099999543, -18.251713800000104 ], [ -66.474218199999541, -18.243868200000104 ], [ -66.471231499999547, -18.238828600000105 ], [ -66.469810899999544, -18.236417600000106 ], [ -66.466255399999554, -18.230371500000096 ], [ -66.463144199999547, -18.225131300000097 ], [ -66.462766299999544, -18.224557 ], [ -66.459357499999541, -18.218857500000098 ], [ -66.454008599999554, -18.210701800000109 ], [ -66.451136699999552, -18.20522720000011 ], [ -66.450052699999546, -18.202750700000109 ], [ -66.447154899999546, -18.197576300000108 ], [ -66.443735999999546, -18.192597500000108 ], [ -66.441530999999543, -18.188725200000107 ], [ -66.440076199999538, -18.186257100000105 ], [ -66.436983999999541, -18.180654700000105 ], [ -66.436028399999543, -18.179346000000105 ], [ -66.431737099999538, -18.173257700000107 ], [ -66.430011999999536, -18.170752900000107 ], [ -66.429219299999531, -18.169623100000106 ], [ -66.426348299999532, -18.165549000000105 ], [ -66.424915499999528, -18.161701100000105 ], [ -66.423844799999529, -18.158062600000104 ], [ -66.423120599999535, -18.155573100000105 ], [ -66.422226199999528, -18.149696200000104 ], [ -66.420484799999528, -18.146042500000103 ], [ -66.418976399999522, -18.142822600000102 ], [ -66.417905799999517, -18.1405363000001 ], [ -66.415802199999519, -18.136137300000101 ], [ -66.412990099999519, -18.1302178000001 ], [ -66.411211399999516, -18.126540700000099 ], [ -66.41064139999952, -18.1252372000001 ], [ -66.407231999999524, -18.1206016000001 ], [ -66.405498099999519, -18.118291900000099 ], [ -66.400343899999513, -18.111421500000098 ], [ -66.399827499999517, -18.110685200000098 ], [ -66.395904899999522, -18.105444800000097 ], [ -66.393400699999518, -18.102097500000095 ], [ -66.392220599999519, -18.100594700000094 ], [ -66.389886999999518, -18.097428400000094 ], [ -66.388288199999522, -18.095303400000095 ], [ -66.386927699999518, -18.093472500000093 ], [ -66.385394599999515, -18.091410600000092 ], [ -66.384347499999521, -18.089799700000093 ], [ -66.381915399999528, -18.086712 ], [ -66.380656799999528, -18.085061600000095 ], [ -66.374222099999528, -18.076427600000095 ], [ -66.370441599999523, -18.071255600000093 ], [ -66.367064399999521, -18.066772300000093 ], [ -66.365354999999525, -18.064431900000091 ], [ -66.356520999999532, -18.052661 ], [ -66.353463199999538, -18.048549500000092 ], [ -66.349881199999544, -18.04372 ], [ -66.347531899999538, -18.038912800000094 ], [ -66.346953899999534, -18.037691900000095 ], [ -66.345054999999533, -18.033772400000096 ], [ -66.339889099999539, -18.029241900000095 ], [ -66.338206299999541, -18.027865600000094 ], [ -66.336388899999548, -18.025158400000095 ], [ -66.331267799999551, -18.018774200000109 ], [ -66.330711199999556, -18.017948400000108 ], [ -66.329544399999563, -18.016419600000109 ], [ -66.328462199999564, -18.01494580000011 ], [ -66.327896599999562, -18.014204600000109 ], [ -66.327170299999878, -18.013115 ], [ -66.32116929999988, -18.004421700000051 ], [ -66.319040499999886, -18.001218700000052 ], [ -66.312010399999565, -17.99037190000011 ], [ -66.311596499999567, -17.986117700000111 ], [ -66.311513899999568, -17.980415900000111 ], [ -66.312289499999565, -17.97600310000011 ], [ -66.312755899999559, -17.973511800000111 ], [ -66.313805799999557, -17.97157270000011 ], [ -66.314900199999556, -17.969651600000109 ], [ -66.315231799999552, -17.965551100000109 ], [ -66.3131081, -17.9534499 ], [ -66.311875499999559, -17.939768200000113 ], [ -66.310229599999559, -17.919808600000113 ], [ -66.307936799999553, -17.913682100000109 ], [ -66.305630599999546, -17.910249200000109 ], [ -66.303922499999558, -17.90666740000011 ], [ -66.303583000000174, -17.904391299999975 ], [ -66.303901700000168, -17.900865099999976 ], [ -66.304135799999557, -17.897931400000111 ] ] } },
{ "type": "Feature", "properties": { "id": 208417618.0, "tags.power": "line", "Type": "Way", "Country": "BO", "Length": 25178.533713055305, "tags.cables": "3", "tags.voltage": "115000", "tags.circuits": null, "tags.frequency": "50" }, "geometry": { "type": "LineString", "coordinates": [ [ -66.291233, -17.725491 ], [ -66.292010199999567, -17.72604930000011 ], [ -66.294513499999567, -17.732430900000107 ], [ -66.295363599999561, -17.737210500000106 ], [ -66.302360199999555, -17.745083400000105 ], [ -66.304966299999549, -17.747431000000105 ], [ -66.319575199999548, -17.760429700000106 ], [ -66.321197799999553, -17.764399000000108 ], [ -66.322370399999556, -17.767050900000108 ], [ -66.32307219999997, -17.76935 ], [ -66.324610299999563, -17.774388900000108 ], [ -66.325566000000251, -17.777363800000156 ], [ -66.326118999999565, -17.77937240000011 ], [ -66.328229099999561, -17.78695200000011 ], [ -66.329610200000147, -17.791198299999976 ], [ -66.331314599999558, -17.796705700000111 ], [ -66.32979929999955, -17.801743800000111 ], [ -66.3283245, -17.806665100000018 ], [ -66.326866600000173, -17.811544899999976 ], [ -66.324806700000153, -17.818521199999978 ], [ -66.324182600000256, -17.820578800000156 ], [ -66.32305950000017, -17.822857599999978 ], [ -66.321710800000176, -17.827193299999976 ], [ -66.32098010000017, -17.829543099999977 ], [ -66.319907200000159, -17.832508 ], [ -66.318677200000153, -17.835939199999977 ], [ -66.317641600000158, -17.838827899999977 ], [ -66.316150500000163, -17.842987499999978 ], [ -66.314746300000152, -17.846998799999977 ], [ -66.313608500000157, -17.850132099999975 ], [ -66.311930500000159, -17.854895599999974 ], [ -66.309394800000163, -17.861902299999976 ], [ -66.307911700000162, -17.866096199999976 ], [ -66.307045800000154, -17.868781299999977 ], [ -66.305815600000159, -17.872586499999976 ], [ -66.304840900000158, -17.875694499999977 ], [ -66.304322000000226, -17.8774324 ], [ -66.303150100000224, -17.8810861 ], [ -66.302343500000219, -17.883584 ], [ -66.301556800000228, -17.8858027 ], [ -66.302777799999561, -17.891128600000112 ], [ -66.303731900000173, -17.895908 ], [ -66.304135799999557, -17.897931400000111 ], [ -66.309670699999558, -17.905316800000111 ], [ -66.311922999999553, -17.909674400000114 ], [ -66.310891699999559, -17.916496900000112 ], [ -66.310576199999559, -17.918469800000111 ], [ -66.310382399999554, -17.919792100000112 ], [ -66.310105299999563, -17.921687300000112 ] ] } },
{ "type": "Feature", "properties": { "id": 208460520.0, "tags.power": "line", "Type": "Way", "Country": "BO", "Length": 193316.62166736933, "tags.cables": "3", "tags.voltage": "115000", "tags.circuits": null, "tags.frequency": "50" }, "geometry": { "type": "LineString", "coordinates": [ [ -65.800976199999965, -19.607245599999978 ], [ -65.801060699999596, -19.606715600000165 ], [ -65.801322199999589, -19.603754800000164 ], [ -65.801643199999589, -19.600710400000164 ], [ -65.802051699999652, -19.596908699999965 ], [ -65.802445899999583, -19.592596100000165 ], [ -65.803199799999589, -19.585428300000164 ], [ -65.803362999999592, -19.583511200000164 ], [ -65.803844899999646, -19.578533499999963 ], [ -65.804964599999607, -19.56741500000016 ], [ -65.805292799999606, -19.564178300000162 ], [ -65.805699999999604, -19.560590300000161 ], [ -65.806085999999596, -19.556965100000159 ], [ -65.806675799999581, -19.551940000000158 ], [ -65.806954999999576, -19.549598400000157 ], [ -65.807241199999581, -19.547100300000157 ], [ -65.807946099999583, -19.540996100000157 ], [ -65.808354499999581, -19.537322300000156 ], [ -65.808619699999582, -19.534858800000155 ], [ -65.808158999999577, -19.532079500000155 ], [ -65.807014499999525, -19.525763400000155 ], [ -65.806077199999521, -19.520985000000156 ], [ -65.803819199999523, -19.516575200000155 ], [ -65.803780399999525, -19.512136100000156 ], [ -65.80376109999952, -19.509631700000156 ], [ -65.802754099999518, -19.504856500000155 ], [ -65.802204099999514, -19.501946800000155 ], [ -65.801452699999516, -19.498357900000155 ], [ -65.800511499999516, -19.493713800000155 ], [ -65.800209399999517, -19.491618000000155 ], [ -65.79991899999952, -19.489065900000156 ], [ -65.799430899999521, -19.485403700000155 ], [ -65.798926699999527, -19.481560400000156 ], [ -65.79848309999953, -19.478012900000156 ], [ -65.802196699999527, -19.474692400000155 ], [ -65.80436579999953, -19.472838500000154 ], [ -65.808090399999529, -19.469817500000154 ], [ -65.813169499999532, -19.465524400000152 ], [ -65.816149199999529, -19.461826700000152 ], [ -65.818383999999526, -19.458712500000154 ], [ -65.819934099999529, -19.456383300000155 ], [ -65.82134179999953, -19.452019200000155 ], [ -65.822404399999527, -19.448770500000155 ], [ -65.823894199999529, -19.443331800000156 ], [ -65.825898099999591, -19.436289800000146 ], [ -65.826627299999586, -19.433716800000145 ], [ -65.825872899999581, -19.430889000000146 ], [ -65.824697299999585, -19.426347600000145 ], [ -65.823760599999588, -19.422689600000144 ], [ -65.822798799999589, -19.418942500000146 ], [ -65.822182699999587, -19.416464200000146 ], [ -65.820774499999587, -19.411181300000145 ], [ -65.819774899999587, -19.407309500000146 ], [ -65.818108999999581, -19.400745500000145 ], [ -65.817323199999578, -19.397709500000143 ], [ -65.816631599999582, -19.395011500000145 ], [ -65.815110299999589, -19.389253500000144 ], [ -65.814204999999589, -19.385725100000144 ], [ -65.813199199999588, -19.381734000000144 ], [ -65.812300199999584, -19.378401100000143 ], [ -65.81150179999959, -19.375056300000143 ], [ -65.810212999999592, -19.370341500000144 ], [ -65.810420499999594, -19.366818600000144 ], [ -65.810577699999598, -19.362833000000144 ], [ -65.810772499999601, -19.359167600000145 ], [ -65.810967399999598, -19.355104700000144 ], [ -65.811155999999599, -19.351041700000145 ], [ -65.811382299999593, -19.345780400000145 ], [ -65.811998399999595, -19.343864500000144 ], [ -65.81472679999959, -19.334978600000145 ], [ -65.815066299999586, -19.332249800000145 ], [ -65.815808099999586, -19.325552300000144 ], [ -65.816185299999589, -19.322378500000145 ], [ -65.816669399999583, -19.318172300000146 ], [ -65.817027699999585, -19.315229700000145 ], [ -65.81768149999958, -19.309658700000146 ], [ -65.818278699999581, -19.304568200000144 ], [ -65.81886229999958, -19.299747500000144 ], [ -65.819236299999574, -19.296513800000145 ], [ -65.819632399999577, -19.293010100000146 ], [ -65.819934099999571, -19.290295400000147 ], [ -65.820279899999576, -19.287420600000146 ], [ -65.82067599999958, -19.283898800000145 ], [ -65.821100299999586, -19.280383000000146 ], [ -65.821468099999592, -19.277116300000145 ], [ -65.822278999999597, -19.270553000000145 ], [ -65.822659399999594, -19.267120000000144 ], [ -65.822895099999599, -19.265298100000145 ], [ -65.823347799999596, -19.262974700000143 ], [ -65.823863299999601, -19.260437600000142 ], [ -65.825532299999608, -19.25189140000014 ], [ -65.825842499999609, -19.249862500000141 ], [ -65.825270499999604, -19.244690000000141 ], [ -65.824541199999601, -19.237825600000139 ], [ -65.824849699999604, -19.235860300000141 ], [ -65.826149699999604, -19.226170900000142 ], [ -65.823984799999607, -19.218282400000142 ], [ -65.822626899999605, -19.214732400000141 ], [ -65.820692899999599, -19.209931500000142 ], [ -65.818825899999595, -19.205427200000141 ], [ -65.816294199999589, -19.198794400000143 ], [ -65.813205799999594, -19.190861800000143 ], [ -65.813127199999599, -19.187003300000143 ], [ -65.813133499999594, -19.183524000000144 ], [ -65.813135999999588, -19.176442900000144 ], [ -65.814141799999589, -19.173135600000144 ], [ -65.815047099999589, -19.170231900000143 ], [ -65.816411299999587, -19.165790200000142 ], [ -65.817756599999583, -19.161401900000143 ], [ -65.819227799999581, -19.156327900000143 ], [ -65.820296499999586, -19.152657800000142 ], [ -65.821566399999583, -19.148500800000143 ], [ -65.822433999999589, -19.145371000000143 ], [ -65.82393649999959, -19.140732700000143 ], [ -65.825614999999587, -19.135054900000142 ], [ -65.826180799999591, -19.133154300000143 ], [ -65.825332099999585, -19.129204600000143 ], [ -65.823967899999587, -19.122956200000143 ], [ -65.822716899999591, -19.116974800000143 ], [ -65.822232799999597, -19.114266200000145 ], [ -65.822113399999594, -19.111135800000145 ], [ -65.820598299999588, -19.107161800000146 ], [ -65.819634599999588, -19.102689600000147 ], [ -65.817865399999604, -19.094204400000145 ], [ -65.816798499999607, -19.089129800000144 ], [ -65.815598299999607, -19.083719000000144 ], [ -65.814504699999603, -19.078383700000145 ], [ -65.813668999999607, -19.074443000000144 ], [ -65.812370999999601, -19.068494000000143 ], [ -65.810779599999606, -19.060830500000144 ], [ -65.808752499999599, -19.051301100000142 ], [ -65.807401099999595, -19.045275600000142 ], [ -65.805937299999599, -19.039483800000141 ], [ -65.805245999999599, -19.036345300000143 ], [ -65.8042987999996, -19.032298000000143 ], [ -65.802605399999607, -19.025351500000141 ], [ -65.801352699999612, -19.02049750000014 ], [ -65.800156999999615, -19.015584600000139 ], [ -65.79894779999961, -19.010562300000139 ], [ -65.798147699999603, -19.00729670000014 ], [ -65.7966406999996, -19.001214900000139 ], [ -65.796280699999599, -18.999756400000141 ], [ -65.795329399999602, -18.995822300000142 ], [ -65.794827099999608, -18.993762700000143 ], [ -65.792477099999601, -18.984014700000145 ], [ -65.791748099999595, -18.981681800000146 ], [ -65.791187899999599, -18.979004100000147 ], [ -65.791001199999599, -18.973249200000147 ], [ -65.790938799999594, -18.970632200000146 ], [ -65.790656399999591, -18.963977400000147 ], [ -65.79395059999959, -18.957722800000148 ], [ -65.798778699999588, -18.953150500000149 ], [ -65.799627399999594, -18.951539200000148 ], [ -65.801827699999592, -18.947555500000149 ], [ -65.803701099999586, -18.944190000000148 ], [ -65.806706099999587, -18.938749300000147 ], [ -65.808988099999581, -18.934586800000147 ], [ -65.811986799999588, -18.930293500000147 ], [ -65.815042099999587, -18.925827500000146 ], [ -65.817632199999593, -18.922021600000146 ], [ -65.819939399999598, -18.918709100000147 ], [ -65.821510999999603, -18.916449300000146 ], [ -65.82419539999961, -18.912536100000146 ], [ -65.825364699999611, -18.909538600000147 ], [ -65.826971399999607, -18.905551900000148 ], [ -65.828770899999611, -18.901020200000147 ], [ -65.830355099999608, -18.897094700000146 ], [ -65.83193939999957, -18.89309400000014 ], [ -65.833459699999622, -18.889308800000133 ], [ -65.834944599999602, -18.885526300000134 ], [ -65.836437599999599, -18.881784900000135 ], [ -65.837291299999592, -18.879340400000135 ], [ -65.838318099999597, -18.878052300000132 ], [ -65.8419013999996, -18.876928100000132 ], [ -65.844610999999603, -18.875851400000133 ], [ -65.849357299999596, -18.874054900000132 ], [ -65.853651099999595, -18.872395300000132 ], [ -65.858763199999601, -18.870460300000133 ], [ -65.865698599999604, -18.867750100000134 ], [ -65.868339099999602, -18.866702700000133 ], [ -65.871441999999604, -18.865180000000134 ], [ -65.874602799999607, -18.863564600000135 ], [ -65.8776854999996, -18.862060700000136 ], [ -65.884977599999601, -18.861512700000137 ], [ -65.887982699999597, -18.861302300000137 ], [ -65.891952299999602, -18.860999400000136 ], [ -65.894697299999606, -18.860788400000136 ], [ -65.900180399999613, -18.860379300000137 ], [ -65.90338989999961, -18.860148000000137 ], [ -65.908822099999611, -18.859731500000137 ], [ -65.913818599999615, -18.859344500000137 ], [ -65.919228499999619, -18.858970100000139 ], [ -65.924056099999618, -18.85859990000014 ], [ -65.929470499999624, -18.858204500000141 ], [ -65.932102099999625, -18.85801100000014 ], [ -65.938952299999627, -18.857480900000141 ], [ -65.941272699999629, -18.857316900000139 ], [ -65.945593499999632, -18.857018200000141 ], [ -65.948096199999625, -18.85508730000014 ], [ -65.952781699999619, -18.851571900000138 ], [ -65.955312899999626, -18.849647000000139 ], [ -65.96197619999964, -18.844641100000128 ], [ -65.965237899999636, -18.844505500000128 ], [ -65.967403199999637, -18.844424400000129 ], [ -65.973623099999642, -18.84422050000013 ], [ -65.979695299999634, -18.843959600000129 ], [ -65.983066999999636, -18.844218000000129 ], [ -65.989897499999628, -18.84469350000013 ], [ -65.993832899999632, -18.843140700000131 ], [ -65.996737299999637, -18.841926900000132 ], [ -66.000421299999644, -18.840451400000131 ], [ -66.005437999999643, -18.838363000000129 ], [ -66.009612299999645, -18.836661400000128 ], [ -66.015458799999649, -18.834192100000127 ], [ -66.019997699999649, -18.832359500000127 ], [ -66.023090699999656, -18.830949400000126 ], [ -66.034131699999662, -18.824751300000127 ], [ -66.041499599999668, -18.820175400000128 ], [ -66.043511299999665, -18.818545000000128 ], [ -66.046931199999662, -18.816242100000128 ], [ -66.051275199999665, -18.813266800000129 ], [ -66.055154099999669, -18.810684100000127 ], [ -66.059089499999672, -18.808000300000128 ], [ -66.062911699999674, -18.805387800000126 ], [ -66.067004299999681, -18.802644400000126 ], [ -66.071002599999687, -18.799990200000128 ], [ -66.073378899999682, -18.798323800000126 ], [ -66.076680899999687, -18.796124900000127 ], [ -66.079190499999683, -18.794488600000125 ], [ -66.082666999999688, -18.790173800000126 ], [ -66.084886199999687, -18.787564000000128 ], [ -66.087199699999687, -18.784775700000129 ], [ -66.089761399999688, -18.781642000000129 ], [ -66.091298499999681, -18.779898100000128 ], [ -66.095193099999676, -18.776547200000127 ], [ -66.098511099999669, -18.773797500000128 ], [ -66.100306999999674, -18.772240300000128 ], [ -66.105154799999667, -18.768234900000127 ], [ -66.110906599999666, -18.761195600000129 ], [ -66.113809499999661, -18.757550200000129 ], [ -66.115894399999661, -18.755045700000128 ], [ -66.118268199999662, -18.752162300000126 ], [ -66.121216499999662, -18.748556000000125 ], [ -66.124170699999667, -18.744938200000124 ], [ -66.12612579999967, -18.742551000000123 ], [ -66.129212499999667, -18.738860000000123 ], [ -66.131268199999667, -18.736335700000122 ], [ -66.135719099999662, -18.730912000000121 ], [ -66.138233799999668, -18.727798300000121 ], [ -66.139120199999667, -18.72658370000012 ], [ -66.141823399999666, -18.722308800000121 ], [ -66.14717959999966, -18.713830200000121 ], [ -66.153612399999659, -18.707688300000122 ], [ -66.159405199999654, -18.70499890000012 ], [ -66.162507999999647, -18.703575700000119 ], [ -66.166517599999651, -18.701790400000117 ], [ -66.169833799999651, -18.700325200000119 ], [ -66.174083499999654, -18.698405100000119 ], [ -66.177781999999652, -18.696788200000121 ], [ -66.181267099999658, -18.695263900000121 ], [ -66.188619599999654, -18.691870000000122 ], [ -66.191989199999654, -18.690480400000123 ], [ -66.197350199999647, -18.685680000000122 ], [ -66.201377599999645, -18.682100600000123 ], [ -66.204640499999641, -18.679211800000122 ], [ -66.207992199999637, -18.676146100000121 ], [ -66.21381549999964, -18.670940900000122 ], [ -66.215869299999639, -18.669079500000123 ], [ -66.220590199999634, -18.668136100000122 ], [ -66.224164199999635, -18.667420200000123 ], [ -66.23045869999963, -18.664270000000123 ], [ -66.233730399999629, -18.662610700000123 ], [ -66.239571599999636, -18.659569900000122 ], [ -66.242807699999631, -18.657927300000122 ], [ -66.24636399999963, -18.656857600000123 ], [ -66.253485299999625, -18.654675900000122 ], [ -66.255894699999629, -18.65347130000012 ], [ -66.257743899999625, -18.652561600000119 ], [ -66.262126999999623, -18.650396700000119 ], [ -66.266963499999619, -18.649419600000119 ], [ -66.274742699999621, -18.64469380000012 ], [ -66.278601199999628, -18.643253200000121 ], [ -66.28120619999963, -18.64227600000012 ], [ -66.289870499999637, -18.63883860000012 ], [ -66.291661899999639, -18.637722400000122 ], [ -66.295324899999642, -18.636399700000123 ], [ -66.299049999999639, -18.635342500000121 ], [ -66.308007299999645, -18.63339640000012 ], [ -66.313337199999651, -18.63065000000012 ], [ -66.314777399999656, -18.62991280000012 ], [ -66.316826699999652, -18.628653300000121 ], [ -66.320569699999652, -18.626012100000121 ], [ -66.322914599999649, -18.623054000000121 ], [ -66.324230399999649, -18.620513800000122 ], [ -66.32763109999965, -18.613971500000122 ], [ -66.329302499999656, -18.610795100000121 ], [ -66.330960599999656, -18.60962390000012 ], [ -66.334859099999662, -18.60772810000012 ], [ -66.341820399999662, -18.60431980000012 ], [ -66.351498799999661, -18.600958100000121 ], [ -66.352781299999663, -18.600237200000119 ], [ -66.361519599999667, -18.595416900000121 ], [ -66.369459599999672, -18.59208610000012 ], [ -66.374151199999673, -18.587227400000121 ], [ -66.376898399999675, -18.583915700000119 ], [ -66.379498799999681, -18.580725300000118 ], [ -66.381227599999676, -18.578526400000118 ], [ -66.383761099999674, -18.575445600000119 ], [ -66.38675979999968, -18.572597200000118 ], [ -66.392924599999674, -18.566860000000119 ], [ -66.397049799999678, -18.563134800000118 ], [ -66.404327799999677, -18.557382000000118 ], [ -66.410051899999672, -18.551128500000118 ], [ -66.412918599999671, -18.547999500000117 ], [ -66.416344799999678, -18.545168400000115 ], [ -66.419117199999675, -18.542909500000114 ], [ -66.42280739999967, -18.540006900000115 ], [ -66.426283899999675, -18.537300900000115 ], [ -66.429483699999679, -18.534487500000115 ], [ -66.433463199999679, -18.531036300000114 ], [ -66.435426299999676, -18.529392000000115 ], [ -66.43852909999967, -18.529071700000117 ], [ -66.441533599999559, -18.528777100000109 ], [ -66.447298399999553, -18.52856250000011 ], [ -66.452396799999548, -18.528389600000111 ], [ -66.455866999999543, -18.528252500000111 ], [ -66.46200899999954, -18.528038000000112 ], [ -66.466321599999546, -18.527918700000111 ], [ -66.471287999999547, -18.527722000000111 ], [ -66.475267399999552, -18.527579000000109 ], [ -66.480922799999547, -18.521214000000111 ], [ -66.484103799999545, -18.517661200000109 ], [ -66.487297399999548, -18.51407850000011 ], [ -66.490340099999543, -18.510680600000111 ], [ -66.49318789999954, -18.50746740000011 ], [ -66.496023199999541, -18.504313800000109 ], [ -66.498745299999541, -18.501255500000109 ], [ -66.501567899999543, -18.498089800000109 ], [ -66.504283799999541, -18.49501940000011 ], [ -66.507074999999546, -18.491925200000111 ], [ -66.510004599999547, -18.488634100000112 ], [ -66.513034699999551, -18.485319100000112 ], [ -66.515568199999549, -18.482433400000112 ], [ -66.518315399999551, -18.479380600000113 ], [ -66.522469599999553, -18.474809500000113 ], [ -66.526344199999556, -18.470363900000113 ], [ -66.529135499999555, -18.467251300000111 ], [ -66.532096499999554, -18.46395970000011 ], [ -66.53491919999955, -18.460775500000111 ], [ -66.537842699999544, -18.457529600000111 ], [ -66.540791199999546, -18.454166400000112 ], [ -66.543695599999552, -18.450922300000112 ], [ -66.546581099999557, -18.447731800000113 ], [ -66.549083199999558, -18.444887200000114 ], [ -66.552823699999564, -18.440742400000115 ], [ -66.555696699999558, -18.437563700000116 ], [ -66.558607399999559, -18.434295400000117 ], [ -66.56149919999956, -18.430985400000118 ], [ -66.564469599999555, -18.427675300000118 ], [ -66.567380699999561, -18.424428200000118 ], [ -66.569980299999557, -18.42149520000012 ], [ -66.572029699999561, -18.417566100000119 ], [ -66.573836299999556, -18.413987100000121 ], [ -66.575298899999538, -18.411008300000102 ], [ -66.575649499999983, -18.410713599999976 ] ] } },
{ "type": "Feature", "properties": { "id": 208556237.0, "tags.power": "line", "Type": "Way", "Country": "BO", "Length": 7030.8487004091894, "tags.cables": null, "tags.voltage": "69000", "tags.circuits": null, "tags.frequency": "50" }, "geometry": { "type": "LineString", "coordinates": [ [ -65.800337599999963, -19.607418899999978 ], [ -65.799832199999585, -19.607345900000162 ], [ -65.7967667, -19.60915 ], [ -65.7941681, -19.610654 ], [ -65.7915793, -19.6122213 ], [ -65.7903792, -19.6128946 ], [ -65.787822599999984, -19.6140336 ], [ -65.7848529, -19.6153058 ], [ -65.783069699999984, -19.6160901 ], [ -65.782263699999987, -19.6164104 ], [ -65.7764599, -19.6191768 ], [ -65.7755642, -19.6195403 ], [ -65.773637799999989, -19.6203471 ], [ -65.7726063, -19.6207841 ], [ -65.769857699999989, -19.6229315 ], [ -65.7679697, -19.6242757 ], [ -65.765828, -19.6258901 ], [ -65.764552799999976, -19.626773 ], [ -65.76342259999997, -19.6275912 ], [ -65.760125599999967, -19.6286418 ], [ -65.756256199999967, -19.628586 ], [ -65.75493339999997, -19.6285675 ], [ -65.7506, -19.6304455 ], [ -65.749874499999962, -19.630413 ], [ -65.744619599999979, -19.6314171 ], [ -65.744195499999975, -19.6318637 ] ] } },
{ "type": "Feature", "properties": { "id": 208560759.0, "tags.power": "line", "Type": "Way", "Country": "BO", "Length": 131241.92541174221, "tags.cables": "3", "tags.voltage": "230000", "tags.circuits": null, "tags.frequency": "50" }, "geometry": { "type": "LineString", "coordinates": [ [ -65.21908609999997, -19.001346699999978 ], [ -65.21929940000004, -19.0015675 ], [ -65.220101700000043, -19.0026678 ], [ -65.218616, -19.0071286 ], [ -65.218585700000034, -19.0155098 ], [ -65.21891330000004, -19.0197932 ], [ -65.219190500000039, -19.0226518 ], [ -65.219850700000038, -19.0310037 ], [ -65.220102700000041, -19.0340909 ], [ -65.2204, -19.0371923 ], [ -65.220798100000039, -19.0398506 ], [ -65.221927, -19.0470297 ], [ -65.222370500000039, -19.0499689 ], [ -65.222672900000035, -19.0519411 ], [ -65.223176900000041, -19.055247 ], [ -65.222037900000046, -19.0585195 ], [ -65.220672100000044, -19.0624636 ], [ -65.218323700000042, -19.0692702 ], [ -65.216519500000047, -19.0745047 ], [ -65.21526460000004, -19.0781246 ], [ -65.21425160000004, -19.0811394 ], [ -65.212507900000034, -19.0861021 ], [ -65.214281900000032, -19.0892026 ], [ -65.215791100000033, -19.0919247 ], [ -65.217230100000037, -19.094446 ], [ -65.219442500000042, -19.0983797 ], [ -65.220611700000049, -19.1003751 ], [ -65.22357, -19.1055992 ], [ -65.223610300000047, -19.1078516 ], [ -65.223630400000047, -19.1122374 ], [ -65.223635500000043, -19.1149564 ], [ -65.224759300000045, -19.1162801 ], [ -65.230675900000051, -19.1231512 ], [ -65.234803400000047, -19.1231464 ], [ -65.23917780000005, -19.123156 ], [ -65.241057600000048, -19.1231322 ], [ -65.245820100000046, -19.1247082 ], [ -65.254437900000042, -19.1274985 ], [ -65.258575500000049, -19.1288555 ], [ -65.260435100000052, -19.1294744 ], [ -65.266777600000054, -19.1341239 ], [ -65.270874900000052, -19.1370901 ], [ -65.271787, -19.1407181 ], [ -65.272885700000046, -19.1451363 ], [ -65.27376260000004, -19.1486212 ], [ -65.274579, -19.1518585 ], [ -65.275229100000047, -19.1543532 ], [ -65.276106, -19.157876 ], [ -65.278016100000045, -19.1610465 ], [ -65.280349400000048, -19.164912 ], [ -65.283106100000055, -19.1695104 ], [ -65.28581750000005, -19.174023 ], [ -65.289133600000056, -19.1795303 ], [ -65.290837, -19.1823625 ], [ -65.294767900000053, -19.1888976 ], [ -65.300472800000051, -19.1983691 ], [ -65.302095600000058, -19.2010771 ], [ -65.303244600000056, -19.2070357 ], [ -65.303698200000056, -19.2092487 ], [ -65.30442390000006, -19.2132986 ], [ -65.304902700000056, -19.2157352 ], [ -65.30508910000006, -19.2167155 ], [ -65.304963100000066, -19.2185857 ], [ -65.304867400000063, -19.2205178 ], [ -65.30453480000007, -19.2258998 ], [ -65.30434330000007, -19.2286169 ], [ -65.304056, -19.2334182 ], [ -65.303768700000077, -19.237715 ], [ -65.303405900000072, -19.2438578 ], [ -65.303048100000069, -19.2490059 ], [ -65.302443300000064, -19.2584786 ], [ -65.302438300000063, -19.2591114 ], [ -65.302649900000063, -19.2618994 ], [ -65.30319930000006, -19.2695113 ], [ -65.303587300000061, -19.2751629 ], [ -65.304111400000068, -19.2820273 ], [ -65.304439, -19.2865987 ], [ -65.304625500000071, -19.2892339 ], [ -65.304912700000074, -19.2927824 ], [ -65.305855200000067, -19.294823 ], [ -65.307321700000074, -19.2979243 ], [ -65.308868900000078, -19.3011777 ], [ -65.313863200000085, -19.3117556 ], [ -65.315506100000079, -19.3151324 ], [ -65.317093600000078, -19.3185567 ], [ -65.319134700000077, -19.322875 ], [ -65.321624300000082, -19.3281015 ], [ -65.322889200000077, -19.3307361 ], [ -65.325790400000074, -19.3368719 ], [ -65.328762400000073, -19.3431362 ], [ -65.330817800000077, -19.3475003 ], [ -65.331502, -19.3488856 ], [ -65.331769300000076, -19.3507046 ], [ -65.333394500000082, -19.361015 ], [ -65.334745600000076, -19.3700381 ], [ -65.335022800000075, -19.3717497 ], [ -65.33594, -19.3777865 ], [ -65.336717199999981, -19.3827167 ], [ -65.337251699999982, -19.3860446 ], [ -65.338499, -19.3894532 ], [ -65.3401953, -19.3938768 ], [ -65.3410505, -19.3961894 ], [ -65.342939199999989, -19.4013322 ], [ -65.3445286, -19.4054664 ], [ -65.3459968, -19.4095334 ], [ -65.3472013, -19.4127129 ], [ -65.3494035, -19.4186012 ], [ -65.3513635, -19.4212697 ], [ -65.3567018, -19.4283004 ], [ -65.360921, -19.4340269 ], [ -65.3615268, -19.435035 ], [ -65.366917699999988, -19.4441756 ], [ -65.367960899999986, -19.4459767 ], [ -65.3694274, -19.4505863 ], [ -65.3705059, -19.4539554 ], [ -65.3722698, -19.4596197 ], [ -65.3737565, -19.4642241 ], [ -65.3761604, -19.467037 ], [ -65.3802929, -19.4719026 ], [ -65.3826465, -19.4746441 ], [ -65.3844255, -19.4767774 ], [ -65.3882556, -19.4812911 ], [ -65.3942629, -19.4857001 ], [ -65.3997763, -19.4898477 ], [ -65.4027144, -19.4919998 ], [ -65.405370299999987, -19.4936673 ], [ -65.407990899999987, -19.4953111 ], [ -65.4100118, -19.496589 ], [ -65.4113776, -19.4974347 ], [ -65.4123502, -19.5003183 ], [ -65.4131566, -19.5026793 ], [ -65.4168859, -19.5090829 ], [ -65.4194562, -19.5135196 ], [ -65.4232712, -19.5160372 ], [ -65.4280922, -19.5191375 ], [ -65.4305724, -19.5207498 ], [ -65.4349628, -19.5235173 ], [ -65.4443112, -19.5294152 ], [ -65.4467201, -19.5309366 ], [ -65.456922, -19.537059 ], [ -65.460238100000012, -19.5390348 ], [ -65.464461300000011, -19.5415425 ], [ -65.469551400000014, -19.5446011 ], [ -65.4715471, -19.5458169 ], [ -65.475982, -19.548315 ], [ -65.478320400000015, -19.5498442 ], [ -65.482735200000022, -19.5526651 ], [ -65.485547300000022, -19.5544603 ], [ -65.490697800000021, -19.5576611 ], [ -65.497219200000018, -19.5617356 ], [ -65.500333700000013, -19.563692 ], [ -65.5068348, -19.5677759 ], [ -65.509899, -19.5696943 ], [ -65.5142835, -19.5724769 ], [ -65.5189703, -19.5753735 ], [ -65.5209963, -19.5764276 ], [ -65.526096400000014, -19.5789157 ], [ -65.529069800000016, -19.5803877 ], [ -65.531831600000018, -19.5817552 ], [ -65.537231100000014, -19.5844186 ], [ -65.540879800000013, -19.5862608 ], [ -65.544185900000016, -19.5878846 ], [ -65.547602800000021, -19.5895274 ], [ -65.551160800000019, -19.5912652 ], [ -65.554839700000016, -19.5931169 ], [ -65.558448100000021, -19.5948736 ], [ -65.562580600000018, -19.5969721 ], [ -65.56578380000002, -19.5985165 ], [ -65.570309400000014, -19.6007479 ], [ -65.575167600000015, -19.6032356 ], [ -65.579985500000021, -19.6056284 ], [ -65.584118100000026, -19.6076128 ], [ -65.587182200000029, -19.6091035 ], [ -65.59118419999993, -19.6100419 ], [ -65.597579599999932, -19.6114993 ], [ -65.604181499999939, -19.6130279 ], [ -65.604394099999141, -19.613076100000089 ], [ -65.609609199999937, -19.6142575 ], [ -65.611148699999134, -19.614663900000089 ], [ -65.611982899999944, -19.6148841 ], [ -65.613026099999942, -19.6167165 ], [ -65.613203199999134, -19.617041500000088 ], [ -65.614200399999945, -19.6188717 ], [ -65.616498499999949, -19.6229494 ], [ -65.617043099999123, -19.623892700000091 ], [ -65.61828249999995, -19.6260397 ], [ -65.621618699999956, -19.6279004 ], [ -65.625312799999961, -19.6299226 ], [ -65.629878799999958, -19.6324953 ], [ -65.633255299999959, -19.6346408 ], [ -65.63594649999996, -19.6364065 ], [ -65.638824199999959, -19.6383099 ], [ -65.642840799999959, -19.6410391 ], [ -65.646927899999966, -19.6442667 ], [ -65.648586, -19.6456194 ], [ -65.651977699999961, -19.6484434 ], [ -65.654265699999954, -19.650247 ], [ -65.656977, -19.6525678 ], [ -65.658327699999958, -19.6533889 ], [ -65.662218299999964, -19.6556812 ], [ -65.665196699999967, -19.6565592 ], [ -65.668538, -19.6576318 ], [ -65.670846199999971, -19.658263 ], [ -65.674066499999967, -19.6592739 ], [ -65.677387699999983, -19.6602943 ], [ -65.680502199999978, -19.661234 ], [ -65.68328409999998, -19.6610441 ], [ -65.685733299999981, -19.6608828 ], [ -65.689795299999986, -19.6606645 ], [ -65.697474399999976, -19.6601927 ], [ -65.699177799999973, -19.6600652 ], [ -65.70207139999998, -19.6613471 ], [ -65.708902499999908, -19.6642017 ], [ -65.711026399999909, -19.6651212 ], [ -65.715039, -19.6668326 ], [ -65.718681, -19.6683762 ], [ -65.723563099999907, -19.6705373 ], [ -65.728238499999904, -19.6724567 ], [ -65.735657799999899, -19.6756713 ], [ -65.742335999999895, -19.6784563 ], [ -65.7467761999999, -19.6803622 ], [ -65.750111699999906, -19.6817446 ], [ -65.754544799999906, -19.683684 ], [ -65.757980099999912, -19.6851134 ], [ -65.762676899999917, -19.6871065 ], [ -65.769269499999922, -19.6899115 ], [ -65.77281169999992, -19.6914481 ], [ -65.780045799999925, -19.6945416 ], [ -65.78649589999992, -19.6972659 ], [ -65.79028749999992, -19.697635 ], [ -65.793459099999922, -19.698004 ], [ -65.799916299999921, -19.6986885 ], [ -65.807342799999915, -19.6994802 ], [ -65.812959, -19.7000774 ], [ -65.821290699999921, -19.70099 ], [ -65.824248399999917, -19.7012852 ], [ -65.827541199999914, -19.7016342 ], [ -65.832022799999919, -19.7021209 ], [ -65.835374099999925, -19.7024673 ], [ -65.838594499999928, -19.7028184 ], [ -65.844223899999918, -19.7064684 ], [ -65.849194599999933, -19.7097221 ], [ -65.852767799999938, -19.7119804 ], [ -65.855312799999936, -19.7136741 ], [ -65.85871959999993, -19.7158944 ], [ -65.86085139999993, -19.7173035 ], [ -65.866319399999924, -19.7208378 ], [ -65.871645199999918, -19.7242724 ], [ -65.875984399999908, -19.7270571 ], [ -65.87895779999991, -19.7289404 ], [ -65.881402, -19.7305106 ], [ -65.884148599999904, -19.7322753 ], [ -65.890189599999715, -19.736154899999988 ], [ -65.896603099999709, -19.740219399999987 ], [ -65.90100129999972, -19.739477399999984 ], [ -65.90728829999972, -19.743874499999986 ] ] } },
{ "type": "Feature", "properties": { "id": 208567375.0, "tags.power": "line", "Type": "Way", "Country": "BO", "Length": 1409.5881907203168, "tags.cables": null, "tags.voltage": null, "tags.circuits": null, "tags.frequency": null }, "geometry": { "type": "LineString", "coordinates": [ [ -65.218988800000076, -18.9999532 ], [ -65.225822600000072, -19.0014068 ], [ -65.228815, -19.0033919 ], [ -65.230033200000122, -19.0048946 ] ] } },
{ "type": "Feature", "properties": { "id": 208602920.0, "tags.power": "line", "Type": "Way", "Country": "BO", "Length": 385.04369414095692, "tags.cables": null, "tags.voltage": "69000", "tags.circuits": null, "tags.frequency": null }, "geometry": { "type": "LineString", "coordinates": [ [ -66.140247599999938, -20.050137199999963 ], [ -66.142133899999948, -20.04741359999996 ] ] } },
{ "type": "Feature", "properties": { "id": 208602922.0, "tags.power": "line", "Type": "Way", "Country": "BO", "Length": 385.69261216304687, "tags.cables": null, "tags.voltage": "69000", "tags.circuits": null, "tags.frequency": null }, "geometry": { "type": "LineString", "coordinates": [ [ -66.140069299999936, -20.050067399999964 ], [ -66.141956799999946, -20.047338 ] ] } },
{ "type": "Feature", "properties": { "id": 208602923.0, "tags.power": "line", "Type": "Way", "Country": "BO", "Length": 111847.57190326526, "tags.cables": null, "tags.voltage": "69000", "tags.circuits": null, "tags.frequency": "50" }, "geometry": { "type": "LineString", "coordinates": [ [ -66.139067699999941, -20.050641 ], [ -66.139795699999937, -20.054217599999966 ], [ -66.14104889999993, -20.060012 ], [ -66.1418552, -20.06388 ], [ -66.142661, -20.067453299999947 ], [ -66.1431801, -20.070469699999947 ], [ -66.143683700000011, -20.073893599999948 ], [ -66.143788300000011, -20.078765399999948 ], [ -66.143741800000015, -20.083815499999947 ], [ -66.144694800000011, -20.088450599999948 ], [ -66.1457562, -20.093605799999949 ], [ -66.1466278, -20.097876799999948 ], [ -66.1471043, -20.100390599999947 ], [ -66.148657700000015, -20.108219199999947 ], [ -66.149021900000022, -20.110005299999948 ], [ -66.150180100000028, -20.115541699999948 ], [ -66.150966500000024, -20.119419299999947 ], [ -66.149839200000031, -20.121732699999946 ], [ -66.146596800000026, -20.128407199999945 ], [ -66.14498530000003, -20.131760699999944 ], [ -66.143284700000024, -20.135241399999945 ], [ -66.141599600000021, -20.138653 ], [ -66.139747900000017, -20.142519099999944 ], [ -66.137760600000021, -20.146621499999945 ], [ -66.13482980000002, -20.152611599999947 ], [ -66.133400300000019, -20.155499099999947 ], [ -66.130413600000026, -20.160070299999948 ], [ -66.127047200000021, -20.165088599999947 ], [ -66.125245900000024, -20.167834 ], [ -66.123394200000021, -20.170608499999947 ], [ -66.121143500000017, -20.174022899999947 ], [ -66.1189005, -20.177528199999948 ], [ -66.114337100000014, -20.184636599999948 ], [ -66.114511400000012, -20.190759399999948 ], [ -66.114526900000016, -20.193413499999949 ], [ -66.114592800000011, -20.198045299999947 ], [ -66.114736100000016, -20.204174899999948 ], [ -66.116955800000014, -20.208610099999948 ], [ -66.11939630000002, -20.21332879999995 ], [ -66.121112500000024, -20.216702199999951 ], [ -66.122925400000028, -20.220391899999949 ], [ -66.125652600000024, -20.225666399999948 ], [ -66.12846890000003, -20.231151399999948 ], [ -66.129123600000028, -20.232594499999948 ], [ -66.132478300000031, -20.239278799999948 ], [ -66.134670900000032, -20.243662099999948 ], [ -66.136359900000031, -20.246998599999948 ], [ -66.137866900000034, -20.249862499999949 ], [ -66.139431900000034, -20.253108 ], [ -66.140969800000036, -20.256073599999947 ], [ -66.143553700000041, -20.261121499999948 ], [ -66.141624500000034, -20.266427299999947 ], [ -66.140218300000029, -20.270297499999948 ], [ -66.139036800000028, -20.273546199999949 ], [ -66.13747560000003, -20.277732299999947 ], [ -66.13637930000003, -20.280911899999946 ], [ -66.135019600000035, -20.284745299999948 ], [ -66.13350880000003, -20.288738599999949 ], [ -66.132238200000032, -20.292215799999948 ], [ -66.131440100000034, -20.294432199999946 ], [ -66.13078550000003, -20.301571599999946 ], [ -66.130498800000026, -20.305575399999945 ], [ -66.13045230000003, -20.309619 ], [ -66.130491, -20.313266499999944 ], [ -66.13051430000003, -20.316663199999944 ], [ -66.130564700000036, -20.320862699999942 ], [ -66.130538800000025, -20.324878799999944 ], [ -66.130511500000026, -20.328474899999943 ], [ -66.130582700000019, -20.332235299999944 ], [ -66.130599100000026, -20.335949299999942 ], [ -66.13067580000002, -20.340105099999942 ], [ -66.130659400000013, -20.343783 ], [ -66.130642900000012, -20.347008899999942 ], [ -66.130697700000013, -20.350342499999943 ], [ -66.130700300000015, -20.355020199999942 ], [ -66.130707, -20.358635499999941 ], [ -66.130750800000015, -20.36231819999994 ], [ -66.130789100000015, -20.366257499999939 ], [ -66.130822, -20.371003099999939 ], [ -66.130800100000016, -20.374515899999938 ], [ -66.1307837, -20.376637 ], [ -66.129583900000014, -20.380463 ], [ -66.127825300000012, -20.385927 ], [ -66.126318700000013, -20.390528199999938 ], [ -66.12519020000002, -20.394143299999939 ], [ -66.123984900000025, -20.39794319999994 ], [ -66.122116800000029, -20.40365829999994 ], [ -66.120215700000031, -20.409588799999941 ], [ -66.118709200000026, -20.414199499999942 ], [ -66.117629900000026, -20.41768059999994 ], [ -66.11687940000003, -20.419908799999941 ], [ -66.117377900000037, -20.425772 ], [ -66.117547700000031, -20.42769719999994 ], [ -66.117799700000035, -20.430895599999939 ], [ -66.118095600000032, -20.434597 ], [ -66.11846810000003, -20.439412399999938 ], [ -66.118862600000028, -20.444443199999938 ], [ -66.118911900000029, -20.446193599999937 ], [ -66.118999500000029, -20.450716 ], [ -66.119090900000032, -20.455120399999934 ], [ -66.120507600000025, -20.464824399999934 ], [ -66.120719500000021, -20.467395899999932 ], [ -66.121153600000028, -20.472517599999932 ], [ -66.121448, -20.476596799999932 ], [ -66.121938300000025, -20.48289579999993 ], [ -66.129549200000028, -20.490749799999929 ], [ -66.132567900000026, -20.493849399999927 ], [ -66.135964500000028, -20.497395299999926 ], [ -66.13816140000003, -20.499694299999927 ], [ -66.139722700000036, -20.501254299999928 ], [ -66.142237300000033, -20.503758399999928 ], [ -66.146192800000037, -20.507765899999928 ], [ -66.151282300000034, -20.513015099999929 ], [ -66.153084700000036, -20.514929 ], [ -66.15658540000004, -20.51858739999993 ], [ -66.159434200000035, -20.521476 ], [ -66.164560900000041, -20.527058 ], [ -66.167776700000047, -20.530382599999928 ], [ -66.173203200000046, -20.535914699999928 ], [ -66.176430100000047, -20.541512099999927 ], [ -66.17763480000005, -20.544109399999929 ], [ -66.17927350000005, -20.547602699999928 ], [ -66.180234200000044, -20.549648499999929 ], [ -66.182074300000039, -20.55339549999993 ], [ -66.182023900000033, -20.558633199999928 ], [ -66.181984900000032, -20.564568099999928 ], [ -66.182007500000026, -20.568147199999927 ], [ -66.182143600000032, -20.573959599999927 ], [ -66.182116200000038, -20.579632199999928 ], [ -66.182297, -20.582027399999927 ], [ -66.182823, -20.585730299999927 ], [ -66.183776200000025, -20.591853799999928 ], [ -66.184121300000029, -20.595541099999927 ], [ -66.184521300000029, -20.599941099999928 ], [ -66.184860900000032, -20.602730799999929 ], [ -66.185375900000025, -20.606797299999929 ], [ -66.185682700000029, -20.609545799999928 ], [ -66.187308700000031, -20.61684069999993 ], [ -66.187923100000035, -20.619908099999929 ], [ -66.188846700000028, -20.62394669999993 ], [ -66.18949320000003, -20.627320499999929 ], [ -66.19006840000003, -20.630171199999928 ], [ -66.190687500000024, -20.632647599999927 ], [ -66.19282010000002, -20.642285399999928 ], [ -66.193774900000022, -20.646343799999929 ], [ -66.19472810000002, -20.650496299999929 ], [ -66.195651, -20.654631699999928 ], [ -66.19672020000003, -20.659481599999928 ], [ -66.197371, -20.66256259999993 ], [ -66.198223200000029, -20.666187199999928 ], [ -66.198912800000031, -20.669471099999928 ], [ -66.199191700000029, -20.674001599999929 ], [ -66.199865700000032, -20.681685099999928 ], [ -66.200408100000033, -20.689571199999929 ], [ -66.200578500000034, -20.691629599999928 ], [ -66.201221600000039, -20.699341199999928 ], [ -66.201399800000033, -20.702233 ], [ -66.201678700000031, -20.70519719999993 ], [ -66.202089300000026, -20.71092969999993 ], [ -66.202430200000023, -20.716473499999932 ], [ -66.202871800000025, -20.720778 ], [ -66.203088800000032, -20.724009899999931 ], [ -66.206552, -20.727567899999933 ], [ -66.210480100000026, -20.731633 ], [ -66.214183500000033, -20.735495 ], [ -66.217569200000028, -20.738944 ], [ -66.220226700000026, -20.741697299999931 ], [ -66.225998700000019, -20.747616799999932 ], [ -66.231468600000014, -20.753159299999933 ], [ -66.24124710000001, -20.766308399999932 ], [ -66.2404553, -20.770549599999931 ], [ -66.2393049, -20.776247199999933 ], [ -66.2386639, -20.781328399999932 ], [ -66.2382366, -20.785149399999931 ], [ -66.237234, -20.790025299999929 ], [ -66.236604, -20.79546449999993 ], [ -66.2358206, -20.800140399999929 ], [ -66.234767, -20.80682019999993 ], [ -66.234233299999985, -20.810155 ], [ -66.2335541, -20.81407669999993 ], [ -66.2333186, -20.815848599999931 ], [ -66.232473699999986, -20.820891299999932 ], [ -66.2318766, -20.824214599999934 ], [ -66.231367099999986, -20.828280299999935 ], [ -66.230978099999987, -20.831710899999937 ], [ -66.2313634, -20.837539699999937 ], [ -66.231688799999986, -20.841797299999936 ], [ -66.232441, -20.851717899999937 ], [ -66.232734099999973, -20.856248899999937 ], [ -66.232961699999976, -20.859113499999935 ], [ -66.233440799999983, -20.865299899999936 ], [ -66.233627099999978, -20.868212599999936 ], [ -66.233764099999973, -20.870676099999937 ], [ -66.234140799999977, -20.875111 ], [ -66.23440589999997, -20.878176399999937 ], [ -66.234871199999972, -20.887476299999935 ], [ -66.235066699999976, -20.889135899999935 ], [ -66.23560639999998, -20.894948399999937 ], [ -66.235869899999983, -20.898603699999935 ], [ -66.236169799999985, -20.902805299999933 ], [ -66.2366269, -20.908175599999932 ], [ -66.2368128, -20.910969299999934 ], [ -66.237022, -20.913813499999932 ], [ -66.2372389, -20.916947199999932 ], [ -66.2373629, -20.91934269999993 ], [ -66.237789, -20.924632899999931 ], [ -66.238052399999987, -20.927462399999932 ], [ -66.2368574, -20.929084299999932 ], [ -66.236106099999986, -20.930037199999934 ], [ -66.2323649, -20.931072199999935 ], [ -66.2307565, -20.93151 ] ] } },
{ "type": "Feature", "properties": { "id": 208616170.0, "tags.power": "line", "Type": "Way", "Country": "BO", "Length": 1639.6202458576222, "tags.cables": null, "tags.voltage": "115000", "tags.circuits": null, "tags.frequency": null }, "geometry": { "type": "LineString", "coordinates": [ [ -66.230917299999987, -20.932681699999936 ], [ -66.230892, -20.934960599999936 ], [ -66.230811599999981, -20.936738799999937 ], [ -66.227971799999978, -20.940095399999937 ], [ -66.226037099999971, -20.942077899999937 ], [ -66.224088799999961, -20.944122599999936 ] ] } },
{ "type": "Feature", "properties": { "id": 208676797.0, "tags.power": "line", "Type": "Way", "Country": "BO", "Length": 107949.77403852103, "tags.cables": "3", "tags.voltage": "230000", "tags.circuits": null, "tags.frequency": "50" }, "geometry": { "type": "LineString", "coordinates": [ [ -64.525836599999721, -17.21182009999989 ], [ -64.525543599999736, -17.21119 ], [ -64.522023599999741, -17.2103239 ], [ -64.517589699999732, -17.209285600000019 ], [ -64.512994499999735, -17.208216200000017 ], [ -64.510145299999749, -17.207603 ], [ -64.505342399999734, -17.206461200000014 ], [ -64.501021099999733, -17.205511800000011 ], [ -64.497305099999735, -17.204651800000015 ], [ -64.493155999999715, -17.206199500000025 ], [ -64.489268599999733, -17.207581 ], [ -64.484811399999714, -17.208352400000027 ], [ -64.480147099999755, -17.20919240000001 ], [ -64.475575599999743, -17.210392300000013 ], [ -64.471282699999747, -17.211524400000012 ], [ -64.466862499999735, -17.2126683 ], [ -64.462192499999759, -17.213923200000014 ], [ -64.457396499999717, -17.215243200000025 ], [ -64.453216899999717, -17.216304300000026 ], [ -64.449580299999752, -17.216284700000013 ], [ -64.446068899999744, -17.216312 ], [ -64.442174299999749, -17.216313400000011 ], [ -64.437830099999744, -17.216287800000011 ], [ -64.433370599999748, -17.216298200000015 ], [ -64.428819299999944, -17.216280599999937 ], [ -64.423841799999948, -17.216254 ], [ -64.419048, -17.216264699999936 ], [ -64.415064299999955, -17.216254 ], [ -64.411723699999939, -17.218235 ], [ -64.408023899999932, -17.220567099999936 ], [ -64.404447799999929, -17.222776 ], [ -64.400610599999922, -17.225119299999935 ], [ -64.396777199999917, -17.227408699999934 ], [ -64.392988399999922, -17.229807 ], [ -64.389327599999916, -17.232027199999933 ], [ -64.38592849999992, -17.234106499999932 ], [ -64.382664199999937, -17.236176 ], [ -64.379583899999943, -17.237989099999925 ], [ -64.375852499999937, -17.240301099999925 ], [ -64.371477899999931, -17.24299379999993 ], [ -64.368012599999929, -17.245143599999938 ], [ -64.363626799999921, -17.247707799999937 ], [ -64.359619, -17.250196899999938 ], [ -64.355595499999907, -17.252738599999937 ], [ -64.351501, -17.255167399999937 ], [ -64.347857699999921, -17.257442899999933 ], [ -64.343660899999918, -17.256999299999933 ], [ -64.338955099999922, -17.256624499999933 ], [ -64.334578499999907, -17.256248199999931 ], [ -64.330528699999917, -17.255812899999935 ], [ -64.326755299999917, -17.255494099999936 ], [ -64.323142299999915, -17.255159499999937 ], [ -64.319373, -17.253739899999935 ], [ -64.315252899999905, -17.252155299999938 ], [ -64.311316499999904, -17.250687799999938 ], [ -64.307313299999919, -17.249183 ], [ -64.304780199999897, -17.248202100000061 ], [ -64.302971899999918, -17.247501799999938 ], [ -64.298456499999929, -17.24585879999994 ], [ -64.293968899999939, -17.244173099999937 ], [ -64.290277499999945, -17.242785 ], [ -64.286088599999943, -17.241187799999931 ], [ -64.282372299999935, -17.239735199999931 ], [ -64.277699399999932, -17.237978499999933 ], [ -64.274402, -17.236745899999931 ], [ -64.270740799999928, -17.237875299999931 ], [ -64.266863499999928, -17.239080699999931 ], [ -64.263293199999936, -17.24023189999993 ], [ -64.259198099999949, -17.241491 ], [ -64.254769399999944, -17.242864799999936 ], [ -64.250135899999933, -17.244303599999938 ], [ -64.245832299999933, -17.24568819999994 ], [ -64.241756, -17.247002099999939 ], [ -64.237401899999924, -17.248312899999938 ], [ -64.232834899999915, -17.249732099999939 ], [ -64.228322399999911, -17.251118 ], [ -64.224183700000268, -17.252442699999953 ], [ -64.223760599999906, -17.252578099999937 ], [ -64.219891799999914, -17.253778 ], [ -64.216797899999918, -17.256066 ], [ -64.212966099999917, -17.258878399999933 ], [ -64.209191099999913, -17.261674399999933 ], [ -64.205495699999915, -17.264356299999932 ], [ -64.202056199999916, -17.266940499999933 ], [ -64.19850869999992, -17.269557299999931 ], [ -64.195228699999916, -17.271923499999932 ], [ -64.192270099999917, -17.274227 ], [ -64.189062, -17.276568299999933 ], [ -64.186055, -17.278817799999935 ], [ -64.182599899999929, -17.281270199999934 ], [ -64.179566499999922, -17.283473799999935 ], [ -64.175967799999924, -17.286193499999936 ], [ -64.171885799999927, -17.289173599999934 ], [ -64.168548599999923, -17.291600099999933 ], [ -64.16503519999992, -17.294265299999932 ], [ -64.161698, -17.296691699999933 ], [ -64.158178899999911, -17.299275399999932 ], [ -64.154051399999915, -17.302282499999933 ], [ -64.150265099999913, -17.305067 ], [ -64.146615199999914, -17.307770099999935 ], [ -64.143738499999913, -17.309881399999934 ], [ -64.140759199999906, -17.312071499999934 ], [ -64.138513500000244, -17.313714 ], [ -64.137390399999902, -17.314535499999934 ], [ -64.133937199999906, -17.317114499999935 ], [ -64.130182499999904, -17.319843099999936 ], [ -64.126529199999908, -17.322517 ], [ -64.123004399999914, -17.325116699999938 ], [ -64.119502399999917, -17.327689199999938 ], [ -64.116006, -17.330250799999938 ], [ -64.112589199999917, -17.332774399999938 ], [ -64.109524899999911, -17.335015699999939 ], [ -64.106250199999906, -17.33741439999994 ], [ -64.10322, -17.339672 ], [ -64.099433699999906, -17.340735599999938 ], [ -64.098199000000719, -17.34108039999996 ], [ -64.095294899999899, -17.341891499999939 ], [ -64.091053699999904, -17.343090799999938 ], [ -64.086801199999897, -17.344263 ], [ -64.082355399999898, -17.345505699999936 ], [ -64.077943699999892, -17.346753799999938 ], [ -64.073765099999889, -17.347931399999936 ], [ -64.069370499999891, -17.349195799999936 ], [ -64.064712199999889, -17.350518199999936 ], [ -64.060711899999887, -17.351599699999937 ], [ -64.056368499999891, -17.352826099999938 ], [ -64.052212599999891, -17.354014499999938 ], [ -64.047994199999891, -17.355240799999937 ], [ -64.043963399999896, -17.356347799999938 ], [ -64.03651579999989, -17.358431499999938 ], [ -64.032172399999894, -17.359685 ], [ -64.031444400000225, -17.359896100000057 ], [ -64.027794799999896, -17.36095469999994 ], [ -64.023178399999892, -17.36220809999994 ], [ -64.018829799999892, -17.363426 ], [ -64.015059400000268, -17.364517400000061 ], [ -64.014773599999899, -17.36460009999994 ], [ -64.010275199999896, -17.365831699999941 ], [ -64.00594559999989, -17.367074799999941 ], [ -64.002259299999892, -17.368083899999942 ], [ -63.99792569999989, -17.36935 ], [ -63.993853399999892, -17.370489499999941 ], [ -63.98949969999989, -17.371686499999942 ], [ -63.985632399999886, -17.372852899999941 ], [ -63.981061699999884, -17.374122799999942 ], [ -63.978935299999911, -17.374696599999968 ], [ -63.978147099999887, -17.374909299999942 ], [ -63.974287899999887, -17.376048799999943 ], [ -63.965230799999887, -17.378596199999944 ], [ -63.961078099999888, -17.379800899999942 ], [ -63.956575699999888, -17.381040099999943 ], [ -63.952225999999882, -17.382294599999945 ], [ -63.947872299999887, -17.383510699999945 ], [ -63.943482399999894, -17.384761399999942 ], [ -63.939426199999886, -17.385912299999944 ], [ -63.935160999999894, -17.387136099999942 ], [ -63.930923899999897, -17.388336899999942 ], [ -63.927088799999893, -17.389445599999945 ], [ -63.922912899999893, -17.389393899999945 ], [ -63.918277799999892, -17.389367 ], [ -63.913646699999894, -17.389340199999943 ], [ -63.908838799999891, -17.389336399999941 ], [ -63.905160499999894, -17.389301799999942 ], [ -63.899319399999897, -17.38928649999994 ], [ -63.894772699999898, -17.389244299999941 ], [ -63.890253699999896, -17.389261299999941 ], [ -63.886004, -17.389217899999942 ], [ -63.882581599999902, -17.389188099999942 ], [ -63.878405799999896, -17.389795699999944 ], [ -63.873826399999899, -17.390503699999943 ], [ -63.869838199999897, -17.391070699999943 ], [ -63.866452699999897, -17.391572499999942 ], [ -63.862859699999895, -17.392169299999942 ], [ -63.857548299999898, -17.390659899999942 ], [ -63.850714199999899, -17.388780199999943 ], [ -63.845439899999896, -17.387253299999941 ], [ -63.841958599999892, -17.386370899999942 ], [ -63.837866199999894, -17.385181699999944 ], [ -63.834026899999891, -17.384147699999943 ], [ -63.829918399999883, -17.383004399999948 ], [ -63.826364699999885, -17.381976299999945 ], [ -63.821878399999882, -17.382275499999945 ], [ -63.81844529999988, -17.382475 ], [ -63.814240299999881, -17.382805 ], [ -63.810292599999883, -17.383050499999946 ], [ -63.806449499999886, -17.383319 ], [ -63.802614399999889, -17.383556899999945 ], [ -63.798505899999888, -17.383810099999945 ], [ -63.793874799999891, -17.384032599999944 ], [ -63.789066899999888, -17.384362499999941 ], [ -63.784508199999891, -17.384669499999941 ], [ -63.780287199999897, -17.384976399999942 ], [ -63.776669099999893, -17.385191199999944 ], [ -63.772456099999893, -17.385421399999945 ], [ -63.767760799999891, -17.385643899999945 ], [ -63.76307339999989, -17.385881699999945 ], [ -63.759037299999889, -17.386104299999943 ], [ -63.754379699999895, -17.386376 ], [ -63.749820999999898, -17.38661389999994 ], [ -63.745246199999897, -17.386844 ], [ -63.740928699999898, -17.38707419999994 ], [ -63.736498599999898, -17.38732739999994 ], [ -63.7320443999999, -17.38758829999994 ], [ -63.7272525999999, -17.387833799999939 ], [ -63.724020399999901, -17.38800259999994 ], [ -63.720314, -17.389184199999939 ], [ -63.715288999999899, -17.390826099999938 ], [ -63.711035799999898, -17.392222499999939 ], [ -63.707723299999898, -17.393281299999938 ], [ -63.704868999999896, -17.394194299999938 ], [ -63.701556499999896, -17.39542959999994 ], [ -63.696410899999897, -17.397355299999941 ], [ -63.692768799999897, -17.39868259999994 ], [ -63.688025099999898, -17.400125 ], [ -63.6836030999999, -17.40142929999994 ], [ -63.679414199999897, -17.402710499999941 ], [ -63.6744936999999, -17.40419889999994 ], [ -63.669983199999898, -17.40559519999994 ], [ -63.665705899999899, -17.406822699999939 ], [ -63.661685899999902, -17.407812299999939 ], [ -63.656837799999906, -17.409024499999941 ], [ -63.652874, -17.40993739999994 ], [ -63.649778599999905, -17.411533099999939 ], [ -63.645879199999904, -17.413497 ], [ -63.641995799999904, -17.415461 ], [ -63.638707399999902, -17.417110299999941 ], [ -63.635941699999904, -17.418437499999939 ], [ -63.633786899999905, -17.420992 ], [ -63.631567899999908, -17.423477499999937 ], [ -63.630659299999913, -17.424559099999936 ], [ -63.630368899999915, -17.427578099999938 ] ] } },
{ "type": "Feature", "properties": { "id": 208687017.0, "tags.power": "line", "Type": "Way", "Country": "BO", "Length": 10432.826781100277, "tags.cables": null, "tags.voltage": "69000", "tags.circuits": null, "tags.frequency": null }, "geometry": { "type": "LineString", "coordinates": [ [ -63.236875899999937, -17.74315 ], [ -63.236907099999911, -17.743721 ], [ -63.235852, -17.744367499999942 ], [ -63.234745099999905, -17.745411199999943 ], [ -63.234610199999906, -17.746456299999942 ], [ -63.234632099999907, -17.74761689999994 ], [ -63.234761499999905, -17.748425299999941 ], [ -63.234926499999908, -17.74931389999994 ], [ -63.235092, -17.750379899999942 ], [ -63.234998699999906, -17.751302 ], [ -63.235081599999909, -17.751859799999941 ], [ -63.235525699999911, -17.752991399999942 ], [ -63.235444, -17.753347299999941 ], [ -63.235055899999907, -17.753982 ], [ -63.234438799999907, -17.75466079999994 ], [ -63.233909099999906, -17.755086699999939 ], [ -63.232689, -17.755088499999939 ], [ -63.231789099999908, -17.75542909999994 ], [ -63.231302799999909, -17.755784 ], [ -63.230767, -17.756543199999943 ], [ -63.230293399999908, -17.757193699999942 ], [ -63.229798399999908, -17.757901099999941 ], [ -63.229199799999911, -17.758505299999943 ], [ -63.228510399999912, -17.759196299999942 ], [ -63.227578199999911, -17.759533699999942 ], [ -63.22642649999991, -17.759907899999941 ], [ -63.225889, -17.760386300000022 ], [ -63.225345199999907, -17.76092679999994 ], [ -63.22507, -17.761747099999941 ], [ -63.223992099999911, -17.76248339999994 ], [ -63.223378099999913, -17.76296189999994 ], [ -63.222795599999912, -17.763262399999938 ], [ -63.221997499999915, -17.76329049999994 ], [ -63.221421599999914, -17.763489399999944 ], [ -63.220564399999915, -17.763910699999947 ], [ -63.219724899999918, -17.764331299999949 ], [ -63.218828799999919, -17.764708199999951 ], [ -63.218325599999922, -17.764786599999951 ], [ -63.212082099999918, -17.766827699999951 ], [ -63.208365499999914, -17.768213799999948 ], [ -63.207465899999917, -17.76795 ], [ -63.206988299999914, -17.76742019999995 ], [ -63.206524, -17.766912299999952 ], [ -63.20594239999992, -17.766252299999952 ], [ -63.205406299999922, -17.76565419999995 ], [ -63.204964, -17.765052099999952 ], [ -63.204544399999918, -17.76444449999995 ], [ -63.204100299999915, -17.763804199999946 ], [ -63.203681899999914, -17.763194 ], [ -63.203268499999915, -17.762596699999946 ], [ -63.202882499999916, -17.762009399999947 ], [ -63.202629, -17.761362799999947 ], [ -63.202399099999916, -17.760626 ], [ -63.202194, -17.759938499999947 ], [ -63.201954799999911, -17.759143199999947 ], [ -63.201771499999907, -17.758629199999948 ], [ -63.201448799999909, -17.757979 ], [ -63.20111809999991, -17.75731239999995 ], [ -63.200965600000217, -17.757083300000023 ], [ -63.200622399999908, -17.756271699999949 ], [ -63.199702499999908, -17.755751 ], [ -63.198982799999911, -17.755322499999949 ], [ -63.198349399999913, -17.75496019999995 ], [ -63.19766389999991, -17.754575799999948 ], [ -63.19631529999991, -17.753881 ], [ -63.195597399999912, -17.753553199999946 ], [ -63.195367499999776, -17.7534501 ], [ -63.194916, -17.753247699999946 ], [ -63.194194899999914, -17.752939599999944 ], [ -63.193497699999917, -17.752663599999945 ], [ -63.19278719999992, -17.752394 ], [ -63.192166899999918, -17.752116899999944 ], [ -63.191622799999919, -17.751870499999942 ], [ -63.190851799999919, -17.751455299999943 ], [ -63.190144799999921, -17.751242899999944 ], [ -63.189411900000209, -17.751045500000156 ], [ -63.18816130000021, -17.750705400000154 ], [ -63.186954299999918, -17.750444499999944 ], [ -63.186031500000212, -17.750248000000155 ], [ -63.185156199999916, -17.750121799999942 ], [ -63.185103199999915, -17.749400299999941 ], [ -63.185025599999918, -17.748895099999942 ], [ -63.184996, -17.74803249999994 ], [ -63.18492059999992, -17.747328 ], [ -63.184826299999919, -17.746479699999938 ], [ -63.184947799999918, -17.745787099999937 ], [ -63.185182499999918, -17.744848899999937 ], [ -63.185255899999916, -17.744565499999936 ], [ -63.185209899999919, -17.743858399999937 ], [ -63.18496859999992, -17.743407899999937 ], [ -63.184592199999919, -17.742639399999938 ], [ -63.184550599999916, -17.742139 ], [ -63.184566, -17.740318699999939 ], [ -63.183970299999913, -17.740020599999941 ], [ -63.183204700000019, -17.7400435 ], [ -63.182496599999915, -17.740051399999938 ], [ -63.182016199999914, -17.74005 ], [ -63.181554499999912, -17.73992839999994 ], [ -63.181079799999914, -17.73963959999994 ], [ -63.180743799999917, -17.739267599999941 ], [ -63.180395199999914, -17.738608799999941 ], [ -63.180069100000146, -17.738212500000248 ], [ -63.179777599999916, -17.737641199999942 ], [ -63.179934799999913, -17.737152099999939 ] ] } },
{ "type": "Feature", "properties": { "id": 208722449.0, "tags.power": "line", "Type": "Way", "Country": "BO", "Length": 3571.2466795655255, "tags.cables": null, "tags.voltage": "69000", "tags.circuits": null, "tags.frequency": null }, "geometry": { "type": "LineString", "coordinates": [ [ -63.205094099999911, -17.784689 ], [ -63.205777799999922, -17.782611099999954 ], [ -63.206448799999919, -17.782625 ], [ -63.207403099999915, -17.782621599999956 ], [ -63.208219199999917, -17.782638199999955 ], [ -63.208932799999914, -17.782653799999956 ], [ -63.209725499999912, -17.782671399999955 ], [ -63.210670599999915, -17.782746699999954 ], [ -63.211386299999916, -17.782784399999954 ], [ -63.212270499999917, -17.782815899999953 ], [ -63.212558, -17.782940099999951 ], [ -63.21461529999997, -17.782968299999968 ], [ -63.214822299999916, -17.782971099999951 ], [ -63.216231499999914, -17.78304909999995 ], [ -63.216712199999911, -17.783061 ], [ -63.21669959999992, -17.782476399999954 ], [ -63.216684499999921, -17.782047399999954 ], [ -63.216666899999922, -17.781304599999952 ], [ -63.216654299999924, -17.780561699999954 ], [ -63.216634199999923, -17.779598399999955 ], [ -63.21659139999992, -17.778860299999955 ], [ -63.216459199999917, -17.777936799999956 ], [ -63.216193299999915, -17.776877599999956 ], [ -63.215621899999917, -17.776249399999955 ], [ -63.215180099999941, -17.775681800000093 ], [ -63.214794, -17.775201699999954 ], [ -63.213911899999921, -17.774156699999953 ], [ -63.211882299999921, -17.772293 ], [ -63.210505099999921, -17.77103789999995 ], [ -63.209438499999919, -17.769985 ], [ -63.208209399999916, -17.76873559999995 ], [ -63.208365499999914, -17.768213799999948 ] ] } },
{ "type": "Feature", "properties": { "id": 216180128.0, "tags.power": "line", "Type": "Way", "Country": "BO", "Length": 32959.752750422616, "tags.cables": "3", "tags.voltage": "115000", "tags.circuits": null, "tags.frequency": "50" }, "geometry": { "type": "LineString", "coordinates": [ [ -68.139257599999908, -16.185065500000036 ], [ -68.139392599999908, -16.186134 ], [ -68.13951919999991, -16.187036100000039 ], [ -68.139803299999912, -16.189295300000037 ], [ -68.138284099999908, -16.192218 ], [ -68.136944899999889, -16.193193400000037 ], [ -68.134861199999875, -16.194120700000038 ], [ -68.129105999999879, -16.196743100000042 ], [ -68.12766809999988, -16.200178700000041 ], [ -68.12683389999988, -16.202142900000045 ], [ -68.125980899999874, -16.204146800000043 ], [ -68.12525789999988, -16.205931600000046 ], [ -68.123973499999877, -16.209038500000045 ], [ -68.123252999999863, -16.210700200000044 ], [ -68.122612099999856, -16.212261 ], [ -68.122304699999859, -16.214574 ], [ -68.122016099999854, -16.216550800000046 ], [ -68.121837199999845, -16.218436 ], [ -68.121355299999848, -16.220527300000047 ], [ -68.121218099999851, -16.222961700000045 ], [ -68.120913999999843, -16.225520800000044 ], [ -68.120546599999841, -16.228601500000043 ], [ -68.12023239999985, -16.231667600000044 ], [ -68.120045599999855, -16.233910900000044 ], [ -68.119958299999851, -16.235589 ], [ -68.119690199999852, -16.238134400000042 ], [ -68.119563699999858, -16.239623200000043 ], [ -68.119391999999863, -16.241686800000043 ], [ -68.119107, -16.245416300000013 ], [ -68.118906300000049, -16.247794900000013 ], [ -68.118813300000042, -16.249026 ], [ -68.118743500000051, -16.250100800000013 ], [ -68.11856070000006, -16.253623400000013 ], [ -68.117958300000069, -16.256337700000014 ], [ -68.118044700000056, -16.258837100000015 ], [ -68.118236500000052, -16.260174200000016 ], [ -68.118921300000054, -16.262067900000019 ], [ -68.119822400000047, -16.264495600000021 ], [ -68.120690200000041, -16.26677740000002 ], [ -68.121057500000035, -16.26802720000002 ], [ -68.121475599999812, -16.269470100000035 ], [ -68.122101, -16.271661200000022 ], [ -68.12246579999983, -16.272798200000036 ], [ -68.12315790000001, -16.275143 ], [ -68.1242344, -16.279147700000024 ], [ -68.12471960000002, -16.280961500000025 ], [ -68.1271542, -16.287308300000028 ], [ -68.127710400000012, -16.289149500000025 ], [ -68.128393, -16.291304700000026 ], [ -68.128997600000019, -16.293105300000025 ], [ -68.129775200000012, -16.295551900000028 ], [ -68.130345100000014, -16.297304600000025 ], [ -68.13096, -16.299159500000027 ], [ -68.13186690000002, -16.300649300000028 ], [ -68.132733, -16.30211330000003 ], [ -68.133672899999979, -16.303591600000068 ], [ -68.135158799999971, -16.305957400000075 ], [ -68.13715879999998, -16.30904450000007 ], [ -68.138862, -16.311698700000068 ], [ -68.140634899999981, -16.314509800000074 ], [ -68.142392699999974, -16.317286800000065 ], [ -68.144224699999981, -16.320213500000072 ], [ -68.146417799999966, -16.323658200000072 ], [ -68.1474299, -16.325297500000076 ], [ -68.148188, -16.32649230000008 ], [ -68.148766099999989, -16.328342300000074 ], [ -68.149143899999984, -16.329740300000072 ], [ -68.149741, -16.331707200000078 ], [ -68.150369599999976, -16.333861200000072 ], [ -68.150766599999983, -16.335199500000073 ], [ -68.15147469999998, -16.337593300000073 ], [ -68.15201110000001, -16.339377 ], [ -68.152608299999983, -16.341343900000069 ], [ -68.152864099999988, -16.343418 ], [ -68.1533164, -16.346828700000078 ], [ -68.1537143, -16.34987810000008 ], [ -68.1534354, -16.35311070000008 ], [ -68.153247600000014, -16.355092600000081 ], [ -68.153104500000012, -16.356526500000079 ], [ -68.1528641, -16.358034100000079 ], [ -68.1526244, -16.359447600000077 ], [ -68.1523276, -16.36135670000008 ], [ -68.151989700000016, -16.363312700000083 ], [ -68.1517471, -16.365343100000079 ], [ -68.151421, -16.366799900000071 ], [ -68.151254399999985, -16.368083700000067 ], [ -68.151160100000013, -16.369152100000083 ], [ -68.1512833, -16.371123700000084 ], [ -68.15149089999997, -16.373333900000073 ], [ -68.1517055, -16.375603400000074 ], [ -68.151845, -16.377266100000075 ], [ -68.152029, -16.379273600000076 ], [ -68.152204399999988, -16.381192800000068 ], [ -68.15240289999997, -16.383117900000073 ], [ -68.152579899999978, -16.385119900000074 ], [ -68.152747799999972, -16.387096700000072 ], [ -68.152944699999978, -16.389185600000069 ], [ -68.153218299999978, -16.392227100000071 ], [ -68.1534972, -16.395402200000074 ], [ -68.153770799999975, -16.398557100000069 ], [ -68.154076599999982, -16.40167540000007 ], [ -68.15436619999997, -16.404850500000073 ], [ -68.154618399999976, -16.407603600000073 ], [ -68.15491339999997, -16.410845600000073 ], [ -68.155262099999973, -16.414730700000071 ], [ -68.155498099999974, -16.417360100000074 ], [ -68.155789399999989, -16.420453200000075 ], [ -68.1561043, -16.423915600000075 ], [ -68.156394, -16.426982300000073 ], [ -68.156635399999971, -16.430080100000072 ], [ -68.156973399999984, -16.433486300000073 ], [ -68.157204, -16.436064100000074 ], [ -68.157563399999972, -16.439943300000074 ], [ -68.157869199999979, -16.44327220000007 ], [ -68.158201799999972, -16.446915 ], [ -68.15847, -16.449909100000074 ], [ -68.158276899999976, -16.451133600000073 ], [ -68.158616499999965, -16.451854600000075 ], [ -68.15958569999998, -16.453356400000064 ], [ -68.159613799999946, -16.453948100000066 ] ] } },
{ "type": "Feature", "properties": { "id": 216666353.0, "tags.power": "line", "Type": "Way", "Country": "BO", "Length": 136235.4925389764, "tags.cables": null, "tags.voltage": null, "tags.circuits": null, "tags.frequency": null }, "geometry": { "type": "LineString", "coordinates": [ [ -67.420124200000117, -16.957204599999908 ], [ -67.418329999999898, -16.958484599999966 ], [ -67.417745499999896, -16.960174 ], [ -67.416867699999941, -16.963301399999963 ], [ -67.416456399999902, -16.964455599999969 ], [ -67.415936499999901, -16.966119 ], [ -67.415567, -16.970334399999963 ], [ -67.415214199999951, -16.974447799999957 ], [ -67.415168299999934, -16.974945 ], [ -67.412131599999952, -16.977364699999956 ], [ -67.410975399999941, -16.978250099999958 ], [ -67.410390899999939, -16.978703099999965 ], [ -67.407741499999943, -16.979611 ], [ -67.403044799999947, -16.981128899999959 ], [ -67.400566, -16.982021399999958 ], [ -67.399014099999945, -16.984085199999956 ], [ -67.398872399999945, -16.984583399999966 ], [ -67.397720599999943, -16.986025299999955 ], [ -67.394221, -16.991233199999964 ], [ -67.394131599999895, -16.992668899999966 ], [ -67.394032599999733, -16.998651700000043 ], [ -67.3942092, -17.000471099999945 ], [ -67.3943488, -17.002432399999947 ], [ -67.3944683, -17.003803299999948 ], [ -67.394604, -17.005158399999949 ], [ -67.394725, -17.00641249999995 ], [ -67.3940894, -17.007245 ], [ -67.3932979, -17.008307899999952 ], [ -67.3922671, -17.009692099999953 ], [ -67.3901068, -17.011490499999951 ], [ -67.387601, -17.012575799999951 ], [ -67.3862166, -17.013181399999951 ], [ -67.3851803, -17.013595599999952 ], [ -67.3843414, -17.014476399999953 ], [ -67.3836176, -17.015179 ], [ -67.381975399999988, -17.017538399999953 ], [ -67.3812105, -17.018804499999952 ], [ -67.3805334, -17.019926499999951 ], [ -67.379327299999986, -17.021810899999952 ], [ -67.378208799999982, -17.023659 ], [ -67.377419199999977, -17.024940899999951 ], [ -67.375054799999972, -17.028788 ], [ -67.373978199999968, -17.030552 ], [ -67.373361799999969, -17.031543699999954 ], [ -67.372223499999976, -17.033407299999954 ], [ -67.371345399999981, -17.034434099999956 ], [ -67.36963369999998, -17.036445099999955 ], [ -67.36892229999998, -17.037305099999955 ], [ -67.366734099999974, -17.039972199999955 ], [ -67.36588559999997, -17.040970799999954 ], [ -67.364975499999971, -17.043317 ], [ -67.364562, -17.044356699999955 ], [ -67.364164599999981, -17.045344899999954 ], [ -67.363489, -17.047106299999953 ], [ -67.3625063, -17.049507199999955 ], [ -67.3621996, -17.050397299999954 ], [ -67.355205, -17.052117899999953 ], [ -67.3511997, -17.053128099999952 ], [ -67.3499169, -17.053420799999952 ], [ -67.3474293, -17.054061799999953 ], [ -67.3438398, -17.054963499999953 ], [ -67.339255, -17.054187899999881 ], [ -67.338011399999985, -17.053999099999881 ], [ -67.336874199999983, -17.053784899999883 ], [ -67.334339699999987, -17.053356599999884 ], [ -67.327396899999982, -17.052173199999885 ], [ -67.326056599999987, -17.051924499999885 ], [ -67.318610299999989, -17.052331499999884 ], [ -67.317561399999988, -17.052374699999884 ], [ -67.315083099999981, -17.052053499999886 ], [ -67.314238299999985, -17.051939099999885 ], [ -67.312603399999986, -17.053441999999883 ], [ -67.311316199999979, -17.054661699999883 ], [ -67.309647399999989, -17.056162699999884 ], [ -67.304772, -17.055104499999885 ], [ -67.302771, -17.054690699999885 ], [ -67.300368299999306, -17.054060799999981 ], [ -67.298524599999297, -17.051745599999983 ], [ -67.297628099999301, -17.050572099999982 ], [ -67.295782399999311, -17.048175199999982 ], [ -67.294883199999305, -17.046985699999986 ], [ -67.2938843999993, -17.045703799999988 ], [ -67.291484699999302, -17.042677799999989 ], [ -67.291012999999296, -17.042067299999989 ], [ -67.290110799999297, -17.040927199999988 ], [ -67.288407999999293, -17.038707099999986 ], [ -67.285544299999287, -17.035076799999981 ], [ -67.284586599999329, -17.032950499999984 ], [ -67.285227499999294, -17.03514509999998 ], [ -67.287535199999297, -17.038346899999986 ], [ -67.288248399999304, -17.039368499999988 ], [ -67.289506099999301, -17.041160699999988 ], [ -67.290713099999309, -17.042779499999988 ], [ -67.291308499999303, -17.043599499999988 ], [ -67.292355799999299, -17.045107299999987 ], [ -67.293771499999309, -17.047008599999987 ], [ -67.295134699999309, -17.048958 ], [ -67.295669899999311, -17.049649299999981 ], [ -67.2959711999993, -17.050782699999981 ], [ -67.296422799999306, -17.052487 ], [ -67.297124599999307, -17.05492169999998 ], [ -67.297834099999307, -17.057467399999982 ], [ -67.298155099999306, -17.058539499999984 ], [ -67.298273699999299, -17.059455599999986 ], [ -67.298500899999297, -17.061868599999986 ], [ -67.298732999999302, -17.064182499999987 ], [ -67.298960299999308, -17.066439599999988 ], [ -67.299278599999198, -17.069268499999989 ], [ -67.29948459999919, -17.0708267 ], [ -67.299788499999181, -17.0737043 ], [ -67.300009899999182, -17.0758385 ], [ -67.300208199999176, -17.0774607 ], [ -67.302072700000039, -17.081946199999887 ], [ -67.303684, -17.083226999999887 ], [ -67.304593, -17.083999899999888 ], [ -67.307371500000045, -17.08610439999989 ], [ -67.309071100000054, -17.087436099999891 ], [ -67.314073, -17.091288699999893 ], [ -67.315187600000058, -17.092179599999895 ], [ -67.315966700000047, -17.093063899999894 ], [ -67.31722190000005, -17.094463699999892 ], [ -67.32035570000005, -17.099532099999891 ], [ -67.321630900000045, -17.101717399999892 ], [ -67.321846100000045, -17.103338799999889 ], [ -67.322046900000046, -17.104673299999888 ], [ -67.322310900000048, -17.106592499999888 ], [ -67.322716200000045, -17.109172699999885 ], [ -67.323210800000041, -17.112683999999884 ], [ -67.323519400000038, -17.114894499999885 ], [ -67.323880100000039, -17.117407099999888 ], [ -67.324133, -17.118878399999886 ], [ -67.324456500000025, -17.121142099999886 ], [ -67.324672200000023, -17.122446299999886 ], [ -67.324951100000021, -17.124539499999887 ], [ -67.325218800000016, -17.126653899999887 ], [ -67.325549800000019, -17.128857099999887 ], [ -67.325821200000021, -17.130712099999887 ], [ -67.326048, -17.132314699999885 ], [ -67.326360400000013, -17.134144099999887 ], [ -67.32674160000002, -17.136993499999885 ], [ -67.326831, -17.137495999999885 ], [ -67.32709610000002, -17.139551099999885 ], [ -67.327545700000016, -17.141397799999886 ], [ -67.327803400000022, -17.142430499999886 ], [ -67.328263600000014, -17.144257199999885 ], [ -67.328665900000018, -17.146284799999886 ], [ -67.329236400000013, -17.148515899999886 ], [ -67.329775500000011, -17.150824899999886 ], [ -67.330198800000019, -17.152603699999887 ], [ -67.330695800000015, -17.154741799999886 ], [ -67.330992900000012, -17.155962799999887 ], [ -67.33149250000001, -17.158040599999886 ], [ -67.3320078, -17.160354499999883 ], [ -67.3324496, -17.162216099999885 ], [ -67.3331503, -17.165244699999885 ], [ -67.3335051, -17.166746599999886 ], [ -67.3339806, -17.168768699999884 ], [ -67.334574, -17.171141599999885 ], [ -67.3348398, -17.172472899999885 ], [ -67.3352557, -17.174263 ], [ -67.3357074, -17.1761595 ], [ -67.3361964, -17.1781651 ], [ -67.3363691, -17.1788582 ], [ -67.3367571, -17.1805236 ], [ -67.3372726, -17.1828186 ], [ -67.3378093, -17.1851187 ], [ -67.338335500000014, -17.1873302 ], [ -67.3388653, -17.1894807 ], [ -67.3393369, -17.191706 ], [ -67.3398367, -17.1937919 ], [ -67.3402727, -17.1956192 ], [ -67.3404718, -17.1970337 ], [ -67.3399006, -17.1987604 ], [ -67.339227900000012, -17.2008677 ], [ -67.338675500000022, -17.2027452 ], [ -67.337702200000024, -17.2057751 ], [ -67.337183600000017, -17.2075197 ], [ -67.33646210000002, -17.2098638 ], [ -67.335702900000015, -17.212172 ], [ -67.335034, -17.2142971 ], [ -67.334365100000028, -17.2164473 ], [ -67.333707400000023, -17.2185508 ], [ -67.333082200000021, -17.2205166 ], [ -67.332450800000018, -17.2225093 ], [ -67.331825800000018, -17.2244519 ], [ -67.331073100000012, -17.2268856 ], [ -67.3303175, -17.2292505 ], [ -67.3298931, -17.2306149 ], [ -67.329278, -17.2326063 ], [ -67.3285895, -17.2348161 ], [ -67.32786, -17.2371941 ], [ -67.327495500000026, -17.2383354 ], [ -67.326812500000031, -17.2404791 ], [ -67.326148200000034, -17.2426261 ], [ -67.325505100000029, -17.244697 ], [ -67.324814200000034, -17.2467984 ], [ -67.324149900000037, -17.248925 ], [ -67.323475, -17.2510619 ], [ -67.322826600000027, -17.2531276 ], [ -67.322178200000025, -17.255244 ], [ -67.321652100000023, -17.25699 ], [ -67.321088700000018, -17.2586648 ], [ -67.320392500000025, -17.2608015 ], [ -67.319733300000024, -17.2629124 ], [ -67.318728900000025, -17.2661288 ], [ -67.318068500000038, -17.268254 ], [ -67.31732180000003, -17.2706545 ], [ -67.316584400000039, -17.2730131 ], [ -67.316001200000045, -17.2748032 ], [ -67.31533830000005, -17.2769452 ], [ -67.314681400000055, -17.2791054 ], [ -67.313962100000055, -17.2812427 ], [ -67.313300400000045, -17.2834857 ], [ -67.312869900000052, -17.2848127 ], [ -67.312221500000049, -17.2868958 ], [ -67.311563800000044, -17.2889548 ], [ -67.310800900000046, -17.2913661 ], [ -67.310117, -17.293562 ], [ -67.309632200000053, -17.2950906 ], [ -67.30902720000006, -17.2970039 ], [ -67.307720500000059, -17.3011478 ], [ -67.30713060000005, -17.3030201 ], [ -67.30650610000005, -17.3050827 ], [ -67.305833800000045, -17.3071225 ], [ -67.305313, -17.3087588 ], [ -67.304723100000061, -17.3106692 ], [ -67.303917900000059, -17.3132213 ], [ -67.303192500000051, -17.31554 ], [ -67.302472300000062, -17.3178283 ], [ -67.301117100000056, -17.3221662 ], [ -67.300365100000064, -17.3245432 ], [ -67.299599800000067, -17.3269657 ], [ -67.298908900000072, -17.3291803 ], [ -67.298228600000073, -17.331384699999987 ], [ -67.297524500000065, -17.333594099999985 ], [ -67.296844200000066, -17.335800899999985 ], [ -67.296148, -17.338000099999984 ], [ -67.295648400000076, -17.339542299999984 ], [ -67.295186, -17.341023699999983 ], [ -67.294747600000079, -17.342395899999982 ], [ -67.29401680000008, -17.344729499999982 ], [ -67.293413600000079, -17.346672399999981 ], [ -67.292823700000085, -17.348554499999981 ], [ -67.292342700000091, -17.350122 ], [ -67.291763400000093, -17.35183649999998 ], [ -67.291178800000111, -17.35375149999998 ], [ -67.29052510000011, -17.355894699999979 ], [ -67.290025500000141, -17.357492599999979 ], [ -67.289321400000105, -17.359716899999984 ], [ -67.28875, -17.361436499999982 ], [ -67.288085700000082, -17.363602399999976 ], [ -67.287413400000077, -17.365778399999975 ], [ -67.286913800000079, -17.367330599999974 ], [ -67.286217600000086, -17.369603 ], [ -67.285383200000084, -17.372139099999977 ], [ -67.28496340000008, -17.373483199999978 ], [ -67.284517, -17.374951599999978 ], [ -67.28380750000008, -17.377175699999977 ], [ -67.28297570000008, -17.37983849999998 ], [ -67.282353900000075, -17.38187229999998 ], [ -67.281816400000068, -17.383563899999981 ], [ -67.28096950000004, -17.386165599999984 ], [ -67.280459300000032, -17.387816499999982 ], [ -67.279941100000045, -17.38944709999998 ], [ -67.279404300000053, -17.39107 ], [ -67.278779700000044, -17.393096199999977 ], [ -67.278153400000036, -17.395248499999976 ], [ -67.277605200000039, -17.396944199999979 ], [ -67.27694190000004, -17.399110799999985 ], [ -67.276179600000049, -17.401465 ], [ -67.275487700000042, -17.403690199999982 ], [ -67.274794100000037, -17.405884699999984 ], [ -67.274044900000035, -17.408271 ], [ -67.273539400000033, -17.409793199999985 ], [ -67.27288860000003, -17.411854599999987 ], [ -67.271490900000018, -17.416318 ], [ -67.270648400000013, -17.418943799999987 ], [ -67.269238, -17.423464299999985 ], [ -67.268642700000015, -17.425336199999986 ], [ -67.268084700000017, -17.427105899999987 ], [ -67.267229300000011, -17.429928799999985 ], [ -67.266394600000012, -17.432457899999985 ], [ -67.2656639, -17.434787699999983 ], [ -67.2650394, -17.436846299999985 ], [ -67.2643007, -17.439087399999984 ], [ -67.263769200000013, -17.440818899999986 ], [ -67.26312080000001, -17.442836899999985 ], [ -67.2623582, -17.444185599999987 ], [ -67.2615118, -17.445758599999987 ], [ -67.2606279, -17.447334699999988 ], [ -67.259745600000016, -17.448888699999987 ], [ -67.258145100000021, -17.451727199999986 ], [ -67.257099600000018, -17.453646799999987 ], [ -67.255881100000025, -17.455780799999989 ], [ -67.254704900000036, -17.457863599999989 ], [ -67.253863100000032, -17.459355899999988 ], [ -67.252706100000026, -17.461423899999986 ], [ -67.250775700000034, -17.464882899999985 ], [ -67.249511800000036, -17.466822199999985 ], [ -67.247938200000036, -17.469202899999988 ], [ -67.246507800000032, -17.471499899999987 ], [ -67.245075400000033, -17.473690699999988 ], [ -67.243877300000037, -17.475627499999987 ], [ -67.242943100000033, -17.477411799999988 ], [ -67.242076, -17.479153899999989 ], [ -67.240570300000044, -17.482168899999987 ], [ -67.239526600000048, -17.484248 ], [ -67.238512800000038, -17.4862779 ], [ -67.237482700000044, -17.488307699999989 ], [ -67.236687, -17.4900008 ], [ -67.235615800000048, -17.491968599999989 ], [ -67.234634, -17.493990699999987 ], [ -67.233816800000056, -17.495617299999989 ], [ -67.232816700000058, -17.497637299999987 ], [ -67.231804400000058, -17.499645799999985 ], [ -67.230769800000061, -17.501708499999985 ], [ -67.229879500000067, -17.503443499999985 ], [ -67.228857, -17.505467399999983 ], [ -67.227830500000081, -17.507516399999982 ], [ -67.226799900000088, -17.50962359999998 ], [ -67.225759200000084, -17.511639699999979 ], [ -67.224671700000087, -17.513834099999979 ], [ -67.223551700000087, -17.516030299999979 ], [ -67.222254800000087, -17.51857739999998 ], [ -67.221181500000085, -17.520777599999981 ], [ -67.220016800000096, -17.523045499999981 ], [ -67.219563500000092, -17.52395839999998 ], [ -67.218280800000102, -17.526509299999979 ], [ -67.216958900000108, -17.52917859999998 ], [ -67.215781400000111, -17.53144649999998 ], [ -67.214616500000119, -17.533811799999981 ], [ -67.213629700000126, -17.535756699999979 ], [ -67.212899700000122, -17.537246899999978 ], [ -67.212048700000125, -17.538894299999978 ], [ -67.211050800000123, -17.540916199999977 ], [ -67.209964900000116, -17.543056899999979 ], [ -67.209051400000121, -17.544851299999976 ], [ -67.207815200000127, -17.547303299999978 ], [ -67.206597200000118, -17.549713299999976 ], [ -67.20553700000012, -17.551790899999975 ], [ -67.20420900000012, -17.554414199999975 ], [ -67.203503500000124, -17.555834099999977 ], [ -67.202413900000138, -17.557992099999979 ], [ -67.201625200000137, -17.559576499999977 ], [ -67.200446000000142, -17.56182029999998 ], [ -67.199071900000135, -17.56453939999998 ], [ -67.198099800000136, -17.566477 ], [ -67.197215800000137, -17.56821889999998 ], [ -67.196254700000139, -17.570187899999979 ], [ -67.194871700000135, -17.572807399999981 ], [ -67.19390680000015, -17.574968699999982 ], [ -67.192901700000149, -17.577371299999982 ], [ -67.191658100000154, -17.580134099999981 ], [ -67.190818000000164, -17.58207849999998 ], [ -67.190209000000166, -17.583379399999981 ], [ -67.188789300000167, -17.586656199999982 ], [ -67.187930900000168, -17.588530599999981 ], [ -67.18687430000017, -17.591002899999982 ], [ -67.185777500000171, -17.593524199999983 ], [ -67.184888100000165, -17.595538499999982 ], [ -67.184240400000164, -17.596968599999983 ], [ -67.183792800000163, -17.597975699999981 ], [ -67.182879400000161, -17.600017799999982 ], [ -67.182292400000151, -17.601434 ], [ -67.181951200000157, -17.602157799999979 ], [ -67.181412000000151, -17.603371199999977 ], [ -67.180381100000147, -17.605661499999975 ], [ -67.179716000000141, -17.607210599999977 ], [ -67.178785300000143, -17.609259499999975 ], [ -67.177890200000149, -17.611347 ], [ -67.176954700000152, -17.613441399999978 ], [ -67.176011900000148, -17.615507799999978 ], [ -67.175123900000159, -17.617591199999978 ], [ -67.174370400000171, -17.619275099999978 ], [ -67.173721300000167, -17.620698499999978 ], [ -67.17310400000018, -17.622168499999976 ], [ -67.172173200000174, -17.624211499999976 ], [ -67.171262400000174, -17.626315 ], [ -67.169423300000176, -17.630432499999976 ], [ -67.168505400000171, -17.632499099999976 ], [ -67.167605800000175, -17.634552 ], [ -67.165772500000173, -17.638691499999975 ], [ -67.163946300000163, -17.642858699999977 ], [ -67.162979100000157, -17.644899599999977 ], [ -67.162065700000156, -17.646969599999977 ], [ -67.16162680000015, -17.647996599999978 ], [ -67.158392400000153, -17.655255299999979 ], [ -67.155671600000161, -17.661476299999979 ], [ -67.151993700000162, -17.669744199999979 ], [ -67.147381800000176, -17.680147199999979 ], [ -67.144940600000169, -17.68563679999998 ], [ -67.141504600000161, -17.693278499999977 ], [ -67.14057610000016, -17.695356799999978 ], [ -67.139688800000172, -17.697399499999978 ], [ -67.138742200000166, -17.699486799999978 ], [ -67.137813700000166, -17.701572599999977 ], [ -67.137232500000167, -17.702967599999976 ], [ -67.136275900000157, -17.705007499999976 ], [ -67.134401900000157, -17.709763899999974 ], [ -67.132598400000148, -17.713314 ], [ -67.131654400000158, -17.715392 ], [ -67.130937500000158, -17.717054299999972 ], [ -67.129084700000149, -17.721213199999973 ], [ -67.128341900000152, -17.722796599999974 ], [ -67.127848500000155, -17.723960699999974 ], [ -67.123736200000153, -17.733170599999976 ], [ -67.122800500000153, -17.735263799999977 ], [ -67.121878700000153, -17.737334 ], [ -67.120689700000156, -17.740012899999979 ], [ -67.118829500000146, -17.744152599999978 ], [ -67.117383000000146, -17.747414899999978 ], [ -67.116978500000144, -17.748289099999976 ], [ -67.116397800000144, -17.749608699999978 ], [ -67.115459000000143, -17.751711499999978 ], [ -67.114576000000142, -17.753725799999977 ], [ -67.11272380000014, -17.75786 ], [ -67.111762800000136, -17.759905499999977 ], [ -67.110877800000125, -17.761992099999976 ], [ -67.109968200000125, -17.764064899999976 ], [ -67.108994800000119, -17.766141599999976 ], [ -67.108081100000121, -17.768249599999976 ], [ -67.107179600000123, -17.770291099999977 ], [ -67.104426500000116, -17.776462499999976 ], [ -67.102565500000111, -17.780605 ], [ -67.100709200000111, -17.784730699999976 ], [ -67.099811700000117, -17.786796299999974 ], [ -67.098896900000113, -17.78886 ], [ -67.097976300000113, -17.790931099999973 ], [ -67.097070200000118, -17.792988699999974 ], [ -67.09613520000012, -17.79504 ], [ -67.094294100000127, -17.799193 ], [ -67.092473300000137, -17.803307199999971 ], [ -67.091515000000129, -17.805369799999973 ], [ -67.090614700000131, -17.807462799999971 ], [ -67.089694200000125, -17.809514299999972 ], [ -67.087841500000124, -17.813650399999972 ], [ -67.086871500000129, -17.81569079999997 ], [ -67.086009100000126, -17.81775319999997 ], [ -67.085111700000127, -17.81978249999997 ], [ -67.084170800000123, -17.821853199999971 ], [ -67.08327060000012, -17.823946 ], [ -67.081297700000107, -17.828612899999971 ], [ -67.079573200000098, -17.83221959999997 ], [ -67.0786236000001, -17.834273599999971 ], [ -67.077717600000099, -17.836327499999971 ], [ -67.076802800000095, -17.838375899999971 ], [ -67.075867700000103, -17.840440899999972 ], [ -67.0740586000001, -17.844595599999973 ], [ -67.073151500000094, -17.846584499999974 ], [ -67.072202900000093, -17.848695 ], [ -67.071283400000084, -17.850743399999974 ], [ -67.070360900000082, -17.852825299999974 ], [ -67.069415100000086, -17.854872799999974 ], [ -67.068494600000093, -17.856956899999975 ], [ -67.067751100000095, -17.858618099999976 ], [ -67.067579900000098, -17.861041199999978 ], [ -67.067492900000104, -17.862827599999978 ], [ -67.067440700000105, -17.864651799999979 ], [ -67.0673855000001, -17.866901599999981 ], [ -67.067240300000094, -17.871308399999982 ], [ -67.067141600000099, -17.873513899999981 ], [ -67.067100900000099, -17.875725 ], [ -67.067013800000097, -17.87799679999998 ], [ -67.066920900000099, -17.88021879999998 ], [ -67.066868600000106, -17.88238 ], [ -67.066804700000105, -17.88460749999998 ], [ -67.066723400000114, -17.886857099999979 ], [ -67.066636300000113, -17.889068 ], [ -67.066589800000116, -17.891289899999975 ], [ -67.066537500000109, -17.893500699999976 ], [ -67.06642720000012, -17.895750099999976 ], [ -67.066374900000113, -17.897922199999975 ], [ -67.066247100000126, -17.900105299999975 ], [ -67.066171600000132, -17.902338099999977 ], [ -67.066136800000123, -17.904101099999977 ], [ -67.066555000000122, -17.905869699999975 ], [ -67.06705740000011, -17.907989099999973 ], [ -67.067574300000103, -17.910105799999972 ], [ -67.068084100000107, -17.912217299999973 ], [ -67.068633000000105, -17.914322899999974 ], [ -67.06911500000011, -17.916425599999972 ], [ -67.069631900000104, -17.91855049999997 ], [ -67.070154600000109, -17.920683599999972 ], [ -67.070735400000103, -17.922755099999971 ], [ -67.071197500000096, -17.924885299999971 ], [ -67.0717183000001, -17.927051499999973 ], [ -67.072239200000098, -17.929161799999971 ], [ -67.072769900000097, -17.931328899999972 ] ] } },
{ "type": "Feature", "properties": { "id": 216666357.0, "tags.power": "line", "Type": "Way", "Country": "BO", "Length": 99659.664734222912, "tags.cables": null, "tags.voltage": null, "tags.circuits": null, "tags.frequency": null }, "geometry": { "type": "LineString", "coordinates": [ [ -67.283939799999331, -17.032947899999986 ], [ -67.285434099999293, -17.035920599999987 ], [ -67.287470799999298, -17.038753399999987 ], [ -67.288825299999303, -17.040619599999989 ], [ -67.290710699999309, -17.043156499999988 ], [ -67.292193699999302, -17.045215899999988 ], [ -67.294952199999315, -17.049196599999988 ], [ -67.295408099999307, -17.049970399999982 ], [ -67.296033399999303, -17.052365099999982 ], [ -67.297046799999308, -17.056299599999981 ], [ -67.297468599999306, -17.057769599999983 ], [ -67.297937799999303, -17.064196599999988 ], [ -67.29813539999931, -17.066954299999988 ], [ -67.298382499999192, -17.0704673 ], [ -67.298781599999188, -17.0729117 ], [ -67.299013399999183, -17.0745905 ], [ -67.299649399999183, -17.0785364 ], [ -67.301271, -17.081754499999889 ], [ -67.303454900000034, -17.083458399999888 ], [ -67.306887400000051, -17.086109399999891 ], [ -67.308787800000047, -17.087623099999892 ], [ -67.31388, -17.091601899999894 ], [ -67.315413200000052, -17.092743699999893 ], [ -67.316822500000043, -17.094393599999893 ], [ -67.320092700000046, -17.099848699999892 ], [ -67.321504500000046, -17.102124999999891 ], [ -67.321726, -17.104092999999889 ], [ -67.322089700000049, -17.106851999999886 ], [ -67.32246710000004, -17.109744899999885 ], [ -67.322891, -17.113021599999886 ], [ -67.323266600000039, -17.115523599999886 ], [ -67.323649600000039, -17.118267099999887 ], [ -67.324114400000028, -17.121813799999888 ], [ -67.324393300000025, -17.123899799999887 ], [ -67.324709400000017, -17.126216799999888 ], [ -67.32523, -17.130232399999887 ], [ -67.325709700000019, -17.133682799999885 ], [ -67.326221, -17.137553799999885 ], [ -67.326927800000021, -17.140701799999885 ], [ -67.327461600000021, -17.142958199999885 ], [ -67.328076900000013, -17.145355099999886 ], [ -67.328860400000011, -17.148912899999885 ], [ -67.329762300000013, -17.152593699999887 ], [ -67.330201400000021, -17.154490499999888 ], [ -67.3305432, -17.155922599999887 ], [ -67.3314478, -17.159769099999885 ], [ -67.3319316, -17.161854299999884 ], [ -67.3329255, -17.166122699999885 ], [ -67.3335242, -17.168717399999885 ], [ -67.3343833, -17.172170199999886 ], [ -67.334941499999985, -17.1745893 ], [ -67.3358885, -17.1784992 ], [ -67.3364504, -17.1809123 ], [ -67.337128, -17.1838014 ], [ -67.3377417, -17.1863573 ], [ -67.33842940000001, -17.1894053 ], [ -67.339134, -17.1923415 ], [ -67.3399081, -17.1955869 ], [ -67.3400998, -17.1970193 ], [ -67.339269300000012, -17.1996795 ], [ -67.338344800000016, -17.2026411 ], [ -67.337348900000023, -17.2057966 ], [ -67.336398200000019, -17.2087618 ], [ -67.335515, -17.2117197 ], [ -67.334538, -17.2147781 ], [ -67.333688700000025, -17.2174237 ], [ -67.332910800000022, -17.2199758 ], [ -67.331911100000013, -17.2232172 ], [ -67.331095600000012, -17.2256903 ], [ -67.329911900000013, -17.2295704 ], [ -67.328059200000013, -17.2354389 ], [ -67.327255, -17.2380375 ], [ -67.326408600000036, -17.2405958 ], [ -67.325425400000029, -17.243824 ], [ -67.324607, -17.2463974 ], [ -67.323634400000032, -17.2495849 ], [ -67.322624600000026, -17.2527977 ], [ -67.321742400000019, -17.2555536 ], [ -67.320658200000025, -17.2590709 ], [ -67.319648500000028, -17.2623139 ], [ -67.318181600000031, -17.2668765 ], [ -67.317411, -17.2694039 ], [ -67.316486300000037, -17.2723981 ], [ -67.315519, -17.275443 ], [ -67.315071700000047, -17.2769415 ], [ -67.314546700000051, -17.2784008 ], [ -67.313555500000049, -17.281603 ], [ -67.312561700000046, -17.2847721 ], [ -67.311916, -17.2868933 ], [ -67.311248100000043, -17.2890158 ], [ -67.310301100000046, -17.2920263 ], [ -67.309286500000056, -17.295252 ], [ -67.308270600000057, -17.2983976 ], [ -67.307306, -17.3016095 ], [ -67.30626170000005, -17.3049077 ], [ -67.305299700000049, -17.3079242 ], [ -67.304574300000056, -17.3102582 ], [ -67.303617600000052, -17.3133101 ], [ -67.302817800000057, -17.3158064 ], [ -67.30196750000006, -17.3185107 ], [ -67.300856700000054, -17.32208 ], [ -67.300133900000063, -17.324391 ], [ -67.299182600000066, -17.3274147 ], [ -67.29821, -17.330547599999989 ], [ -67.297311900000068, -17.333353099999986 ], [ -67.296442900000073, -17.336077399999983 ], [ -67.295345500000082, -17.339621 ], [ -67.29456160000008, -17.34216 ], [ -67.293203700000078, -17.346510099999982 ], [ -67.292058400000087, -17.350050899999982 ], [ -67.291277100000102, -17.352625399999983 ], [ -67.2901, -17.356287799999979 ], [ -67.289318700000152, -17.358758199999979 ], [ -67.288516200000089, -17.361385699999982 ], [ -67.287727, -17.363922 ], [ -67.286889900000077, -17.366465799999975 ], [ -67.28601040000008, -17.369283399999976 ], [ -67.284995300000077, -17.372484 ], [ -67.284206100000077, -17.375042899999979 ], [ -67.283214900000075, -17.378129199999979 ], [ -67.282468200000082, -17.38058909999998 ], [ -67.28176130000007, -17.382803 ], [ -67.280855200000047, -17.385747199999983 ], [ -67.279898600000038, -17.388671099999982 ], [ -67.279202400000045, -17.390935599999978 ], [ -67.277837900000037, -17.395404499999977 ], [ -67.277225200000046, -17.397285799999981 ], [ -67.276849800000036, -17.398498099999983 ], [ -67.276457600000043, -17.399466399999984 ], [ -67.275738500000045, -17.401664399999984 ], [ -67.274695400000041, -17.404935199999983 ], [ -67.273655900000037, -17.408240599999985 ], [ -67.272713200000027, -17.411040699999987 ], [ -67.271541300000024, -17.414724799999988 ], [ -67.270619200000013, -17.417615299999987 ], [ -67.269516400000015, -17.421076099999986 ], [ -67.268631100000022, -17.423808499999986 ], [ -67.268068700000015, -17.425559299999986 ], [ -67.266995200000011, -17.428956599999985 ], [ -67.2667427, -17.430074699999984 ], [ -67.266105, -17.432161199999985 ], [ -67.265052700000012, -17.435452 ], [ -67.2643538, -17.437612 ], [ -67.2635433, -17.440213 ], [ -67.262642500000013, -17.443047299999986 ], [ -67.2612222, -17.445625499999988 ], [ -67.25965260000001, -17.448450099999988 ], [ -67.25783370000002, -17.451672199999987 ], [ -67.256284700000023, -17.454394799999989 ], [ -67.254470400000031, -17.4576472 ], [ -67.253152, -17.460012199999987 ], [ -67.251898900000029, -17.462248899999985 ], [ -67.250498500000035, -17.464727399999983 ], [ -67.249125900000038, -17.466837799999986 ], [ -67.247769100000042, -17.468997599999987 ], [ -67.246419700000033, -17.471084099999988 ], [ -67.244461200000032, -17.474035499999989 ], [ -67.243613600000032, -17.475339699999989 ], [ -67.242611500000038, -17.477344399999989 ], [ -67.240972500000041, -17.480665299999988 ], [ -67.240153, -17.482258699999988 ], [ -67.238287200000045, -17.486000499999989 ], [ -67.237126600000039, -17.488307699999989 ], [ -67.235715400000046, -17.4910904 ], [ -67.23436770000005, -17.493740599999988 ], [ -67.233095200000051, -17.496299699999987 ], [ -67.231810500000051, -17.498831499999987 ], [ -67.230588900000058, -17.501268399999987 ], [ -67.229491200000069, -17.503472599999984 ], [ -67.226462500000082, -17.509491799999982 ], [ -67.224838400000081, -17.512721399999979 ], [ -67.223210200000082, -17.515999299999979 ], [ -67.22183610000009, -17.518717 ], [ -67.220411100000092, -17.521578099999982 ], [ -67.219283, -17.523799499999981 ], [ -67.218008500000096, -17.526313499999979 ], [ -67.216735100000108, -17.528848 ], [ -67.215317200000115, -17.53165 ], [ -67.213732400000126, -17.53486819999998 ], [ -67.212422800000127, -17.537341299999976 ], [ -67.211003100000127, -17.540195699999977 ], [ -67.208981700000123, -17.544165799999977 ], [ -67.207580400000126, -17.546995499999976 ], [ -67.20630370000012, -17.549569899999977 ], [ -67.205247200000116, -17.551644 ], [ -67.20365510000012, -17.554819899999977 ], [ -67.202193800000131, -17.557778699999979 ], [ -67.200488000000135, -17.561097899999979 ], [ -67.199009600000139, -17.564077799999978 ], [ -67.197538500000135, -17.566921199999982 ], [ -67.195964900000135, -17.570079499999981 ], [ -67.194530500000141, -17.572821399999981 ], [ -67.193628000000146, -17.57488829999998 ], [ -67.192637500000146, -17.577192899999982 ], [ -67.190854700000159, -17.581232199999981 ], [ -67.189750400000165, -17.583708099999981 ], [ -67.188411400000163, -17.586726099999982 ], [ -67.186929400000167, -17.59014269999998 ], [ -67.185634400000168, -17.593048599999982 ], [ -67.184398100000166, -17.595846099999982 ], [ -67.183576400000163, -17.597765899999981 ], [ -67.182142000000155, -17.600996899999981 ], [ -67.181100100000151, -17.603339699999978 ], [ -67.179445700000144, -17.607021699999976 ], [ -67.17822770000015, -17.609833 ], [ -67.17689610000015, -17.612833 ], [ -67.175546000000153, -17.615836499999979 ], [ -67.174149100000164, -17.618931799999977 ], [ -67.172974600000174, -17.621610399999977 ], [ -67.17033300000017, -17.627604 ], [ -67.167643100000177, -17.633667299999974 ], [ -67.16628990000018, -17.636691399999975 ], [ -67.164971200000167, -17.639649799999976 ], [ -67.163616200000163, -17.642785599999975 ], [ -67.162173200000154, -17.645868799999977 ], [ -67.160841400000152, -17.648927699999977 ], [ -67.159505400000157, -17.652040599999978 ], [ -67.158131400000158, -17.655013899999979 ], [ -67.156762500000156, -17.658088099999979 ], [ -67.155449500000159, -17.66112189999998 ], [ -67.154070000000161, -17.664131799999979 ], [ -67.151588500000159, -17.669736299999979 ], [ -67.150192400000165, -17.672851799999979 ], [ -67.148815200000172, -17.675950599999979 ], [ -67.147450100000171, -17.678995799999978 ], [ -67.146161200000179, -17.68199109999998 ], [ -67.144767900000176, -17.685063 ], [ -67.143479100000164, -17.687951099999978 ], [ -67.139463900000166, -17.697039899999979 ], [ -67.138102800000169, -17.700065599999977 ], [ -67.136665300000161, -17.703271 ], [ -67.135268100000161, -17.706411299999974 ], [ -67.132585900000151, -17.712424 ], [ -67.131329200000152, -17.715254299999973 ], [ -67.130012200000152, -17.718325599999972 ], [ -67.128594900000152, -17.721423599999973 ], [ -67.125835600000158, -17.727619699999973 ], [ -67.124527200000159, -17.730589099999975 ], [ -67.123166000000154, -17.733587499999977 ], [ -67.12187300000015, -17.736511899999979 ], [ -67.120476900000156, -17.739603699999979 ], [ -67.119121900000152, -17.742685499999979 ], [ -67.11775100000014, -17.745788099999977 ], [ -67.116383300000138, -17.748837 ], [ -67.115029800000144, -17.751909 ], [ -67.113668400000137, -17.754914799999977 ], [ -67.112288500000133, -17.758002699999977 ], [ -67.110951700000129, -17.761098399999977 ], [ -67.109543100000124, -17.764215499999978 ], [ -67.108202200000122, -17.767285599999976 ], [ -67.106814100000122, -17.770316599999976 ], [ -67.104034400000117, -17.776630799999975 ], [ -67.102692800000113, -17.779721199999976 ], [ -67.101313000000104, -17.782735199999976 ], [ -67.099994600000116, -17.785653599999975 ], [ -67.098663800000111, -17.788734699999974 ], [ -67.097227100000111, -17.791802499999974 ], [ -67.095868000000124, -17.794879599999973 ], [ -67.094523500000122, -17.797901699999972 ], [ -67.09321090000013, -17.800954299999969 ], [ -67.091796700000131, -17.803987399999972 ], [ -67.090457900000132, -17.807086799999972 ], [ -67.089055300000126, -17.810177899999971 ], [ -67.087675900000121, -17.813304799999973 ], [ -67.086351700000122, -17.816235399999972 ], [ -67.083700400000126, -17.822184899999971 ], [ -67.082350100000113, -17.825228799999969 ] ] } },
{ "type": "Feature", "properties": { "id": 216880027.0, "tags.power": "line", "Type": "Way", "Country": "BO", "Length": 15056.295362317152, "tags.cables": null, "tags.voltage": null, "tags.circuits": null, "tags.frequency": null }, "geometry": { "type": "LineString", "coordinates": [ [ -67.420124200000117, -16.957204599999908 ], [ -67.422004400000105, -16.955840199999908 ], [ -67.423680300000115, -16.954737099999907 ], [ -67.425142300000118, -16.954036699999907 ], [ -67.425858500000118, -16.954127499999906 ], [ -67.428542100000115, -16.954612 ], [ -67.430184200000113, -16.95489 ], [ -67.431394700000112, -16.955124599999905 ], [ -67.432908000000111, -16.955378899999907 ], [ -67.44026070000011, -16.956696199999907 ], [ -67.442089600000116, -16.956758799999907 ], [ -67.442695500000113, -16.956724699999906 ], [ -67.443624900000103, -16.956457199999907 ], [ -67.446415800000111, -16.955633799999909 ], [ -67.448951700000109, -16.954891699999905 ], [ -67.451994800000122, -16.953981699999908 ], [ -67.460090400000126, -16.950128899999907 ], [ -67.470959800000131, -16.948974599999907 ], [ -67.473852200000124, -16.947656799999908 ], [ -67.475500000000125, -16.946922499999907 ], [ -67.476418800000118, -16.946503399999909 ], [ -67.477942600000119, -16.945795 ], [ -67.479264600000121, -16.945157099999907 ], [ -67.481385400000121, -16.944203899999906 ], [ -67.483517800000115, -16.943202599999907 ], [ -67.485018300000121, -16.942546099999905 ], [ -67.487941600000127, -16.941181299999904 ], [ -67.488612300000128, -16.940888299999905 ], [ -67.489007800000124, -16.940569299999904 ], [ -67.492979000000119, -16.937289399999905 ], [ -67.494788400000118, -16.935802299999906 ], [ -67.497250300000118, -16.933830099999906 ], [ -67.497842400000124, -16.933300299999907 ], [ -67.50340610000012, -16.928740099999906 ], [ -67.50368520000012, -16.927642199999905 ], [ -67.504657699999981, -16.9235408 ], [ -67.50482989999955, -16.922654099999985 ], [ -67.506120799999977, -16.9177132 ], [ -67.50693489999955, -16.914405399999985 ], [ -67.507154799999554, -16.913580399999987 ], [ -67.508266599999544, -16.909206299999983 ], [ -67.508965299999545, -16.906483499999982 ], [ -67.511129799999551, -16.898076099999983 ], [ -67.512450799999556, -16.892821399999985 ], [ -67.51292419999956, -16.890879799999986 ], [ -67.513384199999564, -16.889085799999986 ] ] } },
{ "type": "Feature", "properties": { "id": 228027850.0, "tags.power": "line", "Type": "Way", "Country": "BO", "Length": 5692.8690316777647, "tags.cables": "3", "tags.voltage": "115000", "tags.circuits": null, "tags.frequency": "50" }, "geometry": { "type": "LineString", "coordinates": [ [ -66.117704200001242, -17.4325678 ], [ -66.117138300001244, -17.431434599999989 ], [ -66.117535400001245, -17.4306741 ], [ -66.117981800001246, -17.4292387 ], [ -66.118770300001245, -17.4275793 ], [ -66.118848100001216, -17.4263219 ], [ -66.118532200001212, -17.425519799999989 ], [ -66.118158200001218, -17.4247842 ], [ -66.118335000001224, -17.4231607 ], [ -66.119196000001224, -17.4226822 ], [ -66.119520600001223, -17.421938199999989 ], [ -66.120526500001219, -17.4207517 ], [ -66.121175800001225, -17.420176399999988 ], [ -66.121744000001229, -17.4195016 ], [ -66.122187500001232, -17.4187493 ], [ -66.123089000001229, -17.4173332 ], [ -66.123451300001236, -17.4170289 ], [ -66.124239800001234, -17.4165975 ], [ -66.125422400001241, -17.4154801 ], [ -66.126141300001237, -17.4152284 ], [ -66.12623700000124, -17.4145646 ], [ -66.126315300001238, -17.4138952 ], [ -66.126616700001236, -17.4120946 ], [ -66.126755900001243, -17.4113313 ], [ -66.127335600001246, -17.4082804 ], [ -66.128273300000131, -17.406505399999972 ], [ -66.129198300000127, -17.405106599999971 ], [ -66.129791100000133, -17.40455439999997 ], [ -66.131111200000134, -17.40353109999997 ], [ -66.131762400000127, -17.403017799999969 ], [ -66.132417900000121, -17.40250379999997 ], [ -66.133230300000122, -17.402061899999971 ], [ -66.133594200000118, -17.401383099999972 ], [ -66.133939900000115, -17.400733199999973 ], [ -66.134497100000118, -17.400142199999973 ], [ -66.135013200000117, -17.399548899999974 ], [ -66.135580100000112, -17.399052699999974 ], [ -66.136389600000115, -17.399201399999974 ], [ -66.137157600000108, -17.399313299999974 ], [ -66.137484600000548, -17.3993591 ], [ -66.137923100000108, -17.399423599999974 ], [ -66.138650300000108, -17.399703799999973 ], [ -66.139109700000574, -17.3998427 ], [ -66.139396600000111, -17.399929499999974 ], [ -66.140240900000109, -17.400169499999976 ], [ -66.141201900000112, -17.400345799999975 ], [ -66.142113600000116, -17.400504 ], [ -66.143073500000114, -17.400666399999977 ], [ -66.143850500000113, -17.400800899999975 ], [ -66.14391900000011, -17.400672399999976 ] ] } },
{ "type": "Feature", "properties": { "id": 233041888.0, "tags.power": "line", "Type": "Way", "Country": "BO", "Length": 97.089461139047245, "tags.cables": "3", "tags.voltage": null, "tags.circuits": null, "tags.frequency": null }, "geometry": { "type": "LineString", "coordinates": [ [ -68.139445499999894, -16.192674 ], [ -68.140230899999949, -16.192309800000046 ] ] } },
{ "type": "Feature", "properties": { "id": 257975678.0, "tags.power": "line", "Type": "Way", "Country": "BO", "Length": 3144.0428087348541, "tags.cables": null, "tags.voltage": "115000", "tags.circuits": null, "tags.frequency": "50" }, "geometry": { "type": "LineString", "coordinates": [ [ -65.873705799999527, -17.213615700000052 ], [ -65.8730174, -17.212387800000162 ], [ -65.872278699999498, -17.21123910000005 ], [ -65.8711971, -17.210306800000161 ], [ -65.870812399999494, -17.209975200000049 ], [ -65.868462099999491, -17.208082800000049 ], [ -65.865477999999484, -17.205701400000049 ], [ -65.861754799999488, -17.20266410000005 ], [ -65.855989499999495, -17.198111700000048 ], [ -65.853747099999495, -17.196560700000049 ], [ -65.852659399999496, -17.19589440000005 ] ] } },
{ "type": "Feature", "properties": { "id": 257975679.0, "tags.power": "line", "Type": "Way", "Country": "BO", "Length": 49.005919861012657, "tags.cables": "3", "tags.voltage": "115000", "tags.circuits": null, "tags.frequency": "50" }, "geometry": { "type": "LineString", "coordinates": [ [ -66.1176365, -17.428143399999975 ], [ -66.1178405, -17.427771199999977 ] ] } },
{ "type": "Feature", "properties": { "id": 257975680.0, "tags.power": "line", "Type": "Way", "Country": "BO", "Length": 274.79894490116862, "tags.cables": null, "tags.voltage": "115000", "tags.circuits": null, "tags.frequency": "50" }, "geometry": { "type": "LineString", "coordinates": [ [ -65.875210299999509, -17.212528900000052 ], [ -65.875204299999524, -17.213445400000051 ], [ -65.873705799999527, -17.213615700000052 ] ] } },
{ "type": "Feature", "properties": { "id": 257975681.0, "tags.power": "line", "Type": "Way", "Country": "BO", "Length": 203339.45593317805, "tags.cables": "3", "tags.voltage": "230000", "tags.circuits": null, "tags.frequency": "50" }, "geometry": { "type": "LineString", "coordinates": [ [ -67.0461184, -17.96804 ], [ -67.046118199999711, -17.967603100000034 ], [ -67.047709499999684, -17.966572600000053 ], [ -67.05066719999968, -17.964070200000052 ], [ -67.052996899999684, -17.961294200000051 ], [ -67.055363699999688, -17.958465100000051 ], [ -67.05781719999969, -17.95564190000005 ], [ -67.059539699999689, -17.953537700000048 ], [ -67.061725999999695, -17.950936600000048 ], [ -67.063728199999701, -17.948552600000049 ], [ -67.0658135999997, -17.946031 ], [ -67.067087200000259, -17.944476400000013 ], [ -67.06672670000026, -17.941345800000015 ], [ -67.068357500000261, -17.938921600000015 ], [ -67.07129360000026, -17.936136700000016 ], [ -67.073422200000266, -17.934073500000014 ], [ -67.074690600000267, -17.932823100000014 ], [ -67.07708249999969, -17.932227300000026 ], [ -67.079331499999697, -17.929773200000025 ], [ -67.081188999999696, -17.927268700000024 ], [ -67.083184899999694, -17.924850700000025 ], [ -67.085467599999703, -17.922036 ], [ -67.087878299999701, -17.919119700000028 ], [ -67.090047199999688, -17.916453800000028 ], [ -67.092315699999688, -17.913781 ], [ -67.094776199999686, -17.910560100000026 ], [ -67.097080299999689, -17.907691100000026 ], [ -67.099476799999692, -17.904822 ], [ -67.101638599999688, -17.902149 ], [ -67.10373639999969, -17.899516700000028 ], [ -67.106086699999693, -17.896619900000029 ], [ -67.108326699999694, -17.893804700000029 ], [ -67.110716099999692, -17.890833900000029 ], [ -67.113084099999696, -17.88791030000003 ], [ -67.11546639999969, -17.885196500000028 ], [ -67.117813099999694, -17.882171400000029 ], [ -67.120152699999693, -17.879288300000031 ], [ -67.122513699999686, -17.876290200000032 ], [ -67.124853299999685, -17.873305500000029 ], [ -67.127256899999679, -17.870361400000029 ], [ -67.129724499999682, -17.867403700000029 ], [ -67.132142299999686, -17.864439200000032 ], [ -67.134467699999689, -17.861501700000034 ], [ -67.136814399999679, -17.858543800000032 ], [ -67.139324599999682, -17.85548440000003 ], [ -67.141664199999681, -17.852479 ], [ -67.144096299999674, -17.849554900000033 ], [ -67.14567499999967, -17.846630700000034 ], [ -67.14731059999967, -17.843367900000032 ], [ -67.148974599999676, -17.840098400000034 ], [ -67.15072399999967, -17.836517400000034 ], [ -67.152409299999675, -17.833207100000035 ], [ -67.154172899999679, -17.829835800000033 ], [ -67.156104600000333, -17.825999100000018 ], [ -67.157621899999683, -17.822930600000035 ], [ -67.158724099999688, -17.820764200000035 ], [ -67.160665499999695, -17.816966200000035 ], [ -67.161981099999693, -17.814244600000034 ], [ -67.163993499999691, -17.811874900000035 ], [ -67.166354499999684, -17.809755800000033 ], [ -67.169014099999686, -17.807548600000032 ], [ -67.170588500000264, -17.806257800000015 ], [ -67.173622199999684, -17.803770600000032 ], [ -67.176224899999681, -17.801624300000032 ], [ -67.177817799999687, -17.799349300000031 ], [ -67.179816099999684, -17.796485200000031 ], [ -67.181965500000274, -17.793390900000013 ], [ -67.184104099999672, -17.790343900000032 ], [ -67.186159299999673, -17.787378100000033 ], [ -67.188221599999679, -17.784303900000033 ], [ -67.190339799999677, -17.781225400000032 ], [ -67.192425400000275, -17.778357400000012 ], [ -67.194348199999681, -17.775620900000032 ], [ -67.195998099999684, -17.773222900000032 ], [ -67.198108799999687, -17.770233400000031 ], [ -67.20037309999968, -17.76703390000003 ], [ -67.202490499999683, -17.76404430000003 ], [ -67.204507699999681, -17.761124600000031 ], [ -67.206504799999678, -17.758255700000031 ], [ -67.208595499999674, -17.755304100000032 ], [ -67.210438999999681, -17.752670500000033 ], [ -67.212055399999684, -17.750424900000034 ], [ -67.213611699999689, -17.748083900000033 ], [ -67.215822599999683, -17.743484500000033 ], [ -67.216864599999681, -17.741213300000034 ], [ -67.218594599999676, -17.737707900000032 ], [ -67.220174600000277, -17.73459080000001 ], [ -67.221627099999679, -17.731371400000032 ], [ -67.223189999999676, -17.728145700000031 ], [ -67.224412399999679, -17.725359 ], [ -67.224906699999678, -17.722954100000031 ], [ -67.225627999999674, -17.719461100000032 ], [ -67.226242599999679, -17.715694400000032 ], [ -67.226930499999682, -17.712035800000031 ], [ -67.227611799999679, -17.70843440000003 ], [ -67.228226299999676, -17.70478840000003 ], [ -67.228940999999679, -17.701186900000032 ], [ -67.229535299999682, -17.69764110000003 ], [ -67.230208599999685, -17.69406860000003 ], [ -67.230863199999689, -17.69053690000003 ], [ -67.231502599999686, -17.687102 ], [ -67.23377909999968, -17.684591100000031 ], [ -67.236093399999675, -17.681882100000031 ], [ -67.238473899999676, -17.679245200000032 ], [ -67.240967699999672, -17.676356100000032 ], [ -67.243470899999679, -17.673566100000031 ], [ -67.245813499999684, -17.670838900000032 ], [ -67.248222299999682, -17.668120800000032 ], [ -67.250687799999682, -17.665348600000033 ], [ -67.253257099999686, -17.662522300000035 ], [ -67.255741399999692, -17.65975 ], [ -67.257970699999689, -17.657049700000034 ], [ -67.261598099999688, -17.652900200000033 ], [ -67.26525369999969, -17.648795500000034 ], [ -67.267379099999687, -17.646860100000033 ], [ -67.269617799999693, -17.645023800000033 ], [ -67.272895699999694, -17.642359300000031 ], [ -67.276012899999699, -17.639811700000031 ], [ -67.279555199999706, -17.63702110000003 ], [ -67.282596899999703, -17.63450050000003 ], [ -67.285392899999707, -17.632213900000028 ], [ -67.288510199999706, -17.629684200000028 ], [ -67.290569300000271, -17.6280968 ], [ -67.294036199999709, -17.625173900000028 ], [ -67.296633799999711, -17.623085200000027 ], [ -67.299769999999711, -17.620438400000026 ], [ -67.302660499999718, -17.618115600000024 ], [ -67.305598199999721, -17.615783800000024 ], [ -67.308441499999716, -17.613424900000023 ], [ -67.31149259999971, -17.611012 ], [ -67.314295699999704, -17.608677 ], [ -67.31713449999971, -17.606327700000026 ], [ -67.319779499999711, -17.604194900000028 ], [ -67.322037199999713, -17.602374 ], [ -67.324715599999706, -17.60015840000003 ], [ -67.328102099999711, -17.597407900000029 ], [ -67.330813999999705, -17.59525590000003 ], [ -67.333612699999705, -17.592970200000028 ], [ -67.336591699999701, -17.590569800000029 ], [ -67.339417099999707, -17.58818850000003 ], [ -67.342249199999713, -17.585909 ], [ -67.345034499999713, -17.583655 ], [ -67.347973399999717, -17.58127990000003 ], [ -67.350925799999715, -17.578974900000031 ], [ -67.353604199999708, -17.57667620000003 ], [ -67.356396199999708, -17.574390200000028 ], [ -67.359201599999707, -17.572059700000029 ], [ -67.361960199999714, -17.569837300000028 ], [ -67.36477889999972, -17.567608500000027 ], [ -67.367477399999714, -17.565347900000027 ], [ -67.369768499999708, -17.563443900000028 ], [ -67.372587199999714, -17.561234100000028 ], [ -67.375172099999716, -17.559107200000028 ], [ -67.378505199999722, -17.556349700000027 ], [ -67.380134899999717, -17.555012400000027 ], [ -67.383307699999719, -17.552458600000026 ], [ -67.387756199999714, -17.548854 ], [ -67.390140699999719, -17.546879800000028 ], [ -67.39289269999972, -17.544688900000029 ], [ -67.395751499999719, -17.54231980000003 ], [ -67.398603599999717, -17.539988800000028 ], [ -67.401736299999712, -17.537460300000028 ], [ -67.404668499999715, -17.535052800000027 ], [ -67.407600799999713, -17.532664400000026 ], [ -67.410452899999711, -17.530352400000027 ], [ -67.413451999999708, -17.527912900000025 ], [ -67.416404299999712, -17.525492600000025 ], [ -67.419129499999713, -17.523263300000025 ], [ -67.422135299999709, -17.520811 ], [ -67.426369999999707, -17.517320500000022 ], [ -67.428600999999702, -17.515581500000021 ], [ -67.431359599999709, -17.513275700000023 ], [ -67.434625799999708, -17.510689500000023 ], [ -67.437057099999706, -17.508784900000023 ], [ -67.441779499999711, -17.504746300000022 ], [ -67.444110599999718, -17.502777900000023 ], [ -67.446768999999719, -17.500465500000022 ], [ -67.449407399999714, -17.498427 ], [ -67.451464699999718, -17.49735680000002 ], [ -67.453815799999717, -17.496114500000019 ], [ -67.457582999999715, -17.49414610000002 ], [ -67.460822599999716, -17.49253430000002 ], [ -67.464095499999715, -17.49087160000002 ], [ -67.467795899999714, -17.488909400000018 ], [ -67.470708099999712, -17.487425100000017 ], [ -67.473934299999712, -17.485775 ], [ -67.477187199999719, -17.484118600000016 ], [ -67.480546999999717, -17.482398500000016 ], [ -67.483806499999716, -17.480665600000016 ], [ -67.487146199999714, -17.479041 ], [ -67.490452599999713, -17.477320800000015 ], [ -67.493765599999719, -17.475619700000017 ], [ -67.497038499999718, -17.473944100000018 ], [ -67.500424999999723, -17.472217500000017 ], [ -67.503717899999728, -17.470522700000018 ], [ -67.507050999999734, -17.468827900000019 ], [ -67.510303899999741, -17.46715230000002 ], [ -67.513590099999746, -17.465482900000019 ], [ -67.516929899999752, -17.463718 ], [ -67.520322999999749, -17.461978600000016 ], [ -67.523589299999756, -17.460302800000015 ], [ -67.52694899999976, -17.458588800000015 ], [ -67.530221999999753, -17.456913100000016 ], [ -67.533581699999758, -17.455218100000014 ], [ -67.536908099999764, -17.453523200000014 ], [ -67.540194399999763, -17.451802800000014 ], [ -67.543614199999766, -17.450101500000013 ], [ -67.546920599999765, -17.448381 ], [ -67.550200199999765, -17.446673300000011 ], [ -67.553479799999764, -17.445042 ], [ -67.556779399999769, -17.44334060000001 ], [ -67.560156399999769, -17.441565300000011 ], [ -67.563514499999769, -17.439857500000013 ], [ -67.566863199999773, -17.438064100000013 ], [ -67.57026849999977, -17.436324800000012 ], [ -67.573612699999771, -17.434608100000013 ], [ -67.576959099999769, -17.432868400000011 ], [ -67.580432399999765, -17.431103100000012 ], [ -67.583932399999767, -17.429318800000011 ], [ -67.587332299999773, -17.427534400000013 ], [ -67.590805599999769, -17.425832800000013 ], [ -67.594131899999766, -17.424080300000014 ], [ -67.597558499999764, -17.422365900000013 ], [ -67.60083479999976, -17.420613300000014 ], [ -67.604191199999761, -17.418905400000014 ], [ -67.607567599999754, -17.417171900000014 ], [ -67.610954099999759, -17.415438300000012 ], [ -67.61433109999976, -17.413703300000012 ], [ -67.617646699999753, -17.412004300000014 ], [ -67.620915099999749, -17.410363900000014 ], [ -67.624018099999745, -17.408764 ], [ -67.627234599999738, -17.407069500000016 ], [ -67.63066949999974, -17.405293900000018 ], [ -67.634041499999739, -17.403599500000016 ], [ -67.637341099999745, -17.401878600000018 ], [ -67.640727599999749, -17.400138600000016 ], [ -67.644020599999749, -17.398424100000017 ], [ -67.647333599999754, -17.396722200000017 ], [ -67.650773499999758, -17.395033100000017 ], [ -67.654086499999764, -17.393267500000018 ], [ -67.657439599999762, -17.391584800000018 ], [ -67.660749199999756, -17.389882900000018 ], [ -67.66400549999976, -17.388203300000018 ], [ -67.667325099999758, -17.386539600000017 ], [ -67.670523999999759, -17.384853100000015 ], [ -67.673637799999767, -17.383267400000015 ], [ -67.677039399999771, -17.381500700000014 ], [ -67.680414799999767, -17.379790200000013 ], [ -67.683809799999764, -17.378054700000014 ], [ -67.687224499999758, -17.376331600000015 ], [ -67.690540999999754, -17.374608500000015 ], [ -67.694106199999752, -17.372791800000016 ], [ -67.697573099999758, -17.370993800000015 ], [ -67.700994399999757, -17.369189500000015 ], [ -67.704559699999763, -17.367417700000015 ], [ -67.708029899999758, -17.365594600000016 ], [ -67.711490399999761, -17.363796500000017 ], [ -67.714931199999768, -17.362085800000017 ], [ -67.718247799999773, -17.360381400000016 ], [ -67.721623199999769, -17.358664400000016 ], [ -67.725044399999774, -17.356941200000016 ], [ -67.728295499999774, -17.355249100000016 ], [ -67.731455099999778, -17.353582100000015 ], [ -67.734778099999772, -17.351915 ], [ -67.738166599999772, -17.350154200000016 ], [ -67.741463599999776, -17.348462100000017 ], [ -67.74466889999978, -17.346838700000017 ], [ -67.748031199999787, -17.345096600000016 ], [ -67.751341199999786, -17.343373200000016 ], [ -67.754638199999789, -17.341687300000018 ], [ -67.758059399999794, -17.339939 ], [ -67.761591799999792, -17.338096900000018 ], [ -67.764855999999796, -17.336429700000018 ], [ -67.768192099999794, -17.334743700000018 ], [ -67.771574099999796, -17.333007700000017 ], [ -67.774962599999796, -17.331259300000017 ], [ -67.778252999999793, -17.329573300000018 ], [ -67.781556399999786, -17.327874700000017 ], [ -67.784899099999791, -17.326138700000016 ], [ -67.78824189999979, -17.324433900000017 ], [ -67.791453699999792, -17.322741600000018 ], [ -67.79458059999979, -17.321180400000017 ], [ -67.797713999999786, -17.319538 ], [ -67.801030499999783, -17.317876800000015 ], [ -67.804392799999789, -17.316122 ], [ -67.807656999999793, -17.314442100000015 ], [ -67.810718499999794, -17.312893300000017 ], [ -67.813524799999797, -17.311425700000015 ], [ -67.8165730999998, -17.309883100000015 ], [ -67.819948499999796, -17.308146900000015 ], [ -67.823271699999793, -17.306433700000014 ], [ -67.825999499999796, -17.304466400000013 ], [ -67.828720699999792, -17.302536600000014 ], [ -67.831500899999796, -17.300519300000015 ], [ -67.833953899999798, -17.297896100000017 ], [ -67.8364985999998, -17.295160500000016 ], [ -67.839206799999801, -17.292343700000014 ], [ -67.841600899999804, -17.289726600000016 ], [ -67.844145599999806, -17.287097100000015 ], [ -67.846585599999813, -17.284505 ], [ -67.848999399999812, -17.281931600000014 ], [ -67.851413199999811, -17.279364400000013 ], [ -67.853787799999807, -17.276847100000012 ], [ -67.856155799999812, -17.27430480000001 ], [ -67.858576099999809, -17.271768800000011 ], [ -67.860948200000266, -17.2692706 ], [ -67.863639299999804, -17.266377900000013 ], [ -67.866262399999798, -17.263598100000014 ], [ -67.868807099999799, -17.260862 ], [ -67.871358199999804, -17.258157100000012 ], [ -67.873794999999802, -17.255552 ], [ -67.876264399999798, -17.252897 ], [ -67.878959499999795, -17.249988900000012 ], [ -67.881386399999798, -17.247352600000013 ], [ -67.884238499999796, -17.244260100000012 ], [ -67.886648999999792, -17.241611200000012 ], [ -67.889487999999787, -17.238553 ], [ -67.89184619999979, -17.235994500000011 ], [ -67.894573999999793, -17.233011200000011 ], [ -67.89738039999979, -17.229931 ], [ -67.899764699999793, -17.22739120000001 ], [ -67.902449999999789, -17.224429600000011 ], [ -67.904997899999785, -17.22167420000001 ], [ -67.906976699999788, -17.2195591 ], [ -67.90959989999979, -17.21670670000001 ], [ -67.911830499999795, -17.21426670000001 ], [ -67.914329399999801, -17.2115642 ], [ -67.916926399999795, -17.2087961 ], [ -67.91949059999979, -17.2059717 ], [ -67.922028699999785, -17.2032316 ], [ -67.92448829999978, -17.2005165 ], [ -67.927036299999784, -17.19777 ], [ -67.92957439999978, -17.1950142 ], [ -67.93186059999978, -17.192502 ], [ -67.934307099999785, -17.1898617 ], [ -67.936495299999791, -17.1872589 ], [ -67.938833899999793, -17.1844622 ], [ -67.940956599999794, -17.1819812 ], [ -67.943177399999797, -17.1793313 ], [ -67.946441599999801, -17.1755159 ], [ -67.948583999999798, -17.1730847 ], [ -67.950876799999804, -17.1704941 ], [ -67.953738699999803, -17.1672722 ], [ -67.955943199999808, -17.1648066 ], [ -67.958618599999809, -17.1618596 ], [ -67.961048799999816, -17.1590813 ], [ -67.963544399999819, -17.1562999 ], [ -67.966111899999817, -17.153406 ], [ -67.968528999999819, -17.1507088 ], [ -67.971037699999826, -17.1478804 ], [ -67.973500599999824, -17.1451113 ], [ -67.975757399999821, -17.1425891 ], [ -67.977870299999822, -17.1402419 ], [ -67.980185999999819, -17.1376352 ], [ -67.983358599999818, -17.1340814 ], [ -67.985857499999824, -17.1312871 ], [ -67.988349799999824, -17.1284678 ], [ -67.990763599999823, -17.1257672 ], [ -67.993043299999826, -17.1232228 ], [ -67.995663199999825, -17.120319 ], [ -67.997828399999818, -17.1178902 ], [ -67.999332999999822, -17.1162053 ], [ -68.001416399999826, -17.1138672 ], [ -68.004278299999825, -17.1106568 ], [ -68.006796799999819, -17.1078309 ], [ -68.008900099999821, -17.1054818 ], [ -68.011893600000164, -17.102127299999989 ], [ -68.014035200000166, -17.0997275 ], [ -68.016325700000166, -17.0971608 ], [ -68.018664400000162, -17.0945399 ], [ -68.020740200000176, -17.092213799999989 ], [ -68.022330700000168, -17.0894808 ], [ -68.023996400000172, -17.086578599999989 ], [ -68.025667400000174, -17.083719899999988 ], [ -68.027402800000175, -17.080684299999987 ], [ -68.029173000000171, -17.077620399999986 ], [ -68.030943199999825, -17.0744766 ], [ -68.032802899999822, -17.0712578 ], [ -68.034616600000263, -17.0680092 ], [ -68.036516700000178, -17.0648203 ], [ -68.038336400000176, -17.0616659 ], [ -68.040176500000172, -17.058476099999989 ], [ -68.041967700000171, -17.055371199999989 ], [ -68.043866000000179, -17.052080299999989 ], [ -68.04569110000017, -17.0489165 ], [ -68.047540100000177, -17.045711 ], [ -68.049262899999817, -17.0427243 ], [ -68.051112499999817, -17.0395237 ], [ -68.052942499999816, -17.0363402 ], [ -68.05481499999982, -17.033091 ], [ -68.056676999999823, -17.02985 ], [ -68.058559300000184, -17.026585799999989 ], [ -68.060393999999818, -17.0234122 ], [ -68.062278999999819, -17.0201216 ], [ -68.064165800000183, -17.016834899999989 ], [ -68.065951800000178, -17.013723799999987 ], [ -68.067764799999821, -17.0105655 ], [ -68.069666799999823, -17.0073394 ], [ -68.071573200000259, -17.004202700000011 ], [ -68.073447500000256, -17.001020900000011 ], [ -68.07520440000026, -16.997928300000012 ], [ -68.077009400000264, -16.994722500000012 ], [ -68.078767799999824, -16.9915172 ], [ -68.080564299999821, -16.9882451 ], [ -68.08242499999983, -16.9851731 ], [ -68.084393300000258, -16.981939700000012 ], [ -68.08594219999982, -16.978985 ], [ -68.08764099999982, -16.9760875 ], [ -68.089697999999828, -16.9724336 ], [ -68.091514899999822, -16.9692946 ], [ -68.093505499999821, -16.9659255 ], [ -68.095335699999822, -16.9626969 ], [ -68.096689499999826, -16.9603925 ], [ -68.09880919999982, -16.9566867 ], [ -68.100341099999824, -16.9539436 ], [ -68.102407299999825, -16.9504464 ], [ -68.104126199999826, -16.9474603 ], [ -68.105675899999824, -16.9447639 ], [ -68.107234499999819, -16.9420802 ], [ -68.109242899999813, -16.9386254 ], [ -68.110289399999814, -16.9367723 ], [ -68.112222099999812, -16.9334324 ], [ -68.113727199999815, -16.9307912 ], [ -68.115579699999813, -16.9275833 ], [ -68.117565799999809, -16.9241665 ], [ -68.119364899999809, -16.9209798 ], [ -68.120950199999811, -16.9182659 ], [ -68.122566699999808, -16.9154114 ], [ -68.124445999999807, -16.9121521 ], [ -68.126383099999813, -16.9088374 ], [ -68.12830679999982, -16.9054544 ], [ -68.130137099999814, -16.9022546 ], [ -68.132051899999809, -16.8989397 ], [ -68.134759399999808, -16.8942229 ], [ -68.137306599999803, -16.8898255 ], [ -68.139564399999799, -16.8859095 ], [ -68.141550499999795, -16.8825006 ], [ -68.143447499999795, -16.8792535 ], [ -68.145264399999789, -16.8760746 ], [ -68.146912099999795, -16.8731811 ], [ -68.148622099999798, -16.8702066 ], [ -68.150755199999793, -16.8665161 ], [ -68.151124799999792, -16.8631195 ], [ -68.151503299999789, -16.8594417 ], [ -68.151859499999787, -16.8557851 ], [ -68.152091099999794, -16.8531598 ], [ -68.152567599999799, -16.8487401 ], [ -68.152808099999802, -16.8461105 ], [ -68.153164299999801, -16.84272210000001 ], [ -68.153560599999807, -16.8389586 ], [ -68.15388129999981, -16.83535280000001 ], [ -68.154246399999806, -16.8317724 ], [ -68.154593799999802, -16.82826870000001 ], [ -68.154972299999798, -16.82459020000001 ], [ -68.1553329999998, -16.82100530000001 ], [ -68.155662499999806, -16.8174844 ], [ -68.156000999999804, -16.8145474 ], [ -68.1564328999998, -16.81013110000001 ], [ -68.156757999999797, -16.807074600000011 ], [ -68.157274599999795, -16.801835400000012 ], [ -68.157568499999797, -16.798706300000013 ], [ -68.157906899999801, -16.795440700000015 ], [ -68.158258699999806, -16.792000300000016 ], [ -68.1586460999998, -16.788329600000015 ], [ -68.158935599999793, -16.785332500000013 ], [ -68.15930069999979, -16.781606200000013 ], [ -68.1597383, -16.777983299999978 ], [ -68.160049400000062, -16.774384799999975 ], [ -68.160350100000059, -16.771213899999974 ], [ -68.160764700000058, -16.767416399999973 ], [ -68.161327400000062, -16.763552899999972 ], [ -68.161484600000065, -16.760363699999971 ], [ -68.16181030000007, -16.756944499999971 ], [ -68.162186200000065, -16.753317899999971 ], [ -68.162562100000059, -16.749572799999971 ], [ -68.162883300000061, -16.74616719999997 ], [ -68.163263700000059, -16.74247919999997 ], [ -68.163689700000063, -16.738542799999969 ], [ -68.163935700000067, -16.735820599999968 ], [ -68.164325200000064, -16.732096 ], [ -68.164644100000061, -16.728722299999966 ], [ -68.165090600000056, -16.724653799999967 ], [ -68.165423200000049, -16.721161599999967 ], [ -68.165721600000055, -16.718202499999965 ], [ -68.166037100000054, -16.715061099999964 ], [ -68.166419300000058, -16.711457299999964 ], [ -68.166809400000062, -16.707653099999977 ], [ -68.167094100000057, -16.704596 ], [ -68.167748500000059, -16.700382799999964 ], [ -68.168500800000061, -16.696518199999964 ], [ -68.169529300000065, -16.692657 ], [ -68.169675200000256, -16.692185200000011 ] ] } },
{ "type": "Feature", "properties": { "id": 257975682.0, "tags.power": "line", "Type": "Way", "Country": "BO", "Length": 77051.389434214754, "tags.cables": "3", "tags.voltage": "115000", "tags.circuits": "1", "tags.frequency": "50" }, "geometry": { "type": "LineString", "coordinates": [ [ -65.793558899999979, -19.6176713 ], [ -65.795723799999976, -19.6220262 ], [ -65.797326399999974, -19.6253728 ], [ -65.798732499999971, -19.6281545 ], [ -65.800239399999967, -19.631349 ], [ -65.802063699999962, -19.634586299999988 ], [ -65.803429499999964, -19.637334599999988 ], [ -65.804320199999964, -19.6395911 ], [ -65.806997499999966, -19.645076 ], [ -65.808523599999972, -19.6482533 ], [ -65.811719699999969, -19.6548009 ], [ -65.812833499999968, -19.657041 ], [ -65.81379, -19.6592298 ], [ -65.816955899999968, -19.6655503 ], [ -65.818538399999966, -19.6687869 ], [ -65.820443399999959, -19.6727114 ], [ -65.822071199999954, -19.6748611 ], [ -65.824228, -19.6776782 ], [ -65.827050399999948, -19.6813717 ], [ -65.829812099999941, -19.6850329 ], [ -65.832251299999939, -19.6881383 ], [ -65.835139, -19.6917113 ], [ -65.838334199999935, -19.695493 ], [ -65.840859, -19.6985012 ], [ -65.844210399999938, -19.7025199 ], [ -65.846090199999935, -19.7045316 ], [ -65.851607, -19.7086129 ], [ -65.854736699999918, -19.7109234 ], [ -65.857054899999923, -19.7126124 ], [ -65.861842599999918, -19.7161753 ], [ -65.865294699999922, -19.718723 ], [ -65.867073699999921, -19.7200418 ], [ -65.870939199999924, -19.7217421 ], [ -65.873968499999918, -19.7230674 ], [ -65.877138499999916, -19.7244764 ], [ -65.88128109999991, -19.7263076 ], [ -65.883735399999907, -19.7274129 ], [ -65.88643269999973, -19.728552699999987 ], [ -65.891091199999735, -19.731915 ], [ -65.897169299999732, -19.736217 ], [ -65.902679599999715, -19.739285499999987 ], [ -65.908322999999726, -19.742889299999984 ], [ -65.910719599999723, -19.744619399999987 ], [ -65.913320999999726, -19.746269799999986 ], [ -65.918201600000117, -19.7495162 ], [ -65.920527500000119, -19.7510304 ], [ -65.927833800000116, -19.7558538 ], [ -65.931906000000112, -19.7584648 ], [ -65.935690000000108, -19.7608411 ], [ -65.942541000000119, -19.7654372 ], [ -65.945756700000118, -19.7675536 ], [ -65.951772100000113, -19.7689537 ], [ -65.954940600000114, -19.7697152 ], [ -65.960021600000104, -19.770882199999988 ], [ -65.963652500000109, -19.771747499999986 ], [ -65.9682028000001, -19.7708179 ], [ -65.970535800000107, -19.770358 ], [ -65.976983000000118, -19.7690032 ], [ -65.979894000000115, -19.7686224 ], [ -65.982773400000113, -19.7682071 ], [ -65.988942100000116, -19.7668324 ], [ -65.993265600000115, -19.7655499 ], [ -65.996197600000116, -19.7664103 ], [ -66.000527300000115, -19.7676812 ], [ -66.005214200000111, -19.7690855 ], [ -66.009875800000103, -19.7704576 ], [ -66.014422300000106, -19.771795599999987 ], [ -66.01904850000011, -19.773178399999985 ], [ -66.0215527000001, -19.773884699999986 ], [ -66.0265339, -19.776631699999978 ], [ -66.030966699999837, -19.779045 ], [ -66.0374313, -19.78260329999998 ], [ -66.0397248, -19.78387589999998 ], [ -66.0446393, -19.786569299999979 ], [ -66.0484785, -19.78864459999998 ], [ -66.0523129, -19.790774699999979 ], [ -66.0569901, -19.793345 ], [ -66.0594915, -19.794619399999977 ], [ -66.0634538, -19.796840199999977 ], [ -66.0680358, -19.7993 ], [ -66.072821300000015, -19.801949799999974 ], [ -66.077859500000017, -19.804669399999973 ], [ -66.081812700000015, -19.806899699999974 ], [ -66.0852755, -19.808724399999971 ], [ -66.0912649, -19.812038199999968 ], [ -66.0951884, -19.814135499999967 ], [ -66.1002563, -19.817043699999964 ], [ -66.103295499999987, -19.81869359999996 ], [ -66.1073963, -19.82086479999996 ], [ -66.1118626, -19.823366099999959 ], [ -66.1163972, -19.825842499999961 ], [ -66.12126809999998, -19.829643599999962 ], [ -66.125109099999975, -19.832703299999963 ], [ -66.128960599999985, -19.835743099999963 ], [ -66.133327, -19.838911299999964 ], [ -66.136495499999981, -19.841268899999964 ], [ -66.139937099999983, -19.843735199999962 ], [ -66.14410909999998, -19.846809399999962 ], [ -66.147608599999984, -19.849339799999964 ], [ -66.150214799999986, -19.851272299999962 ], [ -66.153924499999988, -19.854005299999965 ], [ -66.15784089999984, -19.8568614 ], [ -66.162344099999814, -19.8601534 ], [ -66.164618299999816, -19.8646992 ], [ -66.166067099999836, -19.8677503 ], [ -66.167817199999845, -19.8713604 ], [ -66.169426899999834, -19.8749549 ], [ -66.17128429999984, -19.8790112 ], [ -66.173050899999851, -19.883013 ], [ -66.174813299999855, -19.8869216 ], [ -66.17616299999986, -19.8899569 ], [ -66.175977299999857, -19.8930502 ], [ -66.175795699999824, -19.8968577 ], [ -66.175568699999829, -19.9008552 ], [ -66.175366399999831, -19.9041657 ], [ -66.175168299999825, -19.9090906 ], [ -66.174990799999861, -19.9121292 ], [ -66.174693599999827, -19.9161613 ], [ -66.174483099999833, -19.9205774 ], [ -66.17424369999982, -19.9242988 ], [ -66.174544999999839, -19.927962 ], [ -66.175015599999838, -19.9341084 ], [ -66.17532099999984, -19.9380196 ], [ -66.175659499999838, -19.9429201 ], [ -66.175968999999839, -19.9476963 ], [ -66.176307499999837, -19.9515607 ], [ -66.176526299999836, -19.9548817 ], [ -66.176996799999856, -19.9608292 ], [ -66.177128899999829, -19.9628155 ], [ -66.177174299999862, -19.9651743 ], [ -66.177009199999858, -19.9684912 ], [ -66.17735179999984, -19.9741356 ], [ -66.177504099999965, -19.978899499999962 ], [ -66.17755659999996, -19.983817899999963 ], [ -66.177648, -19.989356799999964 ], [ -66.176628599999958, -19.990630799999963 ], [ -66.174292499999964, -19.99349619999996 ], [ -66.172390399999969, -19.99674029999996 ], [ -66.169279699999962, -20.00228519999996 ], [ -66.165637199999907, -20.008689300000022 ], [ -66.163024499999906, -20.013278500000016 ], [ -66.160928599999906, -20.016860600000022 ], [ -66.159311699999918, -20.019663 ], [ -66.157732699999912, -20.024055800000017 ], [ -66.156734099999923, -20.026910800000024 ], [ -66.155373199999957, -20.030674199999961 ], [ -66.154559599999956, -20.03283139999996 ], [ -66.153281399999955, -20.036531499999963 ], [ -66.151706099999956, -20.040608399999961 ], [ -66.150383399999953, -20.043980199999961 ], [ -66.145969399999942, -20.049118 ], [ -66.14386649999993, -20.051714799999964 ], [ -66.14241, -20.05235 ], [ -66.141845799999928, -20.052071699999964 ], [ -66.141621199999975, -20.051923899999977 ] ] } },
{ "type": "Feature", "properties": { "id": 257975683.0, "tags.power": "line", "Type": "Way", "Country": "BO", "Length": 56371.564722738134, "tags.cables": null, "tags.voltage": "230000", "tags.circuits": null, "tags.frequency": "50" }, "geometry": { "type": "LineString", "coordinates": [ [ -65.90728829999972, -19.743874499999986 ], [ -65.910099799999728, -19.745859799999984 ], [ -65.91276679999973, -19.747760799999984 ], [ -65.915542499999731, -19.749865599999985 ], [ -65.918621500000114, -19.7521179 ], [ -65.924644200000117, -19.7565029 ], [ -65.929510000000107, -19.7600571 ], [ -65.931033800000108, -19.7611697 ], [ -65.935820600000113, -19.7646461 ], [ -65.940460200000118, -19.7680382 ], [ -65.942593500000115, -19.7696206 ], [ -65.945183100000108, -19.7702443 ], [ -65.947432000000106, -19.7706201 ], [ -65.950994500000107, -19.770976099999988 ], [ -65.954536000000104, -19.771366799999988 ], [ -65.959690600000116, -19.771831599999985 ], [ -65.963778600000111, -19.772246899999985 ], [ -65.965691200000109, -19.772301299999985 ], [ -65.970908900000111, -19.771797 ], [ -65.973541300000107, -19.771455799999988 ], [ -65.977019800000107, -19.771020599999989 ], [ -65.980498200000099, -19.7705855 ], [ -65.987982900000105, -19.774037299999986 ], [ -65.990368200000106, -19.774191199999986 ], [ -65.993920200000105, -19.774463899999986 ], [ -65.999969000000107, -19.774918399999986 ], [ -66.004360700000106, -19.775226099999987 ], [ -66.008752300000111, -19.775575699999987 ], [ -66.012891300000106, -19.775869399999987 ], [ -66.017008100000112, -19.776191099999988 ], [ -66.021823900000115, -19.776518 ], [ -66.024936399999831, -19.778203 ], [ -66.0294732, -19.780659 ], [ -66.0331541, -19.78258839999998 ], [ -66.0371593, -19.784799699999979 ], [ -66.0411903, -19.786916499999979 ], [ -66.0447036, -19.788770499999981 ], [ -66.0460559, -19.78947269999998 ], [ -66.050328799999988, -19.791826 ], [ -66.0550681, -19.794355799999977 ], [ -66.0578043, -19.795776399999976 ], [ -66.061504, -19.797768699999974 ], [ -66.063986, -19.799139099999973 ], [ -66.0659355, -19.800160799999976 ], [ -66.071419100000014, -19.803108 ], [ -66.075429600000021, -19.805263699999973 ], [ -66.080066500000015, -19.807591799999972 ], [ -66.0839825, -19.809737399999971 ], [ -66.0868724, -19.811324199999969 ], [ -66.0910122, -19.813639099999968 ], [ -66.0934347, -19.814904499999965 ], [ -66.0991862, -19.818008499999962 ], [ -66.102091699999988, -19.819588399999962 ], [ -66.1060249, -19.821670599999958 ], [ -66.1109798, -19.82434969999996 ], [ -66.115267499999987, -19.826584 ], [ -66.120621799999981, -19.830587699999963 ], [ -66.122303199999976, -19.831798699999965 ], [ -66.12762069999998, -19.835733199999964 ], [ -66.131262, -19.838407099999962 ], [ -66.135034699999977, -19.841189799999963 ], [ -66.138760099999985, -19.843937799999964 ], [ -66.142506499999982, -19.846685799999964 ], [ -66.146279199999981, -19.849458399999964 ], [ -66.1499679, -19.852166799999964 ], [ -66.153966499999981, -19.855146899999966 ], [ -66.157523099999977, -19.857793099999967 ], [ -66.161861199999848, -19.8609996 ], [ -66.163751599999841, -19.8651456 ], [ -66.165332399999841, -19.868616 ], [ -66.166966899999821, -19.8722377 ], [ -66.168795399999837, -19.876166 ], [ -66.170731199999821, -19.880362 ], [ -66.172291399999835, -19.8838476 ], [ -66.175143499999834, -19.8900811 ], [ -66.174788599999829, -19.8939778 ], [ -66.174392299999838, -19.8986469 ], [ -66.173929999999828, -19.9032653 ], [ -66.173492499999824, -19.9078487 ], [ -66.17314579999983, -19.9121176 ], [ -66.173195299999833, -19.9161923 ], [ -66.173302699999837, -19.9194482 ], [ -66.173409999999834, -19.9231657 ], [ -66.173484299999814, -19.9264176 ], [ -66.173814499999835, -19.9310779 ], [ -66.174041499999845, -19.9353035 ], [ -66.174223099999836, -19.9395445 ], [ -66.174487299999839, -19.9428619 ], [ -66.174611099999836, -19.9468777 ], [ -66.17473899999986, -19.9509399 ], [ -66.175044499999842, -19.9551029 ], [ -66.175366399999831, -19.9584665 ], [ -66.17585759999983, -19.9626526 ], [ -66.17609289999983, -19.9673933 ], [ -66.176295099999834, -19.9714628 ], [ -66.176431299999834, -19.9747795 ], [ -66.176579299999958, -19.978736599999962 ], [ -66.176768499999966, -19.983264899999963 ], [ -66.176980699999959, -19.988428499999962 ], [ -66.173753499999961, -19.993131499999961 ], [ -66.170992699999971, -19.997362399999961 ], [ -66.168580899999967, -20.001021199999961 ], [ -66.164334699999912, -20.00744480000002 ], [ -66.162699899999907, -20.009904700000018 ], [ -66.161064, -20.012324 ], [ -66.159229, -20.015019500000015 ], [ -66.157706799999929, -20.017273900000024 ], [ -66.156161, -20.019519400000021 ], [ -66.15492, -20.02133579999996 ], [ -66.153135799999916, -20.024571500000018 ], [ -66.150828099999956, -20.02873179999996 ], [ -66.148445299999963, -20.03298339999996 ], [ -66.145390599999956, -20.036178699999962 ], [ -66.14296549999996, -20.038709 ], [ -66.141736799999947, -20.043991299999959 ], [ -66.140631599999949, -20.047020499999959 ], [ -66.139638299999945, -20.049906799999963 ] ] } },
{ "type": "Feature", "properties": { "id": 258756831.0, "tags.power": "line", "Type": "Way", "Country": "BO", "Length": 4496.9569454640405, "tags.cables": null, "tags.voltage": null, "tags.circuits": null, "tags.frequency": null }, "geometry": { "type": "LineString", "coordinates": [ [ -66.848575699999955, -17.349452899999889 ], [ -66.850053399999879, -17.35406439999992 ], [ -66.850991299999862, -17.354907199999921 ], [ -66.854259699999886, -17.358912899999961 ], [ -66.856386300000096, -17.361637 ], [ -66.860297700000075, -17.367034599999975 ], [ -66.863299700000084, -17.369365599999977 ], [ -66.877475, -17.371949699999977 ] ] } },
{ "type": "Feature", "properties": { "id": 258832079.0, "tags.power": "line", "Type": "Way", "Country": "BO", "Length": 16835.016701651108, "tags.cables": null, "tags.voltage": null, "tags.circuits": null, "tags.frequency": null }, "geometry": { "type": "LineString", "coordinates": [ [ -67.276617200000047, -17.399022899999984 ], [ -67.27613140000004, -17.398834 ], [ -67.273911700000042, -17.398286699999982 ], [ -67.271859800000044, -17.397644299999982 ], [ -67.269609500000044, -17.39701389999998 ], [ -67.266566900000043, -17.396164399999979 ], [ -67.264666900000037, -17.395642 ], [ -67.262198300000037, -17.394962499999977 ], [ -67.25911710000004, -17.394097099999978 ], [ -67.254066300000048, -17.392699899999979 ], [ -67.248645600000046, -17.391191099999979 ], [ -67.244890700000042, -17.390172699999979 ], [ -67.240678400000036, -17.389014199999981 ], [ -67.235732, -17.387672499999983 ], [ -67.232349700000043, -17.386675599999982 ], [ -67.229577300000045, -17.385942799999984 ], [ -67.225449700000055, -17.384816599999983 ], [ -67.22367670000007, -17.384307299999982 ], [ -67.220051600000062, -17.383294299999982 ], [ -67.217328600000073, -17.382529099999982 ], [ -67.215622800000077, -17.382059 ], [ -67.211138, -17.38260829999998 ], [ -67.208851200000069, -17.382864799999982 ], [ -67.205560900000066, -17.383258199999982 ], [ -67.202550100000067, -17.383593399999981 ], [ -67.198464, -17.384096199999981 ], [ -67.196048200000064, -17.384387 ], [ -67.193069600000058, -17.384718799999984 ], [ -67.190591300000051, -17.385010299999983 ], [ -67.187145400000048, -17.385402599999985 ], [ -67.183882200000042, -17.385785199999983 ], [ -67.180789100000041, -17.386143599999983 ], [ -67.176036500000038, -17.386691799999983 ], [ -67.174608300000031, -17.386890399999984 ], [ -67.172541300000034, -17.387106199999984 ], [ -67.170452800000035, -17.387349299999983 ], [ -67.168561600000032, -17.387575399999982 ], [ -67.16414050000003, -17.388075299999983 ], [ -67.162353400000029, -17.388284199999983 ], [ -67.160803200000032, -17.388465699999983 ], [ -67.158470700000038, -17.38875 ], [ -67.153224200000039, -17.389366399999979 ], [ -67.150547200000048, -17.38969509999998 ], [ -67.147956300000047, -17.389982799999981 ], [ -67.144321100000042, -17.390373199999978 ], [ -67.141310300000043, -17.390722499999978 ], [ -67.13912930000005, -17.390987699999979 ], [ -67.136246900000046, -17.391308099999979 ], [ -67.134646400000051, -17.391517 ], [ -67.129679800000048, -17.392122799999978 ], [ -67.128691, -17.392591699999979 ] ] } },
{ "type": "Feature", "properties": { "id": 260074626.0, "tags.power": "line", "Type": "Way", "Country": "BO", "Length": 3896.1404717193873, "tags.cables": "3", "tags.voltage": "115000", "tags.circuits": null, "tags.frequency": "50" }, "geometry": { "type": "LineString", "coordinates": [ [ -67.737914599999115, -16.387567500000085 ], [ -67.738026499999776, -16.38754789999998 ], [ -67.738382699999775, -16.387978 ], [ -67.739568499999791, -16.389570699999979 ], [ -67.741559399999801, -16.390756199999977 ], [ -67.743487799999798, -16.391935699999976 ], [ -67.747126799999805, -16.394067599999975 ], [ -67.749391799999799, -16.394246799999976 ], [ -67.753329799999804, -16.394516199999977 ], [ -67.754253499999805, -16.3946 ], [ -67.758079199999798, -16.394755699999976 ], [ -67.759795499999797, -16.394983199999977 ], [ -67.765605799999804, -16.39542029999998 ], [ -67.770446399999798, -16.395400099999978 ] ] } },
{ "type": "Feature", "properties": { "id": 274984570.0, "tags.power": "line", "Type": "Way", "Country": "BO", "Length": 190212.14690970545, "tags.cables": "3", "tags.voltage": "230000", "tags.circuits": null, "tags.frequency": "50" }, "geometry": { "type": "LineString", "coordinates": [ [ -65.643137199999572, -17.638352099999853 ], [ -65.640029399999577, -17.640752199999852 ], [ -65.637402799999577, -17.642805199999852 ], [ -65.632935499999576, -17.646267199999851 ], [ -65.630753199999575, -17.64794309999985 ], [ -65.627158799999577, -17.651830099999849 ], [ -65.624777499999581, -17.654395899999848 ], [ -65.622107399999578, -17.657288799999847 ], [ -65.619267199999584, -17.659527399999845 ], [ -65.615194599999583, -17.662823899999847 ], [ -65.611593799999582, -17.665673899999845 ], [ -65.609504499999588, -17.667331299999844 ], [ -65.606550299999583, -17.669780399999844 ], [ -65.603621899999581, -17.672080199999844 ], [ -65.600621299999588, -17.674501999999844 ], [ -65.597415199999588, -17.677039899999844 ], [ -65.596067299999589, -17.678137699999844 ], [ -65.592225799999596, -17.679339399999844 ], [ -65.588348999999596, -17.680562399999843 ], [ -65.586940099999595, -17.681021099999843 ], [ -65.584802699999599, -17.681858899999842 ], [ -65.581635399999627, -17.683219499999822 ], [ -65.577941299999594, -17.684806499999841 ], [ -65.573311899999624, -17.686750899999822 ], [ -65.568091999999595, -17.68894339999984 ], [ -65.562334499999594, -17.69141379999984 ], [ -65.556246499999588, -17.694061599999838 ], [ -65.552735599999593, -17.696048999999835 ], [ -65.546746999999584, -17.699488499999834 ], [ -65.543104499999572, -17.701622599999833 ], [ -65.540129499999566, -17.703328599999832 ], [ -65.53732139999957, -17.70493059999983 ], [ -65.529740599999556, -17.709382299999827 ], [ -65.527859999999563, -17.711436799999831 ], [ -65.523535699999655, -17.716485500000104 ], [ -65.521698199999548, -17.718578199999836 ], [ -65.517902399999542, -17.722900999999833 ], [ -65.514573599999565, -17.726685299999833 ], [ -65.51251319999956, -17.729094099999834 ], [ -65.509117799999558, -17.732976299999834 ], [ -65.500429699999557, -17.742786499999834 ], [ -65.49783629999969, -17.745776300000063 ], [ -65.496339499999564, -17.747501799999835 ], [ -65.491861699999561, -17.752645199999836 ], [ -65.490729599999554, -17.756821099999836 ], [ -65.489272499999558, -17.762571499999837 ], [ -65.488838599999553, -17.764129099999838 ], [ -65.4877267, -17.768352499999985 ], [ -65.4862988, -17.773704899999984 ], [ -65.484322599999558, -17.780946099999838 ], [ -65.482322099999564, -17.788115299999838 ], [ -65.476531700000052, -17.799068399999964 ], [ -65.474924400000049, -17.802039399999963 ], [ -65.471644900000044, -17.808102299999963 ], [ -65.470359600000037, -17.810508299999963 ], [ -65.468847400000044, -17.813338699999964 ], [ -65.466676500000048, -17.817402199999965 ], [ -65.464343499999558, -17.821698799999837 ], [ -65.463772400000053, -17.824785099999964 ], [ -65.462844300000057, -17.829637 ], [ -65.462380599999562, -17.832299499999838 ], [ -65.461675500000055, -17.836037699999963 ], [ -65.460696300000052, -17.841229299999963 ], [ -65.459395299999926, -17.8481264 ], [ -65.458982599999558, -17.850410699999838 ], [ -65.456879799999967, -17.8521222 ], [ -65.450985399999965, -17.857010699999989 ], [ -65.445544499999968, -17.861491 ], [ -65.443634699999961, -17.863113 ], [ -65.441366099999954, -17.8649726 ], [ -65.439914, -17.8661958 ], [ -65.43652959999956, -17.868872499999839 ], [ -65.429281899999566, -17.874087999999837 ], [ -65.428176999999565, -17.876106899999836 ], [ -65.424193899999878, -17.88405730000003 ], [ -65.422749699999571, -17.886514799999837 ], [ -65.42031389999957, -17.890729999999838 ], [ -65.419062399999575, -17.892703299999837 ], [ -65.415312499999573, -17.899249999999839 ], [ -65.413420699999577, -17.902449299999837 ], [ -65.409263199999884, -17.909588600000028 ], [ -65.405700499999583, -17.915663599999839 ], [ -65.403138199999589, -17.921770799999837 ], [ -65.400772899999879, -17.927447900000029 ], [ -65.398966699999576, -17.931686299999836 ], [ -65.394422199999568, -17.942473199999839 ], [ -65.39296129999957, -17.946809699999839 ], [ -65.39091589999957, -17.94964499999984 ], [ -65.384097399999575, -17.957157899999839 ], [ -65.379627599999907, -17.976594599999917 ], [ -65.379073699999907, -17.978824 ], [ -65.37779829999991, -17.985783599999916 ], [ -65.377205299999915, -17.989295199999916 ], [ -65.376321499999918, -17.994099599999917 ], [ -65.370979199999923, -17.999946599999916 ], [ -65.367801799999924, -18.00341 ], [ -65.362588199999919, -18.009001399999917 ], [ -65.358644399999918, -18.013337099999916 ], [ -65.355757899999915, -18.016502299999917 ], [ -65.352188899999916, -18.020396299999916 ], [ -65.34981709999991, -18.022944399999915 ], [ -65.346773899999917, -18.026269099999915 ], [ -65.343853899999914, -18.029428799999916 ], [ -65.339731099999909, -18.031843699999918 ], [ -65.33473, -18.034705499999919 ], [ -65.329807299999914, -18.037551199999921 ], [ -65.32461049999992, -18.040535199999923 ], [ -65.322725299999917, -18.041902199999921 ], [ -65.317976, -18.045433899999921 ], [ -65.313444799999914, -18.048726199999919 ], [ -65.311900899999912, -18.049853799999919 ], [ -65.307621499999911, -18.052997099999921 ], [ -65.30611109999991, -18.054922499999922 ], [ -65.303101499999912, -18.058581599999922 ], [ -65.300573, -18.061762 ], [ -65.296992899999921, -18.066250599999922 ], [ -65.294128699999916, -18.06976059999992 ], [ -65.290604499999915, -18.074068199999921 ], [ -65.288187899999912, -18.077142 ], [ -65.286106899999908, -18.079673299999921 ], [ -65.284093099999907, -18.082215199999922 ], [ -65.282482, -18.085331399999923 ], [ -65.280703099999897, -18.088500599999922 ], [ -65.2781745999999, -18.092084599999922 ], [ -65.275232199999905, -18.096423599999923 ], [ -65.2730616999999, -18.099656499999924 ], [ -65.270835299999902, -18.103665599999925 ], [ -65.269056399999897, -18.107142899999925 ], [ -65.267378199999897, -18.110205499999925 ], [ -65.260228999999896, -18.115979499999924 ], [ -65.2579802999999, -18.117702099999924 ], [ -65.255686699999899, -18.119541699999925 ], [ -65.252654799999902, -18.123433399999925 ], [ -65.249432599999906, -18.127399399999923 ], [ -65.246121, -18.131673799999923 ], [ -65.245181199999905, -18.132779499999923 ], [ -65.241567399999909, -18.137468299999924 ], [ -65.239397, -18.140179499999924 ], [ -65.23422809999991, -18.146579799999923 ], [ -65.231912199999911, -18.149631099999922 ], [ -65.231117799999907, -18.151969899999923 ], [ -65.2299430999999, -18.155414399999923 ], [ -65.228074699999894, -18.160910599999923 ], [ -65.226866399999892, -18.164450599999924 ], [ -65.226537999999223, -18.165428299999942 ], [ -65.225145399999889, -18.169574399999924 ], [ -65.22385589999989, -18.173407899999923 ], [ -65.222265799999889, -18.177121 ], [ -65.221514199999888, -18.179120299999923 ], [ -65.219868699999893, -18.183502199999921 ], [ -65.218887699999897, -18.18592989999992 ], [ -65.217344999999895, -18.189950899999921 ], [ -65.215865699999895, -18.19373879999992 ], [ -65.213966999999897, -18.19883429999992 ], [ -65.21441, -18.203178199999918 ], [ -65.215050799999901, -18.209145099999919 ], [ -65.215564999999899, -18.214307799999919 ], [ -65.216008099999897, -18.21777209999992 ], [ -65.216807099999897, -18.223377899999921 ], [ -65.217258, -18.226413599999923 ], [ -65.218080799999896, -18.232199499999922 ], [ -65.218666199999902, -18.23622689999992 ], [ -65.219125, -18.239412699999921 ], [ -65.21952059999991, -18.242065 ], [ -65.220106, -18.246287599999921 ], [ -65.220810099999909, -18.251096 ], [ -65.221023699999904, -18.254266599999923 ], [ -65.221181899999905, -18.257639899999923 ], [ -65.22153, -18.263191799999923 ], [ -65.221925599999906, -18.269457199999923 ], [ -65.222226199999909, -18.274640599999923 ], [ -65.222503099999912, -18.279080199999925 ], [ -65.222226199999909, -18.282160099999924 ], [ -65.221751499999911, -18.288439799999924 ], [ -65.221490499999916, -18.291564599999923 ], [ -65.221308499999921, -18.293142 ], [ -65.221063299999926, -18.29637929999992 ], [ -65.220659799999922, -18.30129909999992 ], [ -65.220557, -18.30321439999992 ], [ -65.220295899999925, -18.305783099999921 ], [ -65.219977, -18.30979809999992 ], [ -65.21944, -18.316250599999922 ], [ -65.220357399999941, -18.31954839999992 ], [ -65.220956, -18.321853199999921 ], [ -65.221644, -18.324449899999923 ], [ -65.221834199999947, -18.326149199999922 ], [ -65.222102699999951, -18.329547799999922 ], [ -65.222460799999951, -18.333859599999922 ], [ -65.22299219999995, -18.339944799999923 ], [ -65.223249499999952, -18.342610399999923 ], [ -65.223909599999956, -18.349974899999925 ], [ -65.224351499999955, -18.355066699999924 ], [ -65.223064899999954, -18.362611199999925 ], [ -65.222567099999949, -18.365669199999925 ], [ -65.222125099999943, -18.368281299999925 ], [ -65.221588099999948, -18.371392299999926 ], [ -65.220469299999948, -18.378086699999926 ], [ -65.219512699999953, -18.383851899999925 ], [ -65.219020499999957, -18.386723699999926 ], [ -65.21843869999995, -18.390137 ], [ -65.217963199999957, -18.392844199999924 ], [ -65.217605199999952, -18.395036499999925 ], [ -65.216810799999948, -18.399835099999926 ], [ -65.216117199999942, -18.403794799999925 ], [ -65.21541229999994, -18.408051699999927 ], [ -65.214563199999944, -18.412995899999927 ], [ -65.213432299999909, -18.415733299999921 ], [ -65.212134499999905, -18.419146 ], [ -65.210322, -18.42360949999992 ], [ -65.209035399999905, -18.426799099999918 ], [ -65.207804699999912, -18.429872 ], [ -65.207043899999917, -18.431660399999917 ], [ -65.205203499999911, -18.436415499999917 ], [ -65.20422449999991, -18.438692099999916 ], [ -65.203005, -18.441860299999917 ], [ -65.200493299999906, -18.447899199999917 ], [ -65.198871099999906, -18.452033 ], [ -65.196980299999908, -18.456792799999917 ], [ -65.195296499999912, -18.460862599999917 ], [ -65.194138499999909, -18.463754399999917 ], [ -65.192326099999903, -18.468216799999919 ], [ -65.191134599999899, -18.47124639999992 ], [ -65.188471799999903, -18.477846699999919 ], [ -65.186239799999896, -18.482865799999917 ], [ -65.185037099999903, -18.485661699999916 ], [ -65.183946299999903, -18.488102199999915 ], [ -65.181966, -18.492627499999916 ], [ -65.179566199999897, -18.498012199999916 ], [ -65.177496399999896, -18.502754799999916 ], [ -65.176103499999897, -18.505985399999915 ], [ -65.17387149999989, -18.510961199999915 ], [ -65.172573599999893, -18.513831 ], [ -65.171242299999889, -18.516806799999916 ], [ -65.169815799999895, -18.525691399999914 ], [ -65.169105399999893, -18.530184 ], [ -65.168305399999895, -18.535047599999913 ], [ -65.167541599999893, -18.539881 ], [ -65.16725369999989, -18.541841699999914 ], [ -65.167326499999888, -18.547283199999914 ], [ -65.167432699999893, -18.552167599999915 ], [ -65.167359999999888, -18.558632199999916 ], [ -65.167292899999893, -18.561957199999917 ], [ -65.167169799999897, -18.569529799999916 ], [ -65.167080299999895, -18.57549 ], [ -65.167004799999901, -18.578356 ], [ -65.164807599999904, -18.583490699999917 ], [ -65.163241199999902, -18.58709 ], [ -65.162363, -18.592563799999919 ], [ -65.161413699999898, -18.595540599999918 ], [ -65.159863399999892, -18.600259399999917 ], [ -65.158371499999888, -18.604712799999916 ], [ -65.159660899999892, -18.609196599999915 ], [ -65.161048199999897, -18.614034199999914 ], [ -65.1637304999999, -18.618840799999912 ], [ -65.166938699999903, -18.624528899999913 ], [ -65.168107799999902, -18.62675 ], [ -65.171354299999905, -18.632536699999914 ], [ -65.170685799999902, -18.639398099999912 ], [ -65.170389399999905, -18.642239199999914 ], [ -65.169656499999903, -18.649999 ], [ -65.167038599999898, -18.654896299999912 ], [ -65.165282, -18.661357 ], [ -65.164112899999907, -18.665559799999915 ], [ -65.162378699999906, -18.671866399999914 ], [ -65.160711699999908, -18.674495 ], [ -65.158283899999901, -18.678310599999914 ], [ -65.156991699999907, -18.680382699999914 ], [ -65.155078599999911, -18.683318499999913 ], [ -65.152572399999912, -18.687287499999915 ], [ -65.150010399999914, -18.691293599999916 ], [ -65.148026799999911, -18.694386899999916 ], [ -65.145230899999916, -18.698731599999917 ], [ -65.143858399999914, -18.700862799999918 ], [ -65.142503599999898, -18.703176099999929 ], [ -65.140691099999898, -18.70594719999993 ], [ -65.138638099999895, -18.70899919999993 ], [ -65.134862099999893, -18.71512929999993 ], [ -65.133446899999896, -18.720517499999929 ], [ -65.132451099999898, -18.724215499999929 ], [ -65.131958899999901, -18.72615459999993 ], [ -65.131063799999907, -18.729407399999928 ], [ -65.130146399999902, -18.736310299999928 ], [ -65.128994, -18.74490269999993 ], [ -65.128417899999903, -18.748992199999929 ], [ -65.127813699999905, -18.753574199999928 ], [ -65.125396499999908, -18.761819399999929 ], [ -65.123347499999909, -18.768849299999928 ], [ -65.123094399999914, -18.771339799999929 ], [ -65.12277, -18.774350899999927 ], [ -65.122460499999917, -18.778189199999929 ], [ -65.122242399999919, -18.780450699999928 ], [ -65.121655, -18.786106899999929 ], [ -65.120927799999919, -18.792647299999928 ], [ -65.120281399999925, -18.798974 ], [ -65.119640599999926, -18.805369599999928 ], [ -65.118612099999922, -18.810154799999928 ], [ -65.117923899999923, -18.812730899999927 ], [ -65.116136, -18.819275699999928 ], [ -65.114949299999921, -18.823663799999927 ], [ -65.114235, -18.826030099999926 ], [ -65.114943799999921, -18.826568899999927 ], [ -65.119867699999915, -18.83071 ], [ -65.12109389999992, -18.834408899999925 ], [ -65.122130299999924, -18.837965399999923 ], [ -65.123008399999918, -18.841057699999922 ], [ -65.122652399999922, -18.843401199999921 ], [ -65.122304299999925, -18.846425899999922 ], [ -65.121869199999921, -18.849832499999923 ], [ -65.121505299999924, -18.852160899999923 ], [ -65.121030599999926, -18.855297799999924 ], [ -65.120033799999931, -18.862200299999923 ], [ -65.119622499999934, -18.865254699999923 ], [ -65.119021199999935, -18.869364499999921 ], [ -65.118252699999928, -18.874905499999922 ], [ -65.117555299999921, -18.880010799999923 ], [ -65.115585399999915, -18.883506499999921 ], [ -65.112416299999893, -18.889100299999939 ], [ -65.109967799999893, -18.893422899999937 ], [ -65.108573799999817, -18.895558 ], [ -65.10624159999989, -18.89913 ], [ -65.107746099999886, -18.906439399999936 ], [ -65.10862419999988, -18.910660499999935 ], [ -65.10926499999988, -18.913848699999935 ], [ -65.109858399999879, -18.917074299999936 ], [ -65.11128239999988, -18.924475599999937 ], [ -65.111749099999884, -18.926952599999936 ], [ -65.112445299999877, -18.930305199999935 ], [ -65.113038599999882, -18.933470499999935 ], [ -65.114510099999876, -18.943355399999934 ], [ -65.116533399999881, -18.945966899999934 ], [ -65.11805099999988, -18.947931599999933 ], [ -65.120530799999884, -18.950952399999935 ], [ -65.123153199999891, -18.954218599999933 ], [ -65.130397499999887, -18.957567599999933 ], [ -65.135578299999892, -18.959902699999933 ], [ -65.140562299999885, -18.962143499999932 ], [ -65.145352499999888, -18.964395599999932 ], [ -65.148528799999895, -18.967900699999934 ], [ -65.15397569999989, -18.973837199999934 ], [ -65.158384199999887, -18.978618299999933 ], [ -65.164855499999888, -18.985676499999933 ], [ -65.166133199999891, -18.987034299999934 ], [ -65.170365899999894, -18.991653399999933 ], [ -65.177394699999894, -18.996201299999932 ], [ -65.179900799999899, -18.99779869999993 ], [ -65.182518799999897, -18.99778809999993 ], [ -65.191706700000111, -18.9913181 ], [ -65.198516400000116, -18.9922874 ], [ -65.200754800000112, -18.9938176 ], [ -65.205851600000116, -18.9973451 ], [ -65.208634900000121, -18.998127 ], [ -65.212512600000082, -18.9980422 ], [ -65.218083100000072, -19.0007694 ], [ -65.218608699999976, -19.001174799999976 ] ] } },
{ "type": "Feature", "properties": { "id": 281226784.0, "tags.power": "line", "Type": "Way", "Country": "BO", "Length": 8633.6718894589849, "tags.cables": null, "tags.voltage": "230000", "tags.circuits": null, "tags.frequency": null }, "geometry": { "type": "LineString", "coordinates": [ [ -63.135872, -17.727064799999937 ], [ -63.138074200000133, -17.730279100000011 ], [ -63.140211400000133, -17.73346930000001 ], [ -63.143745099999947, -17.738691599999935 ], [ -63.145591399999944, -17.741435399999936 ], [ -63.147465400000137, -17.744191600000011 ], [ -63.149161500000133, -17.746716400000011 ], [ -63.151291099999945, -17.749854 ], [ -63.153300899999948, -17.752804699999935 ], [ -63.15488309999995, -17.755168199999936 ], [ -63.15550939999995, -17.756083799999935 ], [ -63.154465699999953, -17.757048299999934 ], [ -63.153214599999956, -17.758324199999933 ], [ -63.152078899999957, -17.759655099999932 ], [ -63.150989699999954, -17.761039799999931 ], [ -63.149999899999955, -17.76271 ], [ -63.149062899999954, -17.76441209999993 ], [ -63.148448699999953, -17.765814299999931 ], [ -63.14787, -17.767306499999933 ], [ -63.147232199999955, -17.769031099999932 ], [ -63.147129799999952, -17.770935699999932 ], [ -63.147082599999955, -17.772769 ], [ -63.147118699999552, -17.772984799999772 ], [ -63.147003199999958, -17.774716 ], [ -63.147028599999587, -17.775352099999772 ], [ -63.147031699999587, -17.77543099999977 ], [ -63.147071899999958, -17.776436899999933 ], [ -63.147236099999958, -17.777717699999933 ], [ -63.147342399999957, -17.779089799999934 ], [ -63.147523499999956, -17.780664299999934 ], [ -63.147736099999953, -17.782190099999934 ], [ -63.147873899999951, -17.783689699999933 ], [ -63.147875099999951, -17.785051599999932 ], [ -63.147973099999952, -17.786482499999934 ], [ -63.148043, -17.787460899999935 ], [ -63.148138199999948, -17.788807 ], [ -63.149339899999951, -17.788643099999934 ], [ -63.150610199999953, -17.788429799999932 ], [ -63.151298199999566, -17.788439900000046 ], [ -63.151614, -17.788450599999933 ], [ -63.152419299999956, -17.788199399999932 ] ] } },
{ "type": "Feature", "properties": { "id": 281226791.0, "tags.power": "line", "Type": "Way", "Country": "BO", "Length": 60252.034544905378, "tags.cables": "3", "tags.voltage": "230000", "tags.circuits": null, "tags.frequency": "50" }, "geometry": { "type": "LineString", "coordinates": [ [ -63.630368899999915, -17.427578099999938 ], [ -63.626252399999913, -17.426922 ], [ -63.621761099999915, -17.425587699999937 ], [ -63.617986199999912, -17.425338199999938 ], [ -63.613347099999913, -17.425034399999937 ], [ -63.608537399999911, -17.424643899999936 ], [ -63.60436449999991, -17.424285899999937 ], [ -63.600919299999909, -17.424079699999936 ], [ -63.596689499999911, -17.423743399999935 ], [ -63.593778699999916, -17.426412199999938 ], [ -63.590811, -17.428972399999939 ], [ -63.587411299999914, -17.431923099999938 ], [ -63.584375399999914, -17.434689399999939 ], [ -63.581078, -17.437564099999939 ], [ -63.577780599999912, -17.440471299999938 ], [ -63.574722, -17.443248199999939 ], [ -63.571197199999908, -17.446307199999939 ], [ -63.568082899999908, -17.44908139999994 ], [ -63.565188399999911, -17.451627 ], [ -63.56204239999991, -17.454466899999943 ], [ -63.558784799999913, -17.457335899999944 ], [ -63.55551579999991, -17.460286099999944 ], [ -63.553091400000056, -17.462424099999978 ], [ -63.552317899999906, -17.463106199999945 ], [ -63.548683299999908, -17.466448299999946 ], [ -63.545310599999908, -17.469344299999946 ], [ -63.545356599999906, -17.472443499999947 ], [ -63.54537120000019, -17.476031399999961 ], [ -63.54537670000019, -17.47739659999996 ], [ -63.544462900000191, -17.48052829999996 ], [ -63.543913699999905, -17.480872499999947 ], [ -63.541627599999906, -17.481116299999947 ], [ -63.539357699999904, -17.481517 ], [ -63.538238200000194, -17.481753199999961 ], [ -63.533268299999904, -17.482802 ], [ -63.528789699999905, -17.483721499999945 ], [ -63.525458600000192, -17.48440959999996 ], [ -63.522785000000191, -17.486640199999961 ], [ -63.520187000000192, -17.48886089999996 ], [ -63.51710660000019, -17.49142829999996 ], [ -63.513789500000193, -17.494192899999959 ], [ -63.510286800000195, -17.497112199999957 ], [ -63.506611900000195, -17.500174799999957 ], [ -63.5032524000002, -17.502974599999959 ], [ -63.5011468000002, -17.504729499999961 ], [ -63.497809300000199, -17.50751079999996 ], [ -63.494019799999904, -17.510668899999946 ], [ -63.490932399999906, -17.513221799999947 ], [ -63.488229299999908, -17.515368899999945 ], [ -63.483595499999907, -17.519028599999945 ], [ -63.480878699999906, -17.521168199999945 ], [ -63.477183799999906, -17.523908399999947 ], [ -63.473604899999906, -17.526557199999946 ], [ -63.470313399999903, -17.529078699999946 ], [ -63.467236699999901, -17.531417399999945 ], [ -63.464012, -17.533817 ], [ -63.460499899999903, -17.536451899999946 ], [ -63.456436299999901, -17.539482399999947 ], [ -63.452823299999899, -17.542152599999948 ], [ -63.449166200000192, -17.544614199999963 ], [ -63.44571670000019, -17.546936099999964 ], [ -63.442100200000191, -17.549370299999964 ], [ -63.438730399999898, -17.551650699999946 ], [ -63.4354672999999, -17.553862099999947 ], [ -63.432175700000201, -17.556054399999965 ], [ -63.428238200000202, -17.558686499999965 ], [ -63.424460599999932, -17.56121159999994 ], [ -63.423250199999927, -17.56454719999995 ], [ -63.418563800000193, -17.566092899999965 ], [ -63.416815199999924, -17.566669699999952 ], [ -63.411512299999927, -17.568374899999952 ], [ -63.407391299999929, -17.569681199999952 ], [ -63.40379849999993, -17.570897699999954 ], [ -63.398924399999927, -17.572478099999955 ], [ -63.394432099999932, -17.573928899999956 ], [ -63.389615599999928, -17.575549299999956 ], [ -63.385510199999928, -17.576890399999957 ], [ -63.380568199999928, -17.578490699999957 ], [ -63.377059099999926, -17.579617399999957 ], [ -63.374031099999925, -17.580614499999957 ], [ -63.367768199999922, -17.582734 ], [ -63.35890119999992, -17.585556199999953 ], [ -63.355343699999921, -17.586782899999953 ], [ -63.353435599999919, -17.589469 ], [ -63.351926799999916, -17.59156289999995 ], [ -63.350943199999918, -17.59543329999995 ], [ -63.350033499999917, -17.599162699999948 ], [ -63.349197699999912, -17.602807399999946 ], [ -63.349006499999909, -17.606820099999947 ], [ -63.34880289999991, -17.611696699999946 ], [ -63.348653799999838, -17.61521379999995 ], [ -63.349489899999909, -17.617244799999948 ], [ -63.350896699999915, -17.620528699999948 ], [ -63.352374299999916, -17.623980399999947 ], [ -63.353727299999917, -17.627205299999947 ], [ -63.355076499999917, -17.630280499999945 ], [ -63.354940599999921, -17.634173 ], [ -63.354872599999922, -17.638050499999942 ], [ -63.354830699999923, -17.642376399999943 ], [ -63.354788899999924, -17.646169 ], [ -63.354694799999926, -17.650096099999946 ], [ -63.354626799999927, -17.654332 ], [ -63.35361219999993, -17.656106099999946 ], [ -63.35061039999993, -17.660934899999944 ], [ -63.348811399999931, -17.663879899999944 ], [ -63.346405699999934, -17.667716899999945 ], [ -63.344209199999938, -17.671269799999944 ], [ -63.341808799999939, -17.675211199999943 ], [ -63.339450199999938, -17.678963199999941 ], [ -63.337546599999939, -17.68208739999994 ], [ -63.335449499999939, -17.685545299999941 ], [ -63.333399399999941, -17.68883369999994 ], [ -63.33077939999994, -17.693068699999941 ], [ -63.329188199999898, -17.695746799999945 ], [ -63.327632399999899, -17.698263099999945 ], [ -63.325786399999899, -17.701260499999947 ], [ -63.323699399999896, -17.703978699999947 ], [ -63.321902799999897, -17.704274499999947 ], [ -63.317287699999895, -17.704971299999947 ], [ -63.312170499999894, -17.705704099999949 ], [ -63.307892099999897, -17.706359399999947 ], [ -63.303425099999899, -17.706984299999945 ], [ -63.298438499999897, -17.707730799999947 ], [ -63.293678299999897, -17.708441499999946 ], [ -63.288624999999897, -17.709174199999946 ], [ -63.285144799999898, -17.709663599999946 ], [ -63.282671799999896, -17.710061799999945 ], [ -63.278895599999899, -17.711148399999946 ], [ -63.274649099999429, -17.7123395 ], [ -63.2704161999999, -17.713588099999946 ], [ -63.265768999999899, -17.714834 ], [ -63.261221099999901, -17.716157799999948 ], [ -63.258528499999429, -17.7171194 ] ] } },
{ "type": "Feature", "properties": { "id": 281226792.0, "tags.power": "line", "Type": "Way", "Country": "BO", "Length": 151403.39691706171, "tags.cables": "3", "tags.voltage": "230000", "tags.circuits": "1", "tags.frequency": "50" }, "geometry": { "type": "LineString", "coordinates": [ [ -64.522407899999962, -17.202909699999918 ], [ -64.520755399999956, -17.203604099999918 ], [ -64.517319099999952, -17.204986899999916 ], [ -64.513736799999947, -17.206480599999917 ], [ -64.509997599999949, -17.20803429999992 ], [ -64.502080099999944, -17.208025399999919 ], [ -64.498704099999955, -17.208138399999921 ], [ -64.497391699999966, -17.208186 ], [ -64.496866600000629, -17.20820269999982 ], [ -64.493854599999949, -17.20829819999992 ], [ -64.490726099999947, -17.208411199999919 ], [ -64.486924599999952, -17.208531299999919 ], [ -64.484094199999959, -17.210433199999919 ], [ -64.480995299999961, -17.212499599999919 ], [ -64.477774399999959, -17.214636699999918 ], [ -64.474512799999957, -17.215964799999917 ], [ -64.470959, -17.217420099999917 ], [ -64.467380399999954, -17.218850199999917 ], [ -64.463582, -17.220384799999916 ], [ -64.45983229999996, -17.22191339999992 ], [ -64.456325899999953, -17.223329599999925 ], [ -64.452964699999953, -17.223140399999924 ], [ -64.450112299999958, -17.222981299999923 ], [ -64.446615499999965, -17.222820299999924 ], [ -64.443475899999967, -17.222650699999921 ], [ -64.439611599999964, -17.22244939999992 ], [ -64.43561779999996, -17.22221979999992 ], [ -64.432626199999959, -17.222064399999919 ], [ -64.429135299999956, -17.221894899999921 ], [ -64.425285699999961, -17.221721799999919 ], [ -64.422001899999955, -17.221520499999919 ], [ -64.418592399999952, -17.221365 ], [ -64.414998, -17.221192 ], [ -64.411910199999966, -17.222806199999923 ], [ -64.40846, -17.224660499999924 ], [ -64.405057899999946, -17.226592599999925 ], [ -64.401666899999952, -17.228478699999926 ], [ -64.398242599999946, -17.230364799999926 ], [ -64.395794399999943, -17.231742599999926 ], [ -64.39305439999994, -17.233342199999925 ], [ -64.389752099999939, -17.235291799999924 ], [ -64.386531199999936, -17.237227299999926 ], [ -64.383010699999943, -17.239307599999925 ], [ -64.37987119999994, -17.241140599999927 ], [ -64.376690899999929, -17.243030099999931 ], [ -64.373333199999919, -17.24501489999993 ], [ -64.370097499999929, -17.246989099999929 ], [ -64.366554799999918, -17.249094 ], [ -64.362368799999899, -17.251601399999931 ], [ -64.358176199999903, -17.254115699999932 ], [ -64.354722399999901, -17.256202699999932 ], [ -64.351642, -17.258113199999929 ], [ -64.348519599999918, -17.259931499999933 ], [ -64.346142699999916, -17.259764199999932 ], [ -64.342487199999908, -17.259604399999933 ], [ -64.337597399999908, -17.259217299999932 ], [ -64.334023799999912, -17.258960399999932 ], [ -64.330496, -17.258755499999932 ], [ -64.326894199999913, -17.25852249999993 ], [ -64.323302, -17.258256099999929 ], [ -64.320155299999911, -17.257245399999931 ], [ -64.317104899999904, -17.256087699999931 ], [ -64.313916299999903, -17.25481319999993 ], [ -64.310361999999898, -17.253399599999931 ], [ -64.306760699999899, -17.251949799999931 ], [ -64.303182699999908, -17.250538 ], [ -64.299486599999923, -17.249002699999931 ], [ -64.295914699999926, -17.247579299999931 ], [ -64.29226419999992, -17.246558299999929 ], [ -64.288665399999914, -17.245480599999929 ], [ -64.285721799999919, -17.244650599999929 ], [ -64.281842699999928, -17.243520499999931 ], [ -64.278717899999933, -17.242623399999928 ], [ -64.275589499999938, -17.241687499999927 ], [ -64.27165849999993, -17.242669299999928 ], [ -64.267857, -17.24369 ], [ -64.264210899999924, -17.24466469999993 ], [ -64.260361299999914, -17.245692499999929 ], [ -64.256533899999923, -17.24666719999993 ], [ -64.252843399999932, -17.24763489999993 ], [ -64.248893899999928, -17.24867669999993 ], [ -64.245051799999914, -17.249676199999932 ], [ -64.241202199999904, -17.250672099999932 ], [ -64.237308299999896, -17.251661 ], [ -64.233506799999901, -17.25268509999993 ], [ -64.229597999999896, -17.253677499999931 ], [ -64.2257117999999, -17.254677099999931 ], [ -64.222083799999908, -17.255644499999931 ], [ -64.219491899999909, -17.25735169999993 ], [ -64.217530199999914, -17.259694 ], [ -64.214998, -17.261978099999933 ], [ -64.21209649999993, -17.264628199999933 ], [ -64.209225399999937, -17.267145199999934 ], [ -64.20647979999994, -17.269597199999936 ], [ -64.203514599999934, -17.272303899999937 ], [ -64.200486599999934, -17.274541099999936 ], [ -64.197469099999935, -17.276823299999936 ], [ -64.194252899999938, -17.279240399999935 ], [ -64.191209199999932, -17.281557399999937 ], [ -64.188102799999939, -17.283814499999938 ], [ -64.184970199999938, -17.286196399999938 ], [ -64.182086599999934, -17.288312499999936 ], [ -64.179077199999938, -17.290611399999936 ], [ -64.175948699999935, -17.292959399999937 ], [ -64.172798499999942, -17.295279299999937 ], [ -64.169673299999943, -17.297627099999936 ], [ -64.166563299999936, -17.299967899999935 ], [ -64.163386799999941, -17.302337 ], [ -64.160306399999939, -17.304674199999933 ], [ -64.157229699999945, -17.306891399999934 ], [ -64.154356399999941, -17.309108499999933 ], [ -64.151479399999943, -17.311202099999932 ], [ -64.148328699999936, -17.31356749999993 ], [ -64.145196599999935, -17.31596459999993 ], [ -64.142744300000246, -17.317779 ], [ -64.142057, -17.31828759999993 ], [ -64.139021, -17.32055759999993 ], [ -64.135929499999946, -17.322831 ], [ -64.132952599999953, -17.32513269999993 ], [ -64.129875899999959, -17.327402599999932 ], [ -64.126610599999964, -17.329792499999932 ], [ -64.123570899999962, -17.332083499999932 ], [ -64.120316699999961, -17.334536899999932 ], [ -64.117291799999961, -17.336810199999931 ], [ -64.114359299999961, -17.33899169999993 ], [ -64.110879599999961, -17.340160099999931 ], [ -64.107388699999959, -17.341300199999932 ], [ -64.103849799999963, -17.34247569999993 ], [ -64.10031079999996, -17.343644 ], [ -64.096638699999957, -17.344875899999931 ], [ -64.093033199999951, -17.346061899999931 ], [ -64.089449899999948, -17.34722679999993 ], [ -64.085696499999955, -17.34849749999993 ], [ -64.081769299999948, -17.349785799999928 ], [ -64.078574199999949, -17.350834099999929 ], [ -64.07499059999995, -17.352043899999931 ], [ -64.07129259999995, -17.353293399999931 ], [ -64.067616799999954, -17.354521699999932 ], [ -64.064015, -17.355700499999934 ], [ -64.059885299999962, -17.356828399999934 ], [ -64.055931899999962, -17.35789 ], [ -64.052204299999957, -17.358934799999933 ], [ -64.048536, -17.360014799999934 ], [ -64.044808399999951, -17.361031299999933 ], [ -64.041125299999948, -17.362033699999934 ], [ -64.037427299999948, -17.363078399999935 ], [ -64.033736799999943, -17.364066599999934 ], [ -64.031993100000236, -17.36453840000005 ], [ -64.029979699999942, -17.365083099999932 ], [ -64.026340899999937, -17.366099599999931 ], [ -64.02279819999994, -17.366720699999931 ], [ -64.019092899999947, -17.36749009999993 ], [ -64.015617299999946, -17.36857629999993 ], [ -64.01191939999994, -17.36979749999993 ], [ -64.008239899999936, -17.37097979999993 ], [ -64.004286799999932, -17.372299699999928 ], [ -64.000977099999929, -17.373383199999928 ], [ -63.996841099999926, -17.374738899999929 ], [ -63.993473299999927, -17.375694899999928 ], [ -63.989853, -17.376707799999927 ], [ -63.986284399999924, -17.377678399999926 ], [ -63.982860099999925, -17.378624199999926 ], [ -63.9807311, -17.379218699999942 ], [ -63.979531, -17.379553799999925 ], [ -63.975682399999926, -17.380614599999927 ], [ -63.972731399999923, -17.381461599999927 ], [ -63.967805799999923, -17.382809699999928 ], [ -63.964363, -17.383737799999928 ], [ -63.961018399999922, -17.384687399999926 ], [ -63.957751, -17.385569399999927 ], [ -63.954008699999925, -17.386621 ], [ -63.950473499999923, -17.387598599999926 ], [ -63.946753299999926, -17.388607899999926 ], [ -63.943262499999925, -17.389596 ], [ -63.939782699999924, -17.390517 ], [ -63.936339899999922, -17.391431 ], [ -63.932608699999918, -17.392450799999931 ], [ -63.929066, -17.393453 ], [ -63.925253399999924, -17.394416399999933 ], [ -63.921577699999922, -17.395658599999933 ], [ -63.917835299999929, -17.396861899999934 ], [ -63.914107799999925, -17.398160499999932 ], [ -63.910291499999929, -17.399423799999933 ], [ -63.906604699999939, -17.400644699999933 ], [ -63.902947399999931, -17.399395499999933 ], [ -63.899083, -17.398181699999931 ], [ -63.895556899999924, -17.396324499999935 ], [ -63.892554199999921, -17.394757699999932 ], [ -63.889551499999918, -17.393169699999934 ], [ -63.881519499999918, -17.393077599999934 ], [ -63.877183199999919, -17.393047199999934 ], [ -63.875535900000258, -17.393743800000021 ], [ -63.873715899999922, -17.394424599999933 ], [ -63.870431599999925, -17.395737099999934 ], [ -63.867246799999926, -17.397064599999933 ], [ -63.863947699999926, -17.398346499999931 ], [ -63.860772399999931, -17.399624599999932 ], [ -63.858191199999936, -17.400709599999935 ], [ -63.855440399999935, -17.401827499999936 ], [ -63.852299799999933, -17.399883699999933 ], [ -63.844334599999925, -17.395371499999932 ], [ -63.842185199999925, -17.394143799999934 ], [ -63.83840409999992, -17.392467 ], [ -63.835465, -17.391144499999928 ], [ -63.831707299999927, -17.390419599999927 ], [ -63.827528199999925, -17.389642499999926 ], [ -63.824173499999922, -17.390963099999929 ], [ -63.820871199999921, -17.392272299999931 ], [ -63.817446899999922, -17.393701499999935 ], [ -63.813974499999922, -17.395134199999934 ], [ -63.810445199999926, -17.396439899999933 ], [ -63.806889, -17.397764899999931 ], [ -63.803195299999928, -17.399131 ], [ -63.799434099999935, -17.400475099999934 ], [ -63.796015399999938, -17.401737199999936 ], [ -63.792314, -17.403099499999936 ], [ -63.788379399999933, -17.403755799999935 ], [ -63.784847899999932, -17.404309799999936 ], [ -63.780706199999933, -17.404906099999938 ], [ -63.776856599999931, -17.405460099999939 ], [ -63.772955799999934, -17.406033399999938 ], [ -63.769187, -17.406635199999936 ], [ -63.765226499999933, -17.407259699999937 ], [ -63.76163949999993, -17.407799599999937 ], [ -63.758200399999929, -17.408293599999936 ], [ -63.753770299999928, -17.409020499999937 ], [ -63.749536099999929, -17.409676799999936 ], [ -63.746784799999929, -17.412601899999935 ], [ -63.744203699999929, -17.41528 ], [ -63.741622499999927, -17.417979299999935 ], [ -63.73911159999993, -17.420618499999936 ], [ -63.736397299999929, -17.423469399999934 ], [ -63.733871599999929, -17.426147299999933 ], [ -63.731412499999927, -17.428737 ], [ -63.72892, -17.431358399999933 ], [ -63.726398, -17.433986899999933 ], [ -63.723935199999922, -17.436551799999933 ], [ -63.721476099999919, -17.439144899999931 ], [ -63.71913529999992, -17.441603799999932 ], [ -63.716753799999921, -17.444084 ], [ -63.713207399999924, -17.445812599999933 ], [ -63.709657399999926, -17.447516599999933 ], [ -63.706107399999929, -17.449255799999932 ], [ -63.702524099999927, -17.450963199999933 ], [ -63.69911819999993, -17.452638899999933 ], [ -63.695427699999932, -17.454448599999932 ], [ -63.691075199999929, -17.456529899999932 ], [ -63.687765499999927, -17.458152599999931 ], [ -63.684267299999924, -17.459842299999931 ], [ -63.680672899999927, -17.461563799999929 ], [ -63.677374299999926, -17.46318639999993 ], [ -63.674164499999925, -17.464720899999932 ], [ -63.670348199999928, -17.466562199999931 ], [ -63.666827699999928, -17.467990899999933 ], [ -63.662907899999929, -17.469271299999932 ], [ -63.659376299999927, -17.470361299999933 ], [ -63.65546389999993, -17.471592299999934 ], [ -63.651943499999931, -17.472689299999935 ], [ -63.648985099999933, -17.473645199999936 ], [ -63.644384799999933, -17.475102 ], [ -63.641367899999935, -17.476057399999934 ], [ -63.637121399999934, -17.477404199999935 ], [ -63.633847599999932, -17.478371899999935 ], [ -63.630641799999928, -17.479399499999936 ], [ -63.627718399999928, -17.480342299999936 ], [ -63.625061699999925, -17.481115499999937 ], [ -63.621359099999928, -17.482277699999937 ], [ -63.616281099999931, -17.483824 ], [ -63.611527299999928, -17.485295499999939 ], [ -63.608771199999929, -17.486153399999939 ], [ -63.605481799999929, -17.487151 ], [ -63.60049789999993, -17.488687299999942 ], [ -63.595833, -17.490178699999941 ], [ -63.591136699999929, -17.491580299999942 ], [ -63.58830219999993, -17.492617799999941 ], [ -63.583836099999928, -17.493894699999942 ], [ -63.580646, -17.494902199999942 ], [ -63.57731459999993, -17.495959599999942 ], [ -63.573648599999927, -17.497111799999942 ], [ -63.570092399999929, -17.498219099999943 ], [ -63.565360200000192, -17.499730099999958 ], [ -63.559996000000197, -17.501442899999958 ], [ -63.557196200000199, -17.502336799999959 ], [ -63.55545189999993, -17.502893799999942 ], [ -63.552277199999928, -17.503900699999942 ], [ -63.548936, -17.504966199999942 ], [ -63.54521029999993, -17.506140599999942 ], [ -63.541486300000201, -17.507342499999961 ], [ -63.539925299999851, -17.507846299999926 ], [ -63.538594899999858, -17.508275699999917 ], [ -63.537572199999929, -17.508605799999941 ], [ -63.534110600000197, -17.509710599999959 ], [ -63.530386400000197, -17.510899199999958 ], [ -63.526508200000194, -17.512136899999959 ], [ -63.522898800000192, -17.513288799999959 ], [ -63.518973300000191, -17.514541599999959 ], [ -63.51454380000019, -17.515955299999959 ], [ -63.511407200000193, -17.516956299999958 ], [ -63.507551799999931, -17.518186699999941 ], [ -63.504578699999932, -17.519151199999939 ], [ -63.501346699999935, -17.52020559999994 ], [ -63.497108799999936, -17.521575599999942 ], [ -63.492644500000189, -17.522931699999958 ], [ -63.488019299999934, -17.524336699999942 ], [ -63.484945300000192, -17.52615039999996 ], [ -63.481322299999931, -17.528287899999942 ], [ -63.478261900000192, -17.530217899999961 ], [ -63.474985099999934, -17.53228429999994 ], [ -63.472132899999934, -17.534010899999942 ], [ -63.468423799999933, -17.53627139999994 ], [ -63.465411499999931, -17.538109 ], [ -63.461722, -17.54037039999994 ], [ -63.45874629999993, -17.54224279999994 ], [ -63.455098800000194, -17.544435 ], [ -63.45203710000019, -17.546275099999963 ], [ -63.448864799999932, -17.548181599999939 ], [ -63.445735800000193, -17.550100299999965 ], [ -63.442294500000195, -17.552210399999964 ], [ -63.438418600000198, -17.554587 ], [ -63.433659500000203, -17.557505199999966 ], [ -63.428974600000203, -17.560319299999964 ], [ -63.42510669999993, -17.56264259999994 ], [ -63.422031699999927, -17.562732399999941 ], [ -63.418218299999928, -17.56279739999994 ], [ -63.414819, -17.562867199999939 ], [ -63.410955299999934, -17.56298829999994 ], [ -63.406848, -17.563049199999941 ], [ -63.403391099999929, -17.563107299999942 ], [ -63.3994031000002, -17.563269899999963 ], [ -63.395337399999931, -17.563435599999941 ], [ -63.39155109999993, -17.563438099999942 ], [ -63.388483899999933, -17.563490399999942 ], [ -63.382943099999935, -17.563580799999944 ], [ -63.377587899999938, -17.563730399999944 ], [ -63.373751899999938, -17.563815099999943 ], [ -63.370327100000196, -17.563865299999964 ], [ -63.365985000000194, -17.563928899999965 ], [ -63.362903900000191, -17.563974 ], [ -63.359915700000194, -17.564017799999966 ], [ -63.355525599999936, -17.564082099999943 ], [ -63.352680299999939, -17.564065899999942 ], [ -63.349228699999934, -17.564150599999945 ], [ -63.346247399999932, -17.56421 ], [ -63.343879399999935, -17.564225499999946 ], [ -63.340485299999933, -17.564290299999946 ], [ -63.336542099999932, -17.564330199999947 ], [ -63.33332129999993, -17.564394099999948 ], [ -63.330074, -17.564374099999949 ], [ -63.325660099999929, -17.564508699999948 ], [ -63.32139789999993, -17.564528599999949 ], [ -63.317920199999925, -17.56457849999995 ], [ -63.313694599999927, -17.56464329999995 ], [ -63.310311, -17.56465329999995 ], [ -63.306116699999926, -17.564703099999949 ], [ -63.303590799999924, -17.564723099999949 ], [ -63.300238599999922, -17.56480289999995 ], [ -63.296577799999923, -17.56480289999995 ], [ -63.293131399999922, -17.566228799999951 ], [ -63.289350299999924, -17.567784399999951 ], [ -63.286686799999117, -17.569062300000144 ], [ -63.284374799999114, -17.571992700000145 ], [ -63.282438999999115, -17.574446100000145 ], [ -63.282624599999117, -17.574882200000147 ] ] } },
{ "type": "Feature", "properties": { "id": 312058735.0, "tags.power": "line", "Type": "Way", "Country": "BO", "Length": 1536.9251234457695, "tags.cables": null, "tags.voltage": null, "tags.circuits": null, "tags.frequency": null }, "geometry": { "type": "LineString", "coordinates": [ [ -66.392516500000056, -18.783804 ], [ -66.391645700000083, -18.784465800000028 ], [ -66.390481500000078, -18.785638 ], [ -66.389850600000088, -18.786271700000029 ], [ -66.389499600000093, -18.786605300000026 ], [ -66.389018600000085, -18.78709020000003 ], [ -66.388571200000086, -18.787536300000028 ], [ -66.38768910000006, -18.788420900000027 ], [ -66.387245700000051, -18.788867 ], [ -66.386815700000042, -18.789299800000027 ], [ -66.386357500000059, -18.78977 ], [ -66.385942200000073, -18.790201400000029 ], [ -66.385229500000079, -18.790915400000028 ], [ -66.385037900000086, -18.791818400000029 ], [ -66.384887900000081, -18.792438600000029 ], [ -66.3847418000001, -18.793139300000028 ], [ -66.384569, -18.794006 ] ] } },
{ "type": "Feature", "properties": { "id": 312780621.0, "tags.power": "line", "Type": "Way", "Country": "BO", "Length": 9343.1615515217054, "tags.cables": null, "tags.voltage": null, "tags.circuits": null, "tags.frequency": null }, "geometry": { "type": "LineString", "coordinates": [ [ -66.779896599999958, -18.4433198 ], [ -66.778591699999964, -18.4428223 ], [ -66.777163799999968, -18.4422888 ], [ -66.776155, -18.4419263 ], [ -66.773843099999979, -18.4410918 ], [ -66.772688899999977, -18.4406848 ], [ -66.770489499999982, -18.4398486 ], [ -66.768567299999987, -18.4391348 ], [ -66.766853899999987, -18.4385021 ], [ -66.765413399999986, -18.4379867 ], [ -66.7642507, -18.4375439 ], [ -66.762376799999416, -18.43687420000003 ], [ -66.760080399999396, -18.436018200000028 ], [ -66.758902699999396, -18.435621900000026 ], [ -66.7574656999994, -18.435397400000021 ], [ -66.755410899999418, -18.435081900000018 ], [ -66.753618399999411, -18.434806600000016 ], [ -66.751469199999406, -18.434476600000014 ], [ -66.747549299999378, -18.433868400000016 ], [ -66.746671699999368, -18.433806600000018 ], [ -66.744981999999354, -18.433650100000019 ], [ -66.742961299999337, -18.433479400000024 ], [ -66.739575399999453, -18.4331723 ], [ -66.736769199999443, -18.4329351 ], [ -66.735675199999449, -18.4328423 ], [ -66.734581299999448, -18.4327424 ], [ -66.733465799999479, -18.4326544 ], [ -66.731534699999344, -18.432480800000018 ], [ -66.730307499999327, -18.432354800000017 ], [ -66.728778299999334, -18.432262 ], [ -66.727344199999337, -18.432090800000012 ], [ -66.725803099999354, -18.4319588 ], [ -66.724473099999344, -18.4318462 ], [ -66.722200799999328, -18.431649500000013 ], [ -66.719549699999305, -18.431424800000016 ], [ -66.717188099999305, -18.431248800000013 ], [ -66.714170099999308, -18.430977700000021 ], [ -66.712856899999309, -18.430873100000024 ], [ -66.710578599999323, -18.430678100000026 ], [ -66.709200899999331, -18.430528400000028 ], [ -66.707498999999331, -18.430406500000029 ], [ -66.706528699999339, -18.430320800000029 ], [ -66.70416539999934, -18.43013240000003 ], [ -66.701965299999358, -18.429957 ], [ -66.70068919999936, -18.429832700000031 ], [ -66.699000799999354, -18.429708200000032 ], [ -66.697836999999353, -18.429592200000034 ] ] } },
{ "type": "Feature", "properties": { "id": 316167342.0, "tags.power": "line", "Type": "Way", "Country": "BO", "Length": 82628.67467513679, "tags.cables": "3", "tags.voltage": "230000", "tags.circuits": null, "tags.frequency": "50" }, "geometry": { "type": "LineString", "coordinates": [ [ -65.163473999999582, -16.999474100000015 ], [ -65.167254899999577, -16.9993 ], [ -65.171225199999583, -16.999104900000017 ], [ -65.174751199999591, -16.998972500000015 ], [ -65.17872879999959, -16.998909800000014 ], [ -65.182079899999579, -16.998888900000015 ], [ -65.185955499999594, -16.998812300000015 ], [ -65.18971459999959, -16.998756600000014 ], [ -65.19365579999959, -16.998700800000016 ], [ -65.197341999999594, -16.998610300000017 ], [ -65.200838799999588, -16.998554500000019 ], [ -65.204663399999589, -16.998470900000015 ], [ -65.208524499999584, -16.998408200000014 ], [ -65.212516699999583, -16.998352500000014 ], [ -65.216275799999593, -16.998310700000019 ], [ -65.220282499999584, -16.998248 ], [ -65.224158099999585, -16.998150500000015 ], [ -65.227783899999594, -16.998101700000017 ], [ -65.231577199999606, -16.998014400000017 ], [ -65.235547499999612, -16.997969100000017 ], [ -65.239091599999611, -16.997889 ], [ -65.2428579999996, -16.997836700000022 ], [ -65.245771999999619, -16.997794900000017 ], [ -65.248525699999632, -16.997690400000014 ], [ -65.252255699999623, -16.997679300000016 ], [ -65.256402199999627, -16.997617600000016 ], [ -65.260394399999626, -16.997558400000013 ], [ -65.263762599999595, -16.997483500000023 ], [ -65.266940999999591, -16.997414800000023 ], [ -65.269980299999602, -16.997375400000021 ], [ -65.272437499999597, -16.998705400000024 ], [ -65.275430399999621, -17.000326200000014 ], [ -65.27872199999959, -17.002084800000024 ], [ -65.28243099999959, -17.004079900000022 ], [ -65.285325999999628, -17.005656200000015 ], [ -65.288241599999594, -17.007217800000024 ], [ -65.291534799999596, -17.009099700000021 ], [ -65.295546099999626, -17.009808800000016 ], [ -65.298554499999625, -17.010404900000015 ], [ -65.302626499999604, -17.011295500000017 ], [ -65.305842899999604, -17.011915100000017 ], [ -65.309378999999623, -17.012654300000015 ], [ -65.313300099999594, -17.010030700000023 ], [ -65.316148499999599, -17.008195 ], [ -65.319255599999593, -17.006139900000022 ], [ -65.322508299999583, -17.003969900000023 ], [ -65.3255388999996, -17.001991400000023 ], [ -65.32835089999962, -17.000127800000016 ], [ -65.330984499999602, -16.998355300000021 ], [ -65.333230099999597, -16.996875500000019 ], [ -65.335433899999614, -16.994182400000014 ], [ -65.337010999999606, -16.992284300000016 ], [ -65.339032599999626, -16.989863300000014 ], [ -65.340908499999614, -16.987553700000014 ], [ -65.343072099999617, -16.984975800000015 ], [ -65.345570899999601, -16.981917100000018 ], [ -65.348381099999628, -16.978531 ], [ -65.349583399999602, -16.977043100000017 ], [ -65.353421099999608, -16.975358100000019 ], [ -65.355625899999623, -16.974387600000014 ], [ -65.358989699999626, -16.974328400000015 ], [ -65.361811199999622, -16.974256600000015 ], [ -65.365916799999624, -16.974202400000017 ], [ -65.369187799999622, -16.974212300000016 ], [ -65.372752499999621, -16.9743 ], [ -65.37627959999962, -16.974359300000014 ], [ -65.381649799999622, -16.974381500000014 ], [ -65.387661299999621, -16.974371600000016 ], [ -65.391620699999606, -16.974378600000016 ], [ -65.3946219999996, -16.976172500000022 ], [ -65.397183399999605, -16.977921100000021 ], [ -65.400047499999602, -16.979862300000022 ], [ -65.403004399999588, -16.981837900000023 ], [ -65.405997199999604, -16.983877500000016 ], [ -65.409535999999605, -16.986253600000015 ], [ -65.4123555999996, -16.988103500000015 ], [ -65.414766399999593, -16.989734200000022 ], [ -65.417238999999597, -16.991320500000022 ], [ -65.420108299999598, -16.992369800000024 ], [ -65.425102699999456, -16.994034100000015 ], [ -65.429833499999461, -16.995358600000014 ], [ -65.431592099999591, -16.997704500000022 ], [ -65.434267199999596, -17.000277300000022 ], [ -65.436984399999602, -17.00287220000002 ], [ -65.439803699999629, -17.005540400000019 ], [ -65.442510099999623, -17.008096400000017 ], [ -65.444130599998971, -17.008999199999966 ], [ -65.445959499999603, -17.00986540000002 ], [ -65.4493592999996, -17.011648600000019 ], [ -65.452846699999597, -17.013520400000019 ], [ -65.455767499999595, -17.015145900000018 ], [ -65.459234299999594, -17.016988200000018 ], [ -65.462664599999599, -17.018876300000016 ], [ -65.466037999998463, -17.020617799999972 ], [ -65.470050599998459, -17.021682099999971 ], [ -65.474175799998463, -17.02280289999997 ], [ -65.478467399998465, -17.023975 ], [ -65.48225459999847, -17.025006 ], [ -65.486379899998468, -17.026149799999974 ], [ -65.490446099998465, -17.027252599999976 ], [ -65.494968299998462, -17.028496399999977 ], [ -65.498870899998451, -17.027727 ], [ -65.502798399998454, -17.026950599999978 ], [ -65.506619799998461, -17.026283199999977 ], [ -65.510613799999462, -17.025536300000013 ], [ -65.513432599998438, -17.025047 ], [ -65.518169399998442, -17.023954399999976 ], [ -65.521130599998443, -17.023467099999976 ], [ -65.526986699998446, -17.022410099999977 ], [ -65.53660419999845, -17.019509799999977 ], [ -65.538055299998447, -17.018976299999977 ], [ -65.545139399999456, -17.016938500000013 ], [ -65.549832899998606, -17.015588299999962 ], [ -65.5549209999986, -17.013056799999962 ], [ -65.560907699998594, -17.009902 ], [ -65.5656525999986, -17.008081 ], [ -65.5681898999986, -17.00697549999996 ], [ -65.572033499998597, -17.00530309999996 ], [ -65.574012999998601, -17.004354099999961 ], [ -65.576051499998599, -17.004600399999962 ], [ -65.5782696999986, -17.00489789999996 ], [ -65.583516099998604, -17.00550069999996 ], [ -65.58759029999861, -17.00437979999996 ], [ -65.591222099998603, -17.003707799999958 ], [ -65.595003999998596, -17.002458599999958 ], [ -65.597308599998598, -17.002022699999959 ], [ -65.602476599998596, -17.001045299999959 ], [ -65.606596499998602, -17.000229599999958 ], [ -65.609353799998601, -16.999619199999959 ], [ -65.612274699998608, -16.998949699999958 ], [ -65.614503599998613, -16.999213899999958 ], [ -65.619513999998617, -17.000178299999959 ], [ -65.623016999998612, -17.00143519999996 ], [ -65.626149799998615, -17.002435499999962 ], [ -65.62854499999861, -17.003207599999961 ], [ -65.63236179999862, -17.004425899999962 ], [ -65.637667199998617, -17.006206 ], [ -65.642723099998619, -17.007842399999962 ], [ -65.646139899999454, -17.008931800000013 ], [ -65.647952199999452, -17.011362300000012 ], [ -65.651728899998616, -17.016251199999964 ], [ -65.65256370000003, -17.017451 ], [ -65.652969599998613, -17.018322699999963 ], [ -65.653666599998616, -17.021439799999964 ], [ -65.655919599998597, -17.030263499999965 ], [ -65.6571888, -17.035193 ], [ -65.6563466, -17.042142500000065 ], [ -65.6555312, -17.045661100000068 ], [ -65.654823099999973, -17.048815 ], [ -65.653785999999457, -17.054371500000013 ], [ -65.653396199999989, -17.058087400000076 ], [ -65.655177099999975, -17.060010800000075 ], [ -65.657108299999976, -17.062159600000076 ], [ -65.659490099999985, -17.064857100000076 ], [ -65.6612765, -17.067221200000066 ], [ -65.6656645999999, -17.070949300000066 ], [ -65.668638900000019, -17.073912900000074 ], [ -65.669945400000017, -17.075226100000073 ], [ -65.672053600000012, -17.078646400000068 ], [ -65.674284899999918, -17.08269180000007 ], [ -65.676753699999452, -17.086472200000014 ], [ -65.679286, -17.091384199999901 ], [ -65.6795808, -17.094471800000068 ], [ -65.680089499999909, -17.099141100000068 ], [ -65.682669499999975, -17.103568300000077 ], [ -65.683642899999896, -17.1055946 ], [ -65.685486200000071, -17.1094466999999 ], [ -65.686484, -17.110554699999899 ], [ -65.689413, -17.11374309999988 ], [ -65.692760400000068, -17.116071199999901 ], [ -65.69480960000007, -17.117342699999902 ], [ -65.696965900000038, -17.119488999999881 ], [ -65.700388000000146, -17.123479299999893 ], [ -65.704283100000097, -17.1280163999999 ], [ -65.705484800000079, -17.1295132999999 ], [ -65.71012570000012, -17.135551499999895 ], [ -65.711419300000273, -17.137326100000024 ], [ -65.712594700000267, -17.138881800000025 ], [ -65.715118900000135, -17.141829999999896 ], [ -65.718981600000149, -17.146511299999897 ], [ -65.72135270000004, -17.149556699999881 ], [ -65.724657200000109, -17.152837299999899 ], [ -65.727618400000026, -17.156660499999902 ], [ -65.730257700000152, -17.159776899999887 ], [ -65.732113700000141, -17.161940399999892 ], [ -65.732499700000076, -17.162381 ], [ -65.736276300000085, -17.166911899999903 ], [ -65.740578800000151, -17.173154799999896 ], [ -65.748635900000068, -17.1775055999999 ], [ -65.749826399999449, -17.178376600000014 ], [ -65.750279199999568, -17.178034699999969 ] ] } },
{ "type": "Feature", "properties": { "id": 316447121.0, "tags.power": "line", "Type": "Way", "Country": "BO", "Length": 5391.8080541250119, "tags.cables": "3", "tags.voltage": "230000", "tags.circuits": null, "tags.frequency": "50" }, "geometry": { "type": "LineString", "coordinates": [ [ -64.541589099999754, -17.242464500000011 ], [ -64.541534799999738, -17.241892400000015 ], [ -64.54082749999975, -17.2381996 ], [ -64.539722899999731, -17.235182400000014 ], [ -64.538618399999763, -17.232106100000014 ], [ -64.537638199999734, -17.229333800000017 ], [ -64.536460399999754, -17.226105200000013 ], [ -64.535509499999733, -17.223605600000017 ], [ -64.534111699999755, -17.220201700000011 ], [ -64.532822799999735, -17.217206 ], [ -64.531758899999744, -17.21453090000001 ], [ -64.530454499999749, -17.211468400000012 ], [ -64.529087899999737, -17.208204600000016 ], [ -64.52779289999971, -17.205809 ], [ -64.526923299999737, -17.205719700000017 ], [ -64.525718499999741, -17.206670500000012 ], [ -64.525949299999738, -17.208715 ], [ -64.526495199999729, -17.210776700000018 ], [ -64.52680749999972, -17.21140629999989 ] ] } },
{ "type": "Feature", "properties": { "id": 316447123.0, "tags.power": "line", "Type": "Way", "Country": "BO", "Length": 362.59290149403671, "tags.cables": "3", "tags.voltage": "230000", "tags.circuits": null, "tags.frequency": "50" }, "geometry": { "type": "LineString", "coordinates": [ [ -64.526521899999722, -17.21152669999989 ], [ -64.526193299999733, -17.210917400000017 ], [ -64.525073199999767, -17.208740100000014 ] ] } },
{ "type": "Feature", "properties": { "id": 316447124.0, "tags.power": "line", "Type": "Way", "Country": "BO", "Length": 1583.1242451027497, "tags.cables": "3", "tags.voltage": "230000", "tags.circuits": null, "tags.frequency": "50" }, "geometry": { "type": "LineString", "coordinates": [ [ -64.526073899999716, -17.211720199999892 ], [ -64.525765099999731, -17.2110782 ], [ -64.524128999999746, -17.210218300000012 ], [ -64.522759799999747, -17.209161 ], [ -64.521302299999746, -17.205816400000014 ], [ -64.520242499999753, -17.204358800000012 ], [ -64.518556799999743, -17.201276900000014 ], [ -64.519078699999724, -17.201074399999893 ] ] } },
{ "type": "Feature", "properties": { "id": 316564678.0, "tags.power": "line", "Type": "Way", "Country": "BO", "Length": 4760.9651983115546, "tags.cables": null, "tags.voltage": null, "tags.circuits": null, "tags.frequency": null }, "geometry": { "type": "LineString", "coordinates": [ [ -66.321053299999889, -19.81698890000003 ], [ -66.320000199999882, -19.817489500000033 ], [ -66.318904099999884, -19.818320300000032 ], [ -66.317576499999902, -19.819812600000031 ], [ -66.316515399999886, -19.821064900000032 ], [ -66.31561, -19.822129300000029 ], [ -66.314916399999888, -19.822889500000031 ], [ -66.3126634999999, -19.825498 ], [ -66.311646299999893, -19.826620800000029 ], [ -66.309328699999895, -19.829289700000029 ], [ -66.308514199999891, -19.830210500000032 ], [ -66.307527899999926, -19.831323700000024 ], [ -66.3069571999999, -19.832021100000031 ], [ -66.305899099999905, -19.833242500000029 ], [ -66.303885899999926, -19.834964800000023 ], [ -66.302779799999911, -19.835576 ], [ -66.3007103999999, -19.836746 ], [ -66.298770199999908, -19.837887700000028 ], [ -66.295549499999922, -19.839750900000023 ], [ -66.295269699999906, -19.839933800000029 ], [ -66.293645, -19.840835900000023 ], [ -66.291456999999895, -19.842009500000032 ], [ -66.289390299999923, -19.843217500000023 ] ] } },
{ "type": "Feature", "properties": { "id": 316566239.0, "tags.power": "line", "Type": "Way", "Country": "BO", "Length": 7478.8166799674082, "tags.cables": null, "tags.voltage": null, "tags.circuits": null, "tags.frequency": null }, "geometry": { "type": "LineString", "coordinates": [ [ -66.187236399999918, -19.983152600000025 ], [ -66.185229699999923, -19.984884100000023 ], [ -66.184267399999911, -19.985708100000021 ], [ -66.183196099999904, -19.98663920000002 ], [ -66.181858299999902, -19.987731 ], [ -66.180604299999914, -19.988860600000027 ], [ -66.179120599999919, -19.990155600000026 ], [ -66.177895099999915, -19.991143500000025 ], [ -66.177279899999917, -19.991685400000023 ], [ -66.176356099999921, -19.992459 ], [ -66.175759299999925, -19.992986700000024 ], [ -66.174589099999906, -19.993982400000021 ], [ -66.173774399999928, -19.994651900000026 ], [ -66.17268469999992, -19.995600300000024 ], [ -66.172062699999913, -19.996528300000023 ], [ -66.171529599999914, -19.997298600000022 ], [ -66.171172499999912, -19.997867300000021 ], [ -66.170196799999928, -19.999330900000025 ], [ -66.169657, -20.000129600000022 ], [ -66.168894199999912, -20.001322100000021 ], [ -66.168503599999923, -20.001928600000024 ], [ -66.167715599999909, -20.003116400000021 ], [ -66.167050099999912, -20.00417820000002 ], [ -66.166315799999907, -20.00546360000002 ], [ -66.165774699998963, -20.0064138 ], [ -66.165247999998954, -20.0073698 ], [ -66.164667299998968, -20.0083499 ], [ -66.163980499998971, -20.0096561 ], [ -66.163513599998964, -20.010503 ], [ -66.162867199998971, -20.0116722 ], [ -66.16225179999897, -20.012741 ], [ -66.161896799998956, -20.0134298 ], [ -66.161360399998969, -20.0143925 ], [ -66.160747899998981, -20.0155273 ], [ -66.159930699998995, -20.0169774 ], [ -66.159503799998987, -20.0177953 ], [ -66.158829899998992, -20.0189631 ], [ -66.158254199998979, -20.0200326 ], [ -66.157482199998995, -20.0213582 ], [ -66.156674499999042, -20.022862200000013 ], [ -66.15651079999904, -20.023189600000016 ], [ -66.155832199999054, -20.02430930000002 ], [ -66.155208099999044, -20.025605700000021 ], [ -66.154483599999082, -20.027007400000034 ], [ -66.152461099999911, -20.030825100000019 ], [ -66.148944699999916, -20.033997500000016 ] ] } },
{ "type": "Feature", "properties": { "id": 317246136.0, "tags.power": "line", "Type": "Way", "Country": "BO", "Length": 425.39785675328613, "tags.cables": null, "tags.voltage": null, "tags.circuits": null, "tags.frequency": null }, "geometry": { "type": "LineString", "coordinates": [ [ -64.605019199999987, -21.455085100000012 ], [ -64.604978, -21.45473260000001 ], [ -64.6049265, -21.454371 ], [ -64.604861299999982, -21.4539647 ], [ -64.604801799999976, -21.4535687 ], [ -64.604748, -21.453170400000012 ], [ -64.604694199999969, -21.452763 ], [ -64.604637, -21.452357800000016 ], [ -64.604583199999979, -21.451958400000013 ], [ -64.60457719999998, -21.451554900000016 ] ] } },
{ "type": "Feature", "properties": { "id": 361655438.0, "tags.power": "line", "Type": "Way", "Country": "BO", "Length": 671.21147308413447, "tags.cables": null, "tags.voltage": null, "tags.circuits": null, "tags.frequency": null }, "geometry": { "type": "LineString", "coordinates": [ [ -66.181882700000102, -17.396276 ], [ -66.181004000000101, -17.396293100000058 ], [ -66.180102400000109, -17.396313800000058 ], [ -66.179304000000116, -17.396324900000057 ], [ -66.178412399999885, -17.396343499999858 ], [ -66.177620500000117, -17.396359900000057 ], [ -66.176696599999886, -17.396373799999857 ], [ -66.175854299999884, -17.396389099999858 ] ] } },
{ "type": "Feature", "properties": { "id": 370865902.0, "tags.power": "line", "Type": "Way", "Country": "BO", "Length": 8976.7531283079134, "tags.cables": null, "tags.voltage": "230000", "tags.circuits": null, "tags.frequency": null }, "geometry": { "type": "LineString", "coordinates": [ [ -65.750542, -17.178362700000072 ], [ -65.750738700000085, -17.179140799999878 ], [ -65.754016400000069, -17.178361499999905 ], [ -65.76396770000008, -17.175737999999882 ], [ -65.766692800000143, -17.174169099999897 ], [ -65.770581100000086, -17.172241499999902 ], [ -65.777654399999875, -17.169993700000081 ], [ -65.78220550000016, -17.170079399999889 ], [ -65.785949399999879, -17.171560600000078 ], [ -65.789153499999827, -17.173046300000092 ], [ -65.795416599999896, -17.175990900000077 ], [ -65.800123699999872, -17.178653100000076 ], [ -65.803809099999881, -17.18077 ], [ -65.806271099999876, -17.18214350000008 ], [ -65.815015500000058, -17.186202299999877 ], [ -65.816721300000083, -17.187544499999902 ], [ -65.822705299999896, -17.191679500000077 ] ] } },
{ "type": "Feature", "properties": { "id": 370865911.0, "tags.power": "line", "Type": "Way", "Country": "BO", "Length": 168080.24964620729, "tags.cables": "3", "tags.voltage": "230000", "tags.circuits": null, "tags.frequency": "50" }, "geometry": { "type": "LineString", "coordinates": [ [ -64.527044899999723, -17.211299999999891 ], [ -64.526737799999722, -17.210665100000014 ], [ -64.527800399999748, -17.210254900000013 ], [ -64.52899569999974, -17.2127493 ], [ -64.530264599999711, -17.215544600000026 ], [ -64.531609499999718, -17.218410400000025 ], [ -64.532839799999735, -17.218858700000016 ], [ -64.534014099999752, -17.218470600000014 ], [ -64.537322099999713, -17.217154400000027 ], [ -64.540351799999755, -17.215956500000015 ], [ -64.544066999999743, -17.214455 ], [ -64.547084799999752, -17.213260900000012 ], [ -64.547084599999764, -17.210550200000014 ], [ -64.547099199999749, -17.207493600000014 ], [ -64.547123799999738, -17.204396400000014 ], [ -64.553728899999427, -17.201690600000013 ], [ -64.557171499999427, -17.200308200000013 ], [ -64.560596599999428, -17.198888800000013 ], [ -64.56432089999943, -17.197437200000014 ], [ -64.567937899999436, -17.196047200000013 ], [ -64.571262499999435, -17.19462 ], [ -64.57414719999943, -17.194691700000014 ], [ -64.577430199999426, -17.194768600000014 ], [ -64.579955499999429, -17.194877500000015 ], [ -64.583746799999432, -17.195109400000014 ], [ -64.587150499999439, -17.195268200000015 ], [ -64.590589099999434, -17.195557800000014 ], [ -64.593908299999441, -17.195771700000012 ], [ -64.597069299999447, -17.194627600000011 ], [ -64.600609799999447, -17.193333700000011 ], [ -64.604881299999448, -17.19173730000001 ], [ -64.607570199999444, -17.190720100000011 ], [ -64.61050179999944, -17.189659200000012 ], [ -64.613898799999447, -17.188434400000013 ], [ -64.617113499999448, -17.187159600000012 ], [ -64.620116199999444, -17.185921900000011 ], [ -64.623430099999439, -17.184524100000012 ], [ -64.627007499999436, -17.182994900000011 ], [ -64.629912999999434, -17.18175530000001 ], [ -64.632639399999434, -17.180597100000011 ], [ -64.636206799999428, -17.179092900000011 ], [ -64.639272499999421, -17.177888500000012 ], [ -64.642064699999423, -17.176808300000012 ], [ -64.644778399999424, -17.17573530000001 ], [ -64.647848899999431, -17.174543 ], [ -64.651228499999434, -17.17324630000001 ], [ -64.654944699999433, -17.171833 ], [ -64.656932199999432, -17.169592 ], [ -64.659418599999427, -17.16687550000001 ], [ -64.662065999999427, -17.163983500000011 ], [ -64.664309599999427, -17.161885900000012 ], [ -64.667156799999432, -17.159202600000011 ], [ -64.669935599999434, -17.15651930000001 ], [ -64.672392499999432, -17.1541333 ], [ -64.675777399999433, -17.1527032 ], [ -64.678832399999436, -17.1513999 ], [ -64.681963899999431, -17.1500941 ], [ -64.685224099999431, -17.1487012 ], [ -64.688014999999837, -17.14750669999998 ], [ -64.688649299999426, -17.1472492 ], [ -64.690909099999431, -17.1464521 ], [ -64.694139799999434, -17.14490540000001 ], [ -64.695327999999435, -17.141517 ], [ -64.696158199999431, -17.13914620000001 ], [ -64.697862699999433, -17.134403100000011 ], [ -64.70127309999944, -17.13276140000001 ], [ -64.704640699999445, -17.1311184 ], [ -64.707802999999444, -17.1296074 ], [ -64.711033699999447, -17.128054 ], [ -64.714697599999454, -17.1269236 ], [ -64.719210399999454, -17.1255062 ], [ -64.722194399999452, -17.1246013 ], [ -64.723362499999453, -17.12177650000001 ], [ -64.723775499999448, -17.120815300000011 ], [ -64.727188599999451, -17.120437200000012 ], [ -64.730255799999455, -17.120103900000011 ], [ -64.733080099999455, -17.119789900000011 ], [ -64.736829799999455, -17.119402900000011 ], [ -64.74078209999945, -17.118969700000012 ], [ -64.744754399999451, -17.118532600000012 ], [ -64.748667799999453, -17.118113500000014 ], [ -64.752444999999454, -17.117703300000013 ], [ -64.756222199999456, -17.117291300000012 ], [ -64.759966599999458, -17.116876700000013 ], [ -64.763828999999461, -17.116456300000014 ], [ -64.767704799999464, -17.116019200000014 ], [ -64.770802699999464, -17.114845100000014 ], [ -64.773631099999463, -17.113757 ], [ -64.776412499999466, -17.112656 ], [ -64.779219499999471, -17.111620300000016 ], [ -64.782597699999471, -17.110274500000017 ], [ -64.78601349999947, -17.108955600000016 ], [ -64.787189899999433, -17.106329600000013 ], [ -64.788487899999467, -17.103579800000016 ], [ -64.789678799999464, -17.100968800000015 ], [ -64.790934699999468, -17.098293 ], [ -64.792389099999468, -17.095203700000017 ], [ -64.793778499999462, -17.092184300000017 ], [ -64.795204099999467, -17.089216700000016 ], [ -64.797739499999466, -17.087670800000016 ], [ -64.800288199999471, -17.086092100000016 ], [ -64.80322789999947, -17.084302500000017 ], [ -64.80679329999947, -17.082169400000016 ], [ -64.811698299999463, -17.079476700000015 ], [ -64.813547099999468, -17.078476100000014 ], [ -64.816105899999471, -17.076685200000014 ], [ -64.819162899999469, -17.074682100000015 ], [ -64.822742999999463, -17.072345 ], [ -64.825814099999462, -17.070316200000015 ], [ -64.829321799999462, -17.068006600000015 ], [ -64.832183699999462, -17.066129700000015 ], [ -64.835339299999461, -17.064018200000014 ], [ -64.838414499999459, -17.061933500000013 ], [ -64.840898199999458, -17.060388600000014 ], [ -64.845114599999462, -17.057629500000015 ], [ -64.846672999999683, -17.056596099999897 ], [ -64.850789299999462, -17.056281200000015 ], [ -64.852541699999676, -17.056122999999896 ], [ -64.855346499999683, -17.055836699999897 ], [ -64.85854629999946, -17.054266100000014 ], [ -64.861383399999752, -17.0529013 ], [ -64.865318899999465, -17.051001200000012 ], [ -64.868321999999466, -17.049514100000014 ], [ -64.871809599999466, -17.047866600000013 ], [ -64.875384399999461, -17.046154900000012 ], [ -64.878936599999463, -17.044496200000012 ], [ -64.882325399999459, -17.042913800000012 ], [ -64.885332299999746, -17.041506100000014 ], [ -64.889820199999463, -17.039462100000016 ], [ -64.89219579999974, -17.038407900000013 ], [ -64.896534399999453, -17.03643580000001 ], [ -64.89878259999945, -17.035413800000011 ], [ -64.902245599999745, -17.033894900000014 ], [ -64.904512999999753, -17.033485100000014 ], [ -64.908661599999448, -17.032678100000012 ], [ -64.912192999999448, -17.031927400000011 ], [ -64.916690499999746, -17.031239800000012 ], [ -64.918780899999447, -17.03088820000001 ], [ -64.922916899999748, -17.030232100000013 ], [ -64.926735899999457, -17.029635500000012 ], [ -64.929385299999467, -17.029226700000017 ], [ -64.932371999999447, -17.028731 ], [ -64.936857199999451, -17.027951500000011 ], [ -64.94023419999975, -17.027389700000015 ], [ -64.942645099999453, -17.026976900000012 ], [ -64.945665699999736, -17.026438500000015 ], [ -64.948976999999729, -17.025958700000011 ], [ -64.953113899999451, -17.025663 ], [ -64.955434199999459, -17.025541300000011 ], [ -64.959845399999452, -17.025191600000014 ], [ -64.962234699999456, -17.024941600000012 ], [ -64.966255199999452, -17.024622400000013 ], [ -64.970167399999454, -17.024326700000014 ], [ -64.973643599999448, -17.024063900000012 ], [ -64.976522199999465, -17.023856900000013 ], [ -64.978737099999464, -17.023697600000013 ], [ -64.981208199999458, -17.023519900000014 ], [ -64.984761799999745, -17.023223400000017 ], [ -64.989144999999453, -17.022895200000011 ], [ -64.992295899999448, -17.022659300000011 ], [ -64.996628499999446, -17.022334900000011 ], [ -64.999844299999452, -17.022094100000011 ], [ -65.002382399999448, -17.021904100000011 ], [ -65.004898099999451, -17.021715700000012 ], [ -65.008677599999444, -17.021432700000013 ], [ -65.010062399999441, -17.021308 ], [ -65.015660999999739, -17.020855900000011 ], [ -65.020415799999441, -17.020479300000012 ], [ -65.023617999999814, -17.020279799999987 ], [ -65.027951699999832, -17.019983799999988 ], [ -65.03165349999982, -17.019724299999986 ], [ -65.0353807999998, -17.019428299999987 ], [ -65.038938499999801, -17.019160699999986 ], [ -65.042203599999823, -17.018297 ], [ -65.045451699999816, -17.017396899999987 ], [ -65.048568399999809, -17.016533199999987 ], [ -65.051846199999815, -17.015620899999988 ], [ -65.056089899999805, -17.014456299999988 ], [ -65.057202299999801, -17.0141524 ], [ -65.058440099999828, -17.013803499999987 ], [ -65.062364999999801, -17.012504599999989 ], [ -65.064027499999796, -17.012004499999986 ], [ -65.068968799999837, -17.010549799999986 ], [ -65.072695799999821, -17.009681 ], [ -65.076008999999814, -17.008944099999979 ], [ -65.079243299999447, -17.008074500000014 ], [ -65.082833399999842, -17.007074699999986 ], [ -65.086509399999841, -17.006033899999988 ], [ -65.088923099999832, -17.005380099999979 ], [ -65.092541699999444, -17.004876100000015 ], [ -65.095804499999844, -17.004362199999981 ], [ -65.099411499999846, -17.003808799999987 ], [ -65.102149099999835, -17.003398799999985 ], [ -65.105543199999843, -17.002908499999986 ], [ -65.108661599999834, -17.002395199999984 ], [ -65.112655399999838, -17.001787399999984 ], [ -65.117054099999848, -17.001104899999987 ], [ -65.124385199999836, -17.001535 ], [ -65.128661699999441, -17.001485200000012 ], [ -65.131641299999842, -17.001411699999984 ], [ -65.138676899999837, -17.001289299999986 ], [ -65.142261599999841, -17.001233599999985 ], [ -65.144753499999837, -17.001176699999984 ], [ -65.147499099999834, -17.002488599999985 ], [ -65.150215699999833, -17.003867799999984 ], [ -65.153381999999837, -17.00537019999998 ], [ -65.156685899999815, -17.006997 ], [ -65.159990199999825, -17.00859119999998 ], [ -65.163408299999816, -17.010274299999988 ], [ -65.166625599999833, -17.011854099999987 ], [ -65.169854899999834, -17.011854099999987 ], [ -65.172922299999826, -17.011822599999988 ], [ -65.175869699999822, -17.011808299999988 ], [ -65.17981859999982, -17.011791099999989 ], [ -65.182855899999822, -17.01178819999998 ], [ -65.186354199999826, -17.011759799999979 ], [ -65.190323199999824, -17.011913899999982 ], [ -65.193978399999835, -17.011974699999985 ], [ -65.19808309999982, -17.012031499999981 ], [ -65.201806199999808, -17.012055799999988 ], [ -65.205613999999812, -17.012076099999977 ], [ -65.209396399999804, -17.012112599999988 ], [ -65.213386599999808, -17.012165299999978 ], [ -65.216515999999814, -17.012704599999978 ], [ -65.219929499999836, -17.013272199999985 ], [ -65.223652599999809, -17.01393719999998 ], [ -65.227634299999806, -17.014671199999988 ], [ -65.232485299999837, -17.015478 ], [ -65.236144699999812, -17.016122799999987 ], [ -65.239201999999807, -17.016735 ], [ -65.242810599999814, -17.017485099999988 ], [ -65.246198599999815, -17.018186599999989 ], [ -65.250532299999819, -17.019021899999988 ], [ -65.254662399999816, -17.019901699999988 ], [ -65.256621499999838, -17.020299099999985 ], [ -65.260853399999817, -17.021170799999982 ], [ -65.265424499999824, -17.021657399999981 ], [ -65.269999899999817, -17.022261499999981 ], [ -65.274155399999842, -17.023084599999983 ], [ -65.276758999999842, -17.023486 ], [ -65.27907419999984, -17.023818499999983 ], [ -65.281626999999816, -17.024199599999989 ], [ -65.284315399999812, -17.024086099999977 ], [ -65.287720399999813, -17.024065799999981 ], [ -65.291757199999807, -17.024049599999977 ], [ -65.296531899999806, -17.023092699999978 ], [ -65.299593399999821, -17.022521 ], [ -65.302608299999818, -17.021904699999983 ], [ -65.30387619999982, -17.021625 ], [ -65.310007799999838, -17.020457199999985 ], [ -65.316342899999839, -17.021629 ], [ -65.320617199999845, -17.022362899999983 ], [ -65.32364059999982, -17.02370089999998 ], [ -65.327193999999835, -17.025221399999982 ], [ -65.333847199999838, -17.028112199999981 ], [ -65.337833099999813, -17.029884 ], [ -65.34162399999984, -17.030849 ], [ -65.344002799999842, -17.031400399999981 ], [ -65.34715339999984, -17.032101799999982 ], [ -65.351219999999842, -17.033046499999983 ], [ -65.353382499999839, -17.033528899999983 ], [ -65.356732399999814, -17.034319499999977 ], [ -65.359972099999808, -17.035994 ], [ -65.362927599999836, -17.037481899999982 ], [ -65.365577899999806, -17.038754899999976 ], [ -65.36839349999984, -17.040117199999983 ], [ -65.371484699999812, -17.041560499999989 ], [ -65.375282799998416, -17.043393699999978 ], [ -65.376752599998412, -17.044660499999978 ], [ -65.379568899998418, -17.046989 ], [ -65.38273929999842, -17.049537899999979 ], [ -65.38509969999842, -17.05142529999998 ], [ -65.387486799998428, -17.053256199999982 ], [ -65.389962499998433, -17.053971599999983 ], [ -65.392647399998438, -17.054702399999982 ], [ -65.395506599998441, -17.055492199999982 ], [ -65.398070799998436, -17.056189699999983 ], [ -65.399867899998441, -17.0564 ], [ -65.405543499998444, -17.056779499999983 ], [ -65.410607499998449, -17.057005099999984 ], [ -65.412313299998445, -17.056841 ], [ -65.41762409999842, -17.055999899999978 ], [ -65.424828499998426, -17.056184599999977 ], [ -65.426877699998428, -17.056169199999978 ], [ -65.434146499998434, -17.056825599999978 ], [ -65.438754599998433, -17.057230799999978 ], [ -65.441313399998435, -17.057102599999979 ], [ -65.44256329999844, -17.05687949999998 ], [ -65.445840999998438, -17.056051199999981 ], [ -65.447983999998442, -17.055223 ], [ -65.452702099998447, -17.053245899999979 ], [ -65.455148199998447, -17.052312499999978 ], [ -65.456998899998453, -17.051445799999978 ], [ -65.459391499998446, -17.050661099999978 ], [ -65.46161229999845, -17.049789299999979 ], [ -65.464804199998454, -17.04855839999998 ], [ -65.468253499998454, -17.047189 ], [ -65.471429199998454, -17.045932499999978 ], [ -65.474342099998452, -17.044850299999979 ], [ -65.478156199998452, -17.042532099999978 ], [ -65.479491999998459, -17.041793499999979 ], [ -65.483847899998452, -17.039234199999978 ], [ -65.488466599998446, -17.037198 ], [ -65.49136879999844, -17.035782399999977 ], [ -65.493471599998443, -17.034715499999976 ], [ -65.496100199998438, -17.033515299999976 ], [ -65.497956299998435, -17.032894699999975 ], [ -65.502253199998435, -17.031689399999976 ], [ -65.509301999998442, -17.029904399999975 ], [ -65.510407099998446, -17.029417099999975 ], [ -65.510841599998443, -17.029191399999974 ], [ -65.516871199998448, -17.026416499999975 ], [ -65.522305399998444, -17.024539199999975 ], [ -65.526375299998449, -17.023376699999975 ], [ -65.527476699998445, -17.023123499999976 ], [ -65.533356099998443, -17.021959099999975 ], [ -65.537352599998442, -17.021082 ], [ -65.538570299998568, -17.020969099999963 ], [ -65.54128469999857, -17.020471599999961 ], [ -65.545012299998575, -17.019378399999962 ], [ -65.5507018999986, -17.016221799999961 ], [ -65.555926899998596, -17.013474899999963 ], [ -65.561841099998603, -17.011166499999963 ], [ -65.563133999998598, -17.011012599999962 ], [ -65.569104599998596, -17.009412099999963 ], [ -65.572712099998597, -17.008611899999963 ], [ -65.575997799998603, -17.007796299999963 ], [ -65.577666199998603, -17.007421799999964 ], [ -65.583116399998602, -17.006057199999965 ], [ -65.587244299998602, -17.005746899999966 ], [ -65.590310099998604, -17.005564799999966 ], [ -65.592949399998602, -17.005282599999965 ], [ -65.595159499998601, -17.005205699999966 ], [ -65.597037099998602, -17.005159499999966 ], [ -65.6041556999986, -17.004723499999965 ], [ -65.607991199998594, -17.004610599999964 ], [ -65.615576499998596, -17.003923199999964 ], [ -65.617507699998598, -17.004046299999963 ], [ -65.620152399998602, -17.004087399999964 ], [ -65.623054499998602, -17.004708099999963 ], [ -65.625924499998604, -17.005257 ], [ -65.631111899998601, -17.006534299999963 ], [ -65.633702899998582, -17.007031899999962 ], [ -65.637983699998586, -17.007929599999962 ], [ -65.641100399998592, -17.014157099999963 ], [ -65.642841199998585, -17.018035099999963 ], [ -65.645397299998592, -17.022164299999964 ], [ -65.646724999998597, -17.025534299999965 ], [ -65.649050499998594, -17.028491299999963 ], [ -65.650478799998595, -17.032972899999962 ], [ -65.652944999998596, -17.034848899999961 ], [ -65.654087699998598, -17.036928699999962 ], [ -65.657864199998599, -17.044793899999966 ], [ -65.660466600000021, -17.048876599999897 ], [ -65.663938600000037, -17.054071299999926 ], [ -65.665595000000152, -17.056549499999893 ], [ -65.666796600000083, -17.058425999999876 ], [ -65.669979900000044, -17.065340699999926 ], [ -65.671613800000046, -17.068902099999924 ], [ -65.672426700000145, -17.070721599999889 ], [ -65.674437600000147, -17.075827099999895 ], [ -65.676584400000067, -17.079714499999898 ], [ -65.678571200000079, -17.084430599999902 ], [ -65.680523900000082, -17.091276 ], [ -65.681816700000056, -17.093034399999883 ], [ -65.683930300000142, -17.09609549999989 ], [ -65.687041600000086, -17.100464199999902 ], [ -65.688377400000064, -17.102366399999898 ], [ -65.69041590000009, -17.105176099999902 ], [ -65.694927300000131, -17.111205499999887 ], [ -65.695254600000027, -17.111692599999895 ], [ -65.699491, -17.118029199999903 ], [ -65.702418800000146, -17.122141299999889 ], [ -65.705254500000109, -17.126151699999888 ], [ -65.707641, -17.128851499999897 ], [ -65.714040700000083, -17.136110699999875 ], [ -65.716449400000144, -17.138812199999894 ], [ -65.720370800000055, -17.142471999999877 ], [ -65.726008800000088, -17.148720899999901 ], [ -65.727247900000094, -17.150099799999886 ], [ -65.729849700000102, -17.15296 ], [ -65.732097600000145, -17.155376799999885 ], [ -65.7327223, -17.156048299999892 ], [ -65.734313200000017, -17.157767699999894 ], [ -65.738379400000042, -17.162350499999881 ], [ -65.73973120000008, -17.163375599999902 ], [ -65.741254700000141, -17.164267399999886 ], [ -65.742971300000093, -17.165189499999876 ], [ -65.744494800000084, -17.1661120999999 ], [ -65.752916700000085, -17.170863299999876 ], [ -65.755185800000106, -17.172154899999899 ], [ -65.756614599999452, -17.171825300000155 ], [ -65.758050400000073, -17.171494 ], [ -65.763903000000141, -17.170274199999895 ], [ -65.766649600000079, -17.169648899999878 ], [ -65.769814900000014, -17.1690232999999 ], [ -65.777566200000081, -17.167229399999901 ], [ -65.78059179999947, -17.167099400000154 ], [ -65.782952100000145, -17.166763299999889 ], [ -65.788810799999965, -17.165791199999902 ], [ -65.79143749999983, -17.166786500000093 ], [ -65.797446699999426, -17.168954400000011 ], [ -65.800268599999868, -17.169899200000078 ], [ -65.808518900000067, -17.173400599999898 ], [ -65.81048239999987, -17.175214300000082 ], [ -65.81760639999986, -17.181374500000079 ], [ -65.819108399999877, -17.182635200000078 ], [ -65.821195699999905, -17.184521500000077 ], [ -65.822450999999859, -17.186878900000078 ], [ -65.823674099999877, -17.18899040000008 ], [ -65.823037600000021, -17.191866299999894 ] ] } },
{ "type": "Feature", "properties": { "id": 370865912.0, "tags.power": "line", "Type": "Way", "Country": "BO", "Length": 9358.8868435800905, "tags.cables": null, "tags.voltage": null, "tags.circuits": null, "tags.frequency": null }, "geometry": { "type": "LineString", "coordinates": [ [ -65.751529599999571, -17.17780009999997 ], [ -65.75211439999957, -17.177669399999971 ], [ -65.756183600000099, -17.176429299999899 ], [ -65.762572900000137, -17.17459959999989 ], [ -65.765877400000022, -17.173154799999896 ], [ -65.769085300000143, -17.171811499999894 ], [ -65.775015799999878, -17.169335 ], [ -65.787793299999862, -17.16755210000008 ], [ -65.796347200000071, -17.169293899999904 ], [ -65.7999757, -17.170667299999902 ], [ -65.808380700000129, -17.174190399999915 ], [ -65.810306200000113, -17.175821399999911 ], [ -65.817681999999877, -17.182006600000079 ], [ -65.82089419999987, -17.184773600000081 ], [ -65.821710699999912, -17.187286300000075 ], [ -65.822337599999898, -17.189361300000076 ], [ -65.822705299999896, -17.191679500000077 ] ] } },
{ "type": "Feature", "properties": { "id": 372339667.0, "tags.power": "line", "Type": "Way", "Country": "BO", "Length": 759.94538387787497, "tags.cables": null, "tags.voltage": null, "tags.circuits": null, "tags.frequency": null }, "geometry": { "type": "LineString", "coordinates": [ [ -64.244329900000125, -21.763108 ], [ -64.243985400000128, -21.763021 ], [ -64.243652500000124, -21.762910599999955 ], [ -64.243277700000135, -21.762791799999956 ], [ -64.242945600000141, -21.762695599999958 ], [ -64.242693000000159, -21.762385299999956 ], [ -64.24242260000014, -21.762058399999955 ], [ -64.242322100000138, -21.761769799999954 ], [ -64.242212100000131, -21.761446899999957 ], [ -64.242102100000125, -21.761095599999958 ], [ -64.241998000000123, -21.760795199999954 ], [ -64.241885600000117, -21.760456899999959 ], [ -64.241785100000101, -21.760126899999957 ], [ -64.241660900000099, -21.759787399999958 ], [ -64.241541400000102, -21.759452699999958 ], [ -64.241424300000091, -21.75906709999996 ], [ -64.241289500000093, -21.758686199999961 ], [ -64.241175900000087, -21.75834439999996 ], [ -64.241076600000099, -21.75806169999996 ] ] } },
{ "type": "Feature", "properties": { "id": 372339668.0, "tags.power": "line", "Type": "Way", "Country": "BO", "Length": 73.673435867867312, "tags.cables": null, "tags.voltage": null, "tags.circuits": null, "tags.frequency": null }, "geometry": { "type": "LineString", "coordinates": [ [ -64.242102100000125, -21.761095599999958 ], [ -64.241803600000125, -21.761042899999957 ], [ -64.241452300000134, -21.760979 ] ] } },
{ "type": "Feature", "properties": { "id": 372339669.0, "tags.power": "line", "Type": "Way", "Country": "BO", "Length": 261.82744050228558, "tags.cables": null, "tags.voltage": null, "tags.circuits": null, "tags.frequency": null }, "geometry": { "type": "LineString", "coordinates": [ [ -64.241175900000087, -21.75834439999996 ], [ -64.241513, -21.758265199999961 ], [ -64.241865500000088, -21.75818 ], [ -64.242234500000094, -21.758092499999961 ], [ -64.2426059000001, -21.758019099999959 ], [ -64.243042400000107, -21.757928099999958 ], [ -64.243461100000104, -21.757828699999958 ] ] } },
{ "type": "Feature", "properties": { "id": 372622406.0, "tags.power": "line", "Type": "Way", "Country": "BO", "Length": 81132.719462608802, "tags.cables": "3", "tags.voltage": "230000", "tags.circuits": null, "tags.frequency": "50" }, "geometry": { "type": "LineString", "coordinates": [ [ -66.803447499999407, -20.564379 ], [ -66.803743400000016, -20.5647424 ], [ -66.804878, -20.56618639999995 ], [ -66.807738599999908, -20.56900979999995 ], [ -66.810879899999904, -20.572021799999948 ], [ -66.814006, -20.574913 ], [ -66.81713209999991, -20.57798179999995 ], [ -66.820372, -20.581100199999952 ], [ -66.823574, -20.584097699999951 ], [ -66.826859399999904, -20.587194699999952 ], [ -66.830038599999909, -20.590213499999951 ], [ -66.833058499999908, -20.59315409999995 ], [ -66.836222599999914, -20.59615139999995 ], [ -66.83950039999992, -20.59916289999995 ], [ -66.842672, -20.60228089999995 ], [ -66.845912, -20.605363299999951 ], [ -66.848689, -20.607948499999949 ], [ -66.849986499999929, -20.61163439999995 ], [ -66.851177799999931, -20.615540399999951 ], [ -66.852589099999932, -20.61968069999995 ], [ -66.853939699999927, -20.623849199999949 ], [ -66.855396499999927, -20.628159699999948 ], [ -66.856785, -20.632313799999949 ], [ -66.858188699999928, -20.636482 ], [ -66.859562099999934, -20.640742399999947 ], [ -66.86090509999994, -20.644754199999948 ], [ -66.862187399999939, -20.648630899999947 ], [ -66.863527899999937, -20.652712099999949 ], [ -66.866564599999933, -20.654961199999949 ], [ -66.86992329999994, -20.657401099999948 ], [ -66.873346299999938, -20.659961399999947 ], [ -66.876833699999935, -20.662471499999945 ], [ -66.880278199999935, -20.665061899999944 ], [ -66.88373339999994, -20.667571899999945 ], [ -66.887145799999942, -20.670051799999946 ], [ -66.890000099999938, -20.672109899999946 ], [ -66.893337299999942, -20.674579699999946 ], [ -66.89657789999994, -20.676979099999947 ], [ -66.898166, -20.680201599999947 ], [ -66.899692, -20.683159499999945 ], [ -66.90175, -20.687148599999944 ], [ -66.903702899999956, -20.691053499999942 ], [ -66.905537899999956, -20.694737599999943 ], [ -66.907351299999959, -20.698281 ], [ -66.909186199999965, -20.701914699999946 ], [ -66.911031899999969, -20.705548299999947 ], [ -66.912802399999975, -20.709101499999946 ], [ -66.914830499999979, -20.713036 ], [ -66.916933699999973, -20.717161199999946 ], [ -66.918897399999977, -20.721115599999948 ], [ -66.921000499999977, -20.725150099999947 ], [ -66.922889099999978, -20.728983899999946 ], [ -66.924691799999977, -20.732456299999946 ], [ -66.92641949999998, -20.735868299999947 ], [ -66.928114899999983, -20.739280399999945 ], [ -66.929799599999981, -20.742551799999944 ], [ -66.931098, -20.746094099999944 ], [ -66.932729, -20.750097899999943 ], [ -66.934252699999988, -20.754041399999942 ], [ -66.935797899999983, -20.757834299999942 ], [ -66.93724659999998, -20.761607 ], [ -66.938598599999978, -20.765028499999943 ], [ -66.94011159999998, -20.768931499999944 ], [ -66.941678299999978, -20.772724 ], [ -66.943234199999978, -20.776697 ], [ -66.945047599999981, -20.781582799999942 ], [ -66.946174399999975, -20.784050799999942 ], [ -66.947569299999969, -20.787712499999941 ], [ -66.948910599999977, -20.791113299999942 ], [ -66.950541699999974, -20.795246299999942 ], [ -66.951883, -20.798647 ], [ -66.952580499999982, -20.802358499999944 ], [ -66.953417499999986, -20.806641699999943 ], [ -66.954254399999982, -20.811015 ], [ -66.955123599999979, -20.815408299999945 ], [ -66.955917699999972, -20.819189599999945 ], [ -66.957870599999978, -20.822609699999944 ], [ -66.959952299999983, -20.826340699999943 ], [ -66.962066899999982, -20.830220099999941 ], [ -66.964072899999977, -20.83282959999994 ], [ -66.966379899999978, -20.837653499999941 ], [ -66.968483099999972, -20.841484399999942 ], [ -66.970580099999978, -20.84523849999994 ], [ -66.972678, -20.848936599999941 ], [ -66.974656, -20.852548599999942 ], [ -66.976787399999964, -20.856076699999942 ], [ -66.978912, -20.859927199999941 ], [ -66.981031799999968, -20.863833499999942 ], [ -66.983277799999968, -20.867762199999941 ], [ -66.985557799999967, -20.871757799999941 ], [ -66.987697399999973, -20.875634699999942 ], [ -66.989771299999973, -20.879077899999942 ], [ -66.991713499999975, -20.882486599999943 ], [ -66.99373079999998, -20.886166 ], [ -66.995834, -20.889925499999944 ], [ -66.998098199999973, -20.893915499999945 ], [ -67.000201399999966, -20.897674799999944 ], [ -67.002315299999964, -20.901373799999945 ], [ -67.004332599999969, -20.905092799999945 ], [ -67.006532399999969, -20.908861899999945 ], [ -67.008603299999976, -20.912640799999945 ], [ -67.010770899999983, -20.916349499999946 ], [ -67.01294919999998, -20.920198499999945 ], [ -67.015138199999981, -20.924097399999944 ], [ -67.017241399999975, -20.927876 ], [ -67.019473399999981, -20.931804799999945 ], [ -67.02164089999998, -20.935613299999947 ], [ -67.023787, -20.939291399999945 ], [ -67.025986799999984, -20.94329 ], [ -67.027961199999979, -20.946777499999943 ], [ -67.029989299999983, -20.950655699999942 ], [ -67.031899299999978, -20.954343499999943 ], [ -67.033798599999983, -20.957960899999943 ], [ -67.035558399999985, -20.961458099999945 ], [ -67.037489899999983, -20.965105499999943 ], [ -67.03936779999998, -20.968702699999945 ], [ -67.04122409999998, -20.972189499999946 ], [ -67.043102, -20.975796599999946 ], [ -67.044979799999979, -20.979403499999947 ], [ -67.046954199999973, -20.983120599999946 ], [ -67.048939399999966, -20.986927799999947 ], [ -67.051106899999965, -20.990915099999945 ], [ -67.053167199999962, -20.994942499999944 ], [ -67.05521669999996, -20.998849499999945 ], [ -67.057201899999953, -21.002746399999946 ], [ -67.059199899999953, -21.006537099999946 ], [ -67.06104889999996, -21.01016 ], [ -67.062999599999955, -21.013888299999945 ], [ -67.065071, -21.017769699999945 ], [ -67.067074099999957, -21.021672299999945 ], [ -67.069229, -21.025744699999944 ], [ -67.071262499999946, -21.029583399999943 ], [ -67.073227699999947, -21.033322699999943 ], [ -67.075200499999951, -21.037196599999941 ], [ -67.07725669999995, -21.041105699999942 ], [ -67.079221899999951, -21.044901499999941 ], [ -67.081156799999945, -21.04859089999994 ], [ -67.083213, -21.052436 ], [ -67.084988499999938, -21.055820799999939 ], [ -67.086931, -21.05956659999994 ], [ -67.089017599999934, -21.063538899999941 ], [ -67.091028299999934, -21.067397799999942 ], [ -67.092833699999915, -21.070783999999822 ], [ -67.09433649999994, -21.073692199999943 ], [ -67.096036099999935, -21.076892399999942 ], [ -67.098315, -21.078912299999821 ], [ -67.101036399999941, -21.081324399999943 ], [ -67.105110899999943, -21.083554499999941 ], [ -67.109268899999947, -21.085954499999943 ], [ -67.112766799999946, -21.087866 ], [ -67.116666899999942, -21.090039399999942 ], [ -67.120445499999946, -21.09208529999994 ], [ -67.123847699999942, -21.094100099999942 ], [ -67.12727739999994, -21.095985499999941 ], [ -67.129909, -21.09742709999994 ], [ -67.13404289999994, -21.09972449999994 ], [ -67.137964899999943, -21.101987599999941 ], [ -67.141562699999938, -21.103926 ], [ -67.146171899999942, -21.106511699999942 ], [ -67.151178899999948, -21.109298199999941 ], [ -67.154514299999946, -21.111171 ], [ -67.156803099999948, -21.112427699999941 ], [ -67.161024099999949, -21.114744299999941 ], [ -67.162376899999401, -21.115655900000018 ], [ -67.162513699999408, -21.116699300000018 ], [ -67.161076099999406, -21.121428200000018 ], [ -67.159282999999405, -21.126193200000017 ], [ -67.157759499999401, -21.130243800000017 ], [ -67.157023299999395, -21.132608 ], [ -67.156789899999396, -21.133398600000014 ] ] } },
{ "type": "Feature", "properties": { "id": 372622410.0, "tags.power": "line", "Type": "Way", "Country": "BO", "Length": 97967.557471488239, "tags.cables": "3", "tags.voltage": "230000", "tags.circuits": null, "tags.frequency": "50" }, "geometry": { "type": "LineString", "coordinates": [ [ -66.141487, -20.051262899999976 ], [ -66.141919899999934, -20.051649099999963 ], [ -66.145286699999943, -20.052501799999966 ], [ -66.147953299999926, -20.051981399999963 ], [ -66.155456299999926, -20.050306799999962 ], [ -66.167952899999932, -20.057079299999966 ], [ -66.172361399999929, -20.059458299999967 ], [ -66.176438799999929, -20.061664499999967 ], [ -66.180453199999931, -20.063860899999966 ], [ -66.187005499999927, -20.067463799999967 ], [ -66.193594599999926, -20.070967899999967 ], [ -66.197209699999931, -20.072922299999966 ], [ -66.200893, -20.074926 ], [ -66.204881099999938, -20.077077699999965 ], [ -66.207697499999938, -20.078612599999964 ], [ -66.210167099999936, -20.079402199999965 ], [ -66.214402199999938, -20.080813599999964 ], [ -66.217733499999937, -20.081909199999963 ], [ -66.221269799999931, -20.083034299999962 ], [ -66.224974199999934, -20.084287799999963 ], [ -66.22909889999994, -20.08564 ], [ -66.233176399999934, -20.087026699999964 ], [ -66.237022599999932, -20.088275199999963 ], [ -66.239844199999936, -20.089173299999963 ], [ -66.24258179999994, -20.092247599999965 ], [ -66.245645199999942, -20.095637699999966 ], [ -66.247978099999941, -20.098134599999966 ], [ -66.252780699999946, -20.103518 ], [ -66.255118899999943, -20.105827299999966 ], [ -66.256259099999937, -20.106996699999964 ], [ -66.257856499999932, -20.108521299999964 ], [ -66.258455499999926, -20.113154399999964 ], [ -66.259196399999922, -20.117856499999963 ], [ -66.259616699999924, -20.121147299999961 ], [ -66.260168499999921, -20.12493149999996 ], [ -66.263342099999917, -20.127625199999958 ], [ -66.26603589999992, -20.129910799999958 ], [ -66.271334199999927, -20.134407499999959 ], [ -66.273151899999931, -20.135976199999959 ], [ -66.277035, -20.13925929999996 ], [ -66.279638599999927, -20.141508799999961 ], [ -66.282418199999924, -20.143898899999961 ], [ -66.286955399999925, -20.147761399999961 ], [ -66.292887799999932, -20.152739299999961 ], [ -66.296493599999934, -20.15582639999996 ], [ -66.300156699999931, -20.15887929999996 ], [ -66.30476239999993, -20.162811 ], [ -66.307935499999928, -20.165500199999958 ], [ -66.313601299999931, -20.170314899999958 ], [ -66.318612399999935, -20.174177599999958 ], [ -66.321552599999933, -20.176489199999956 ], [ -66.3246, -20.178856099999955 ], [ -66.328484499999931, -20.181882699999953 ], [ -66.331526599999933, -20.184274699999953 ], [ -66.334498899999929, -20.186571 ], [ -66.336886499999935, -20.188424099999956 ], [ -66.339904399999938, -20.190788299999955 ], [ -66.344034599999944, -20.194032 ], [ -66.347452299999944, -20.196685599999952 ], [ -66.349711, -20.198236499999954 ], [ -66.35265119999994, -20.200089499999955 ], [ -66.356503399999937, -20.202617199999956 ], [ -66.361208799999943, -20.205749 ], [ -66.36532389999995, -20.208407499999954 ], [ -66.369127899999953, -20.210889699999953 ], [ -66.371681799999948, -20.212591499999952 ], [ -66.375330099999942, -20.214962899999954 ], [ -66.378645899999938, -20.217515499999955 ], [ -66.382820099999932, -20.220611799999954 ], [ -66.385567099999932, -20.222640799999954 ], [ -66.389253, -20.225404699999956 ], [ -66.393995899999922, -20.228521 ], [ -66.397156, -20.230569899999953 ], [ -66.40095459999992, -20.233142399999952 ], [ -66.404812299999918, -20.235624299999952 ], [ -66.407280299999911, -20.237275399999952 ], [ -66.410231199999913, -20.239193399999952 ], [ -66.413933199999917, -20.241629799999952 ], [ -66.417243599999921, -20.243864899999952 ], [ -66.420483200000405, -20.246038 ], [ -66.423589100000399, -20.248127299999936 ], [ -66.428803900000418, -20.25165449999993 ], [ -66.432560200000424, -20.254204699999935 ], [ -66.43699200000043, -20.257194299999934 ], [ -66.437595100000436, -20.258942699999935 ], [ -66.439184600000431, -20.263774199999936 ], [ -66.440215400000426, -20.266939199999936 ], [ -66.441458900000427, -20.270697799999937 ], [ -66.442586400000422, -20.274220399999937 ], [ -66.443811400000428, -20.277969899999938 ], [ -66.445026800000434, -20.281690399999938 ], [ -66.446394100000433, -20.286034699999938 ], [ -66.44914480000044, -20.288743399999941 ], [ -66.452632600000427, -20.292182599999954 ], [ -66.45583910000046, -20.295382699999958 ], [ -66.459158700000458, -20.298640899999945 ], [ -66.462019400000415, -20.301472499999946 ], [ -66.465384200000386, -20.30481149999995 ], [ -66.468555200000367, -20.307927499999945 ], [ -66.471503100000348, -20.31083339999994 ], [ -66.474525400000346, -20.313823299999935 ], [ -66.477547600000335, -20.316803599999936 ], [ -66.480568900000321, -20.31981189999993 ], [ -66.486503600000347, -20.325662499999936 ], [ -66.48965369999992, -20.328734799999953 ], [ -66.492802499999925, -20.331872499999953 ], [ -66.495723799999922, -20.334711299999952 ], [ -66.498690499999924, -20.337649599999953 ], [ -66.501610899999918, -20.340534699999953 ], [ -66.504516899999913, -20.343387599999954 ], [ -66.507347099999919, -20.346247499999954 ], [ -66.510420099999919, -20.349242599999954 ], [ -66.513789, -20.352586199999955 ], [ -66.516869599999922, -20.355638 ], [ -66.520139799999924, -20.358782299999955 ], [ -66.523258399999918, -20.361869599999956 ], [ -66.526361699999924, -20.364949699999954 ], [ -66.529487799999927, -20.368058199999954 ], [ -66.53261389999993, -20.371088399999955 ], [ -66.535702099999924, -20.374139899999957 ], [ -66.538714299999924, -20.377134399999957 ], [ -66.541719, -20.380100399999957 ], [ -66.544852699999936, -20.383123299999959 ], [ -66.547849799999938, -20.386181599999958 ], [ -66.550938, -20.389232799999959 ], [ -66.554155199999926, -20.39236929999996 ], [ -66.55748609999992, -20.395626599999961 ], [ -66.560710899999918, -20.398841099999959 ], [ -66.563996299999914, -20.402141 ], [ -66.567175499999919, -20.405248699999959 ], [ -66.571234899999922, -20.40920979999996 ], [ -66.574763199999921, -20.412673 ], [ -66.577874099999917, -20.415745 ], [ -66.580947099999918, -20.41878129999996 ], [ -66.584126299999923, -20.42193849999996 ], [ -66.587290299999921, -20.42508859999996 ], [ -66.590454399999928, -20.428153199999958 ], [ -66.593770199999923, -20.431402599999959 ], [ -66.599187699999916, -20.436749499999959 ], [ -66.601835799999918, -20.439373099999958 ], [ -66.605493, -20.44297059999996 ], [ -66.608778499999929, -20.446205499999959 ], [ -66.611464499999926, -20.448850299999958 ], [ -66.613733199999928, -20.450186899999956 ], [ -66.616980699999928, -20.452134799999957 ], [ -66.620797299999921, -20.454345799999956 ], [ -66.624287599999917, -20.456428799999955 ], [ -66.62890089999992, -20.459116 ], [ -66.632019399999919, -20.460950199999957 ], [ -66.636412599999915, -20.463559099999955 ], [ -66.639569099999918, -20.465442899999957 ], [ -66.644417499999918, -20.468293499999955 ], [ -66.648522499999913, -20.470703299999954 ], [ -66.651792699999916, -20.472608399999952 ], [ -66.656094899999914, -20.475195799999952 ], [ -66.661489699999919, -20.478330499999952 ], [ -66.664418499999925, -20.480064899999952 ], [ -66.668264499999921, -20.482330199999954 ], [ -66.67223659999992, -20.484670499999954 ], [ -66.675935599999917, -20.486825899999953 ], [ -66.67957, -20.488968899999954 ], [ -66.682855499999917, -20.490877299999955 ], [ -66.686283499999917, -20.492915099999955 ], [ -66.689955899999916, -20.495089899999954 ], [ -66.694736099999915, -20.497897299999952 ], [ -66.699645299999915, -20.500740199999953 ], [ -66.703871599999914, -20.503256099999952 ], [ -66.70735429999992, -20.505338399999953 ], [ -66.710662499999927, -20.507271399999954 ], [ -66.714054199999921, -20.509225799999953 ], [ -66.716543, -20.510725299999955 ], [ -66.721163799999914, -20.513404499999954 ], [ -66.724031899999915, -20.514996299999954 ], [ -66.728091299999917, -20.517334299999956 ], [ -66.731710599999914, -20.519373799999954 ], [ -66.735542399999915, -20.521612199999954 ], [ -66.739093399999916, -20.523601899999953 ], [ -66.742978199999911, -20.525847399999954 ], [ -66.746149899999907, -20.527687899999954 ], [ -66.7501105999999, -20.529947499999952 ], [ -66.755118399999901, -20.532875 ], [ -66.7597544999999, -20.535504099999951 ], [ -66.763221999999899, -20.53746519999995 ], [ -66.767455899999902, -20.53987389999995 ], [ -66.771371099999897, -20.54213329999995 ], [ -66.774800699999901, -20.544094299999951 ], [ -66.778480699999903, -20.546190299999953 ], [ -66.782562899999903, -20.548591799999954 ], [ -66.788155, -20.551732099999953 ], [ -66.791797, -20.553877699999951 ], [ -66.794642399999901, -20.556534799999952 ], [ -66.797859499999902, -20.559632299999951 ], [ -66.801094699999908, -20.562586399999951 ], [ -66.802521699999403, -20.563818800000018 ], [ -66.802910199999403, -20.564155200000016 ] ] } },
{ "type": "Feature", "properties": { "id": 375080821.0, "tags.power": "line", "Type": "Way", "Country": "BO", "Length": 1072.2405772834734, "tags.cables": null, "tags.voltage": null, "tags.circuits": null, "tags.frequency": null }, "geometry": { "type": "LineString", "coordinates": [ [ -68.841644600000024, -16.82017 ], [ -68.839083800000026, -16.820706100000038 ], [ -68.837244500000011, -16.821113100000037 ], [ -68.8357978, -16.821396400000037 ], [ -68.833573799999968, -16.821880500000038 ], [ -68.832249200000135, -16.8221981 ] ] } },
{ "type": "Feature", "properties": { "id": 376070472.0, "tags.power": "line", "Type": "Way", "Country": "BO", "Length": 1418.6428329805942, "tags.cables": null, "tags.voltage": null, "tags.circuits": null, "tags.frequency": null }, "geometry": { "type": "LineString", "coordinates": [ [ -65.140458299999977, -19.237566599999926 ], [ -65.140111499999975, -19.237733599999927 ], [ -65.139697399999974, -19.237947499999926 ], [ -65.139271999999806, -19.238163900000014 ], [ -65.138895699999978, -19.238350199999925 ], [ -65.138236299999789, -19.238670200000016 ], [ -65.137330999999804, -19.239124 ], [ -65.1350158999998, -19.2402758 ], [ -65.133678399999809, -19.2412497 ], [ -65.132904699999784, -19.2417808 ], [ -65.131935299999796, -19.242442 ], [ -65.131231799999796, -19.2429218 ], [ -65.130371999999809, -19.243508 ], [ -65.129707699999813, -19.243963900000011 ] ] } },
{ "type": "Feature", "properties": { "id": 376836383.0, "tags.power": "line", "Type": "Way", "Country": "BO", "Length": 27360.038018393654, "tags.cables": "3", "tags.voltage": "230000", "tags.circuits": null, "tags.frequency": "50" }, "geometry": { "type": "LineString", "coordinates": [ [ -66.014876299999727, -17.45297209999994 ], [ -66.023092600000311, -17.456276 ], [ -66.028505300000305, -17.4584278 ], [ -66.03088980000031, -17.4593848 ], [ -66.034800400000307, -17.4609276 ], [ -66.037482600000303, -17.4619843 ], [ -66.040749600000296, -17.4632918 ], [ -66.046060300000292, -17.4663774 ], [ -66.047948600000296, -17.4674418 ], [ -66.052234800000292, -17.4699082 ], [ -66.053600000000287, -17.4707038 ], [ -66.059230000000284, -17.4752656 ], [ -66.060734700000282, -17.4765064 ], [ -66.063427600000281, -17.4786836 ], [ -66.065694100000286, -17.4805461 ], [ -66.069290900000283, -17.4834574 ], [ -66.071847100000284, -17.4851126 ], [ -66.07475190000028, -17.4870339 ], [ -66.079059500000284, -17.4898607 ], [ -66.081975100000278, -17.4917615 ], [ -66.085330500000282, -17.4942608 ], [ -66.087889400000279, -17.4961692 ], [ -66.091403100000278, -17.4987746 ], [ -66.097153700000277, -17.5020106 ], [ -66.099519400000275, -17.5033484 ], [ -66.102225800000269, -17.5048691 ], [ -66.105524900000276, -17.5067083 ], [ -66.108799900000278, -17.5085501 ], [ -66.111329200000284, -17.5100861 ], [ -66.116067300000282, -17.5129279 ], [ -66.117672600000276, -17.5138987 ], [ -66.122628500000374, -17.516915400000162 ], [ -66.126308800000359, -17.519215000000163 ], [ -66.132841500000353, -17.523147700000163 ], [ -66.134027900000348, -17.523879700000162 ], [ -66.138480600000349, -17.528095200000166 ], [ -66.140374300000332, -17.529762000000165 ], [ -66.146546300000324, -17.535261100000167 ], [ -66.149313800000328, -17.537696300000167 ], [ -66.153607400000311, -17.541484200000166 ], [ -66.156444000000334, -17.544005000000158 ], [ -66.157553200000351, -17.545059500000161 ], [ -66.161669100000324, -17.54800050000016 ], [ -66.164878800000352, -17.550356899999958 ], [ -66.168440100000353, -17.55293019999996 ], [ -66.171884000000347, -17.555422599999961 ], [ -66.175664600000346, -17.558154299999959 ], [ -66.17874250000034, -17.560360699999958 ], [ -66.181590300000337, -17.562414099999959 ], [ -66.184520800000342, -17.564534299999959 ], [ -66.186798400000342, -17.566001399999958 ], [ -66.190932200000347, -17.568672 ], [ -66.196564, -17.57233069999992 ], [ -66.201555900000059, -17.575537299999972 ], [ -66.207032200000057, -17.574806199999966 ], [ -66.211357300000032, -17.574379799999967 ], [ -66.212679, -17.574255499999968 ], [ -66.2157202, -17.573147 ], [ -66.2186754, -17.572077399999976 ], [ -66.218892699999699, -17.57192919999979 ] ] } },
{ "type": "Feature", "properties": { "id": 377024356.0, "tags.power": "line", "Type": "Way", "Country": "BO", "Length": 1530.3423751230162, "tags.cables": null, "tags.voltage": null, "tags.circuits": null, "tags.frequency": null }, "geometry": { "type": "LineString", "coordinates": [ [ -65.938741200000038, -18.7198803 ], [ -65.940919, -18.7192618 ], [ -65.942050299999693, -18.718922599999953 ], [ -65.943555799999714, -18.718642499999952 ], [ -65.945733699999721, -18.718237199999944 ], [ -65.947086399999705, -18.717997599999947 ], [ -65.948553499999704, -18.717382599999947 ], [ -65.949526599999686, -18.716968099999946 ], [ -65.950786399999672, -18.71645419999993 ], [ -65.951525600000039, -18.7156648 ] ] } },
{ "type": "Feature", "properties": { "id": 392292267.0, "tags.power": "line", "Type": "Way", "Country": "BO", "Length": 1848.2517763126266, "tags.cables": null, "tags.voltage": "230000", "tags.circuits": null, "tags.frequency": null }, "geometry": { "type": "LineString", "coordinates": [ [ -66.228104700000273, -17.5581987 ], [ -66.226737900000273, -17.5608347 ], [ -66.225140700000267, -17.5638931 ], [ -66.223637899999972, -17.566699599999957 ], [ -66.222147699999979, -17.569570799999969 ], [ -66.219898399999977, -17.57143359999997 ], [ -66.219751399999694, -17.571672499999789 ] ] } },
{ "type": "Feature", "properties": { "id": 404841281.0, "tags.power": "line", "Type": "Way", "Country": "BO", "Length": 970.69103885621757, "tags.cables": null, "tags.voltage": null, "tags.circuits": null, "tags.frequency": null }, "geometry": { "type": "LineString", "coordinates": [ [ -66.160352400000107, -17.381676700000032 ], [ -66.15975920000011, -17.381499700000031 ], [ -66.158897300000135, -17.381305700000031 ], [ -66.158029200000129, -17.381087300000029 ], [ -66.157172700000132, -17.380895100000028 ], [ -66.156769900000128, -17.380805600000027 ], [ -66.155786400000125, -17.380546200000026 ], [ -66.154813699999892, -17.380311799999955 ], [ -66.153859799999367, -17.380091899999787 ], [ -66.152918800000094, -17.379857 ], [ -66.151907, -17.379611399999987 ] ] } },
{ "type": "Feature", "properties": { "id": 405694582.0, "tags.power": "line", "Type": "Way", "Country": "BO", "Length": 109.45181463639919, "tags.cables": null, "tags.voltage": null, "tags.circuits": null, "tags.frequency": null }, "geometry": { "type": "LineString", "coordinates": [ [ -66.158896399999875, -17.372565700000045 ], [ -66.158820599999927, -17.3720232 ], [ -66.158789699999872, -17.371801900000044 ], [ -66.158753899999866, -17.371637600000042 ] ] } },
{ "type": "Feature", "properties": { "id": 421941671.0, "tags.power": "line", "Type": "Way", "Country": "BO", "Length": 127.86402337936011, "tags.cables": null, "tags.voltage": null, "tags.circuits": null, "tags.frequency": null }, "geometry": { "type": "LineString", "coordinates": [ [ -63.027200900000402, -17.493816800000019 ], [ -63.026304100000402, -17.493132300000021 ] ] } },
{ "type": "Feature", "properties": { "id": 421941672.0, "tags.power": "line", "Type": "Way", "Country": "BO", "Length": 296.2020323904768, "tags.cables": null, "tags.voltage": null, "tags.circuits": null, "tags.frequency": null }, "geometry": { "type": "LineString", "coordinates": [ [ -63.029279500000406, -17.49540080000002 ], [ -63.028980700000403, -17.495165700000019 ], [ -63.028694100000401, -17.49495270000002 ], [ -63.0283906000004, -17.494711700000021 ], [ -63.028084100000399, -17.494482500000018 ], [ -63.027794500000397, -17.494268 ], [ -63.0274956000004, -17.49404030000002 ], [ -63.027200900000402, -17.493816800000019 ] ] } },
{ "type": "Feature", "properties": { "id": 421941675.0, "tags.power": "line", "Type": "Way", "Country": "BO", "Length": 389.46334990646932, "tags.cables": null, "tags.voltage": null, "tags.circuits": null, "tags.frequency": null }, "geometry": { "type": "LineString", "coordinates": [ [ -63.023566600000414, -17.491054600000016 ], [ -63.024119700000412, -17.491480700000018 ], [ -63.024548700000409, -17.491794400000018 ], [ -63.026304100000402, -17.493132300000021 ] ] } },
{ "type": "Feature", "properties": { "id": 421941676.0, "tags.power": "line", "Type": "Way", "Country": "BO", "Length": 294.62619828110593, "tags.cables": null, "tags.voltage": null, "tags.circuits": null, "tags.frequency": null }, "geometry": { "type": "LineString", "coordinates": [ [ -63.021443400000415, -17.489549900000018 ], [ -63.021922000000416, -17.489871400000016 ], [ -63.022620700000417, -17.490331700000016 ], [ -63.023566600000414, -17.491054600000016 ] ] } },
{ "type": "Feature", "properties": { "id": 425696311.0, "tags.power": "line", "Type": "Way", "Country": "BO", "Length": 147.97903196957537, "tags.cables": "3", "tags.voltage": null, "tags.circuits": null, "tags.frequency": null }, "geometry": { "type": "LineString", "coordinates": [ [ -68.107132500000063, -16.49122979999996 ], [ -68.107150300000086, -16.490819899999963 ], [ -68.107012500000081, -16.490455899999962 ], [ -68.106863600000096, -16.490370399999971 ], [ -68.106764700000085, -16.49007449999997 ] ] } },
{ "type": "Feature", "properties": { "id": 427158057.0, "tags.power": "line", "Type": "Way", "Country": "BO", "Length": 1158.9818105136449, "tags.cables": null, "tags.voltage": null, "tags.circuits": null, "tags.frequency": null }, "geometry": { "type": "LineString", "coordinates": [ [ -63.172641200000562, -17.842324 ], [ -63.171982000000568, -17.841581400000091 ], [ -63.171292300000566, -17.840824200000093 ], [ -63.170621900000569, -17.840057300000094 ], [ -63.169950500000567, -17.839302400000093 ], [ -63.169275000000567, -17.838541300000088 ], [ -63.168607800000572, -17.837795900000089 ], [ -63.167929500000575, -17.837029600000076 ], [ -63.167257400000572, -17.836253300000077 ], [ -63.166574800000568, -17.835495600000076 ], [ -63.165916400000569, -17.834758300000072 ] ] } },
{ "type": "Feature", "properties": { "id": 428148391.0, "tags.power": "line", "Type": "Way", "Country": "BO", "Length": 1930.4576941763808, "tags.cables": null, "tags.voltage": null, "tags.circuits": null, "tags.frequency": null }, "geometry": { "type": "LineString", "coordinates": [ [ -66.015681700000101, -17.611105400000014 ], [ -66.016261100000079, -17.61124340000001 ], [ -66.017441200000093, -17.611494 ], [ -66.018705500000095, -17.611449 ], [ -66.019357700000086, -17.6112526 ], [ -66.0200229000001, -17.611026100000014 ], [ -66.020609700000094, -17.610851300000011 ], [ -66.021203600000092, -17.6106744 ], [ -66.024556, -17.6095839 ], [ -66.025047500000085, -17.6094245 ], [ -66.025723500000097, -17.6091804 ], [ -66.026615900000138, -17.6088886 ], [ -66.027279600000128, -17.6086487 ], [ -66.027909500000121, -17.6083375 ], [ -66.028464700000143, -17.607912400000018 ], [ -66.028859000000139, -17.607521200000029 ], [ -66.029429700000136, -17.606804200000035 ], [ -66.029904500000143, -17.606262200000035 ], [ -66.030892200000139, -17.605149200000035 ] ] } },
{ "type": "Feature", "properties": { "id": 430132384.0, "tags.power": "line", "Type": "Way", "Country": "BO", "Length": 39905.392892981959, "tags.cables": "3", "tags.voltage": "230000", "tags.circuits": null, "tags.frequency": "50" }, "geometry": { "type": "LineString", "coordinates": [ [ -66.014876299999727, -17.45297209999994 ], [ -66.010718899999731, -17.451314 ], [ -66.008964699999737, -17.450623199999939 ], [ -66.003637899999731, -17.448504499999938 ], [ -65.997390999999723, -17.446508599999941 ], [ -65.993987299999716, -17.445613 ], [ -65.989357100000319, -17.444475 ], [ -65.986601100000314, -17.443784099999988 ], [ -65.984557300000318, -17.443103399999988 ], [ -65.981303800000319, -17.442036399999989 ], [ -65.977197300000313, -17.440685299999988 ], [ -65.973275900000317, -17.439613099999988 ], [ -65.96967640000031, -17.438622799999987 ], [ -65.965722800000307, -17.437404699999988 ], [ -65.962863600000304, -17.436516799999989 ], [ -65.958775900000305, -17.4352501 ], [ -65.954194700000301, -17.4338708 ], [ -65.951952300000301, -17.433151699999989 ], [ -65.945764500000294, -17.430802499999988 ], [ -65.94184850000029, -17.428118099999988 ], [ -65.940233800000286, -17.427020199999987 ], [ -65.937401400000283, -17.425098299999988 ], [ -65.93125910000029, -17.420865499999987 ], [ -65.929326600000294, -17.417612799999986 ], [ -65.928249700000293, -17.415813599999986 ], [ -65.924833900000294, -17.410134599999985 ], [ -65.923588000000294, -17.407255299999985 ], [ -65.921085500000288, -17.401309799999986 ], [ -65.919283000000291, -17.397081499999985 ], [ -65.918145800000289, -17.394365799999985 ], [ -65.915895400000295, -17.389505199999984 ], [ -65.913564600000299, -17.385094899999984 ], [ -65.911311500000295, -17.380822799999983 ], [ -65.9097773000003, -17.377922599999984 ], [ -65.9077039000003, -17.373980399999983 ], [ -65.905874700000297, -17.371438499999982 ], [ -65.902945000000429, -17.367418499999918 ], [ -65.90054100000043, -17.364107899999919 ], [ -65.897517100000385, -17.359953499999914 ], [ -65.894673700000268, -17.356049599999917 ], [ -65.893387100000268, -17.354273299999925 ], [ -65.889561200000259, -17.349035499999914 ], [ -65.888266400000305, -17.347186 ], [ -65.886572000000271, -17.344785799999901 ], [ -65.88236170000026, -17.338948599999902 ], [ -65.88022590000017, -17.3356403999999 ], [ -65.878890500000082, -17.333651199999899 ], [ -65.875906, -17.329092199999931 ], [ -65.873714499999934, -17.325789899999968 ], [ -65.869776499999901, -17.320254799999965 ], [ -65.869005300000026, -17.319189299999969 ], [ -65.866202700000059, -17.3123685 ], [ -65.864282399999695, -17.307622199999805 ], [ -65.863227499999766, -17.305097799999803 ], [ -65.861086899999734, -17.29976759999979 ], [ -65.860435399999773, -17.298318299999796 ], [ -65.860071799999716, -17.296479799999801 ], [ -65.859486599999698, -17.2934921999998 ], [ -65.857820099999557, -17.285132899999823 ], [ -65.856892499999844, -17.280804 ], [ -65.856238499999534, -17.277386599999858 ], [ -65.855934299999532, -17.275670399999871 ], [ -65.855917699999679, -17.269902099999896 ], [ -65.85591169999968, -17.265303199999895 ], [ -65.855878399999781, -17.26109529999993 ], [ -65.855880799999923, -17.257314 ], [ -65.85590929999988, -17.2546423 ], [ -65.856011299999821, -17.2449036 ], [ -65.856056599999832, -17.2431599 ], [ -65.85606799999988, -17.2389581 ], [ -65.852920000000154, -17.232682399999913 ], [ -65.851220100000177, -17.22933739999991 ], [ -65.850427000000153, -17.227762899999917 ], [ -65.849896900000161, -17.226694199999908 ], [ -65.848486400000169, -17.22392839999991 ], [ -65.845573300000169, -17.218461599999909 ], [ -65.844832000000153, -17.216905899999915 ], [ -65.843866400000181, -17.215717099999903 ], [ -65.841938900000173, -17.213485099999911 ], [ -65.836055800000196, -17.207296999999897 ], [ -65.833221800000175, -17.204234699999898 ], [ -65.828576700000184, -17.199220399999902 ], [ -65.826387400000357, -17.196733899999959 ], [ -65.82572470000018, -17.195187099999909 ], [ -65.825091900000373, -17.193089 ] ] } },
{ "type": "Feature", "properties": { "id": 457754950.0, "tags.power": "line", "Type": "Way", "Country": "BO", "Length": 30150.643110058179, "tags.cables": null, "tags.voltage": "230000", "tags.circuits": null, "tags.frequency": null }, "geometry": { "type": "LineString", "coordinates": [ [ -66.219398499999699, -17.572289999999789 ], [ -66.219132799999699, -17.572505099999791 ], [ -66.218317799999696, -17.573545699999791 ], [ -66.215743199999665, -17.574992299999789 ], [ -66.21023229999966, -17.578056699999788 ], [ -66.205651599999655, -17.580629499999787 ], [ -66.202684799999659, -17.582332099999789 ], [ -66.200473099999655, -17.583566299999788 ], [ -66.196649199999655, -17.586908699999789 ], [ -66.194504500000164, -17.588846700000211 ], [ -66.193229100000167, -17.589974300000211 ], [ -66.190559000000164, -17.59231630000021 ], [ -66.188635800000171, -17.593996100000211 ], [ -66.185203900000175, -17.597020700000211 ], [ -66.181506500000182, -17.600275300000213 ], [ -66.180259300000188, -17.601406600000214 ], [ -66.17850110000019, -17.603772800000215 ], [ -66.175798800000194, -17.607359700000213 ], [ -66.172580100000189, -17.610903000000214 ], [ -66.16962700000019, -17.615203000000214 ], [ -66.167591200000189, -17.618127600000214 ], [ -66.164485200000186, -17.622235600000213 ], [ -66.163382800000193, -17.623690200000212 ], [ -66.160282200000196, -17.624991400000212 ], [ -66.156098000000199, -17.626739900000214 ], [ -66.152589600000198, -17.628186700000214 ], [ -66.149526500000192, -17.629477600000214 ], [ -66.146581500000195, -17.630694400000216 ], [ -66.14304900000019, -17.632202500000215 ], [ -66.139274500000184, -17.633764400000207 ], [ -66.135367200000189, -17.635415700000205 ], [ -66.13111050000019, -17.637182000000205 ], [ -66.127438500000196, -17.638702800000207 ], [ -66.12483140000019, -17.639809600000206 ], [ -66.121315100000189, -17.640216100000206 ], [ -66.115171500000187, -17.640940700000208 ], [ -66.112323000000188, -17.641276800000206 ], [ -66.108531700000185, -17.641734400000207 ], [ -66.104229400000179, -17.642272400000206 ], [ -66.101042900000181, -17.642630300000206 ], [ -66.097196600000174, -17.643075000000206 ], [ -66.092075000000179, -17.643694900000206 ], [ -66.088389600000184, -17.644121700000206 ], [ -66.085751700000188, -17.644431000000207 ], [ -66.081301900000184, -17.644984400000208 ], [ -66.077161900000178, -17.645448300000208 ], [ -66.072225300000184, -17.646014400000208 ], [ -66.067225600000185, -17.646612500000209 ], [ -66.063624800000184, -17.647058600000211 ], [ -66.059482100000182, -17.647528900000211 ], [ -66.056369400000179, -17.647908400000212 ], [ -66.052064400000177, -17.648414500000211 ], [ -66.048715700000173, -17.648813200000212 ], [ -66.046324500000168, -17.649098200000214 ], [ -66.042122800000172, -17.649562100000214 ], [ -66.038410700000171, -17.650015800000215 ], [ -66.034998900000176, -17.650432400000216 ], [ -66.03153350000018, -17.650815800000217 ], [ -66.026697500000182, -17.651403700000216 ], [ -66.022446200000175, -17.651904700000216 ], [ -66.018280700000176, -17.652385200000214 ], [ -66.014362000000176, -17.652858000000215 ], [ -66.01007310000017, -17.653359000000215 ], [ -66.004907200000176, -17.653982600000216 ], [ -66.00147930000017, -17.653836900000215 ], [ -65.997732300000166, -17.653716800000215 ], [ -65.992810400000167, -17.653540400000214 ], [ -65.988714700000173, -17.653371800000215 ], [ -65.986585000000176, -17.653497000000215 ], [ -65.981272900000178, -17.653950700000216 ], [ -65.975893700000185, -17.654409400000215 ] ] } },
{ "type": "Feature", "properties": { "id": 497786537.0, "tags.power": "line", "Type": "Way", "Country": "BO", "Length": 251.76734384918325, "tags.cables": "3", "tags.voltage": "230000", "tags.circuits": "1", "tags.frequency": "50" }, "geometry": { "type": "LineString", "coordinates": [ [ -63.562011199999894, -21.6928952 ], [ -63.562011399999896, -21.6924195 ], [ -63.561991499999891, -21.6907938 ] ] } },
{ "type": "Feature", "properties": { "id": 498342908.0, "tags.power": "line", "Type": "Way", "Country": "BO", "Length": 86121.324211280313, "tags.cables": "3", "tags.voltage": "115000", "tags.circuits": null, "tags.frequency": "50" }, "geometry": { "type": "LineString", "coordinates": [ [ -65.199105399999596, -19.062263299999934 ], [ -65.200611999999396, -19.066897799999982 ], [ -65.200240499999396, -19.068692599999981 ], [ -65.199201099999399, -19.073741 ], [ -65.198726399999401, -19.075923599999982 ], [ -65.197974699999406, -19.079618899999982 ], [ -65.197224299999405, -19.083104899999981 ], [ -65.195889899999401, -19.089540699999979 ], [ -65.195239499999403, -19.092706499999981 ], [ -65.194445599999597, -19.096472899999974 ], [ -65.194670899999593, -19.098959399999973 ], [ -65.195090599999588, -19.103294699999974 ], [ -65.19538499999959, -19.106490699999974 ], [ -65.196080399999587, -19.113837899999975 ], [ -65.196556499999588, -19.118976199999974 ], [ -65.196984299999585, -19.123680899999975 ], [ -65.197194799999579, -19.125902099999976 ], [ -65.197633399999575, -19.130027699999975 ], [ -65.198205999999573, -19.136436299999975 ], [ -65.199216199999569, -19.140802399999973 ], [ -65.198761199999566, -19.147175 ], [ -65.204956099999961, -19.151560999999884 ], [ -65.207699699999964, -19.155511099999885 ], [ -65.211611699999963, -19.161182699999884 ], [ -65.216337099999961, -19.168008699999884 ], [ -65.218808099999961, -19.171571999999884 ], [ -65.222771, -19.177302599999884 ], [ -65.227109499999969, -19.183594699999883 ], [ -65.229504, -19.187056399999882 ], [ -65.231760399999956, -19.190256499999883 ], [ -65.236545500000503, -19.197195300000054 ], [ -65.237401100000497, -19.198408600000054 ], [ -65.23885490000049, -19.200456600000052 ], [ -65.240340200000489, -19.202702700000053 ], [ -65.247032900000491, -19.212350500000053 ], [ -65.249701700000458, -19.216176900000075 ], [ -65.256533300000456, -19.226087300000074 ], [ -65.257708100000457, -19.228612300000073 ], [ -65.261146700000452, -19.235779400000073 ], [ -65.263292500000446, -19.240271300000074 ], [ -65.264302300000452, -19.242392100000075 ], [ -65.267070400000449, -19.248207 ], [ -65.270589400000432, -19.255599800000098 ], [ -65.271516100000426, -19.257588800000097 ], [ -65.274018600000431, -19.262788400000098 ], [ -65.280164900000429, -19.268572800000097 ], [ -65.286356800000434, -19.273058100000096 ], [ -65.293329200000429, -19.280692800000097 ], [ -65.294957300000434, -19.282466300000095 ], [ -65.29589880000043, -19.283320700000097 ], [ -65.301822400000432, -19.288914500000097 ], [ -65.305576200000431, -19.292420800000098 ], [ -65.307713900000437, -19.293938500000099 ], [ -65.310498000000436, -19.295897900000099 ], [ -65.314380500000439, -19.298605300000098 ], [ -65.321492400000452, -19.303651800000097 ], [ -65.323530900000449, -19.305089600000098 ], [ -65.324951100000447, -19.306695800000099 ], [ -65.330182800000443, -19.312534300000099 ], [ -65.330911699999561, -19.313371499999985 ], [ -65.334381799999562, -19.321532699999985 ], [ -65.33614669999956, -19.325668599999986 ], [ -65.338158299999563, -19.330334499999985 ], [ -65.338858399999566, -19.331969599999987 ], [ -65.340855299999561, -19.336639099999985 ], [ -65.341393099999564, -19.337865399999984 ], [ -65.34380439999957, -19.343510399999985 ], [ -65.344454799999568, -19.345018699999986 ], [ -65.345783799999566, -19.348134099999985 ], [ -65.347503099999571, -19.352113599999985 ], [ -65.348543799999575, -19.354563299999985 ], [ -65.349457099999569, -19.357649399999985 ], [ -65.351571999999564, -19.364911899999985 ], [ -65.352603299999558, -19.370337199999984 ], [ -65.353023099999561, -19.372552499999983 ], [ -65.356421599999564, -19.380564299999982 ], [ -65.356976699999564, -19.381872799999982 ], [ -65.358803299999565, -19.389288599999983 ], [ -65.35990429999957, -19.393007799999982 ], [ -65.362658899999573, -19.395406299999983 ], [ -65.366305399999575, -19.398566199999983 ], [ -65.370616799999581, -19.402300099999984 ], [ -65.373796799999582, -19.405054099999983 ], [ -65.378245299999577, -19.408918399999983 ], [ -65.379029799999572, -19.409629299999985 ], [ -65.386478299999567, -19.416069899999986 ], [ -65.388607999999564, -19.417893799999987 ], [ -65.394609399999567, -19.423113599999986 ], [ -65.395632699999567, -19.423975 ], [ -65.39858309999957, -19.425767099999987 ], [ -65.400984999999565, -19.427344299999987 ], [ -65.404317699999567, -19.429512 ], [ -65.41298389999956, -19.435041299999988 ], [ -65.417540999999559, -19.438038599999988 ], [ -65.418629899999559, -19.438739199999986 ], [ -65.425967099999554, -19.443460199999986 ], [ -65.429347199999555, -19.445671099999984 ], [ -65.435084599999556, -19.449366699999985 ], [ -65.437493899999552, -19.450927599999986 ], [ -65.440257899999551, -19.452700499999985 ], [ -65.447836499999553, -19.457589199999983 ], [ -65.451528599999548, -19.459977799999983 ], [ -65.452947499999553, -19.460739 ], [ -65.461734399999557, -19.465545299999981 ], [ -65.46311709999955, -19.46628879999998 ], [ -65.467606399999553, -19.469816499999979 ], [ -65.471280399999557, -19.47270439999998 ], [ -65.479253199999562, -19.477837799999978 ], [ -65.481771799999564, -19.479465 ], [ -65.488325099999557, -19.483686599999981 ], [ -65.496523299999552, -19.487892899999981 ], [ -65.499859999999558, -19.48960469999998 ], [ -65.50151829999956, -19.490470699999978 ], [ -65.506700299999565, -19.493133199999978 ], [ -65.51095689999957, -19.495325399999977 ], [ -65.511933299999569, -19.495826 ], [ -65.51878089999957, -19.499340499999978 ], [ -65.527366699999575, -19.503737299999976 ], [ -65.530920599999575, -19.505567699999975 ], [ -65.534297499999582, -19.506877399999976 ], [ -65.538178699999577, -19.508379199999975 ], [ -65.545045099999584, -19.511033799999975 ], [ -65.548983999999578, -19.512639199999974 ], [ -65.550685799999584, -19.513288899999974 ], [ -65.553101199999588, -19.514230599999973 ], [ -65.557444999999589, -19.515910599999973 ], [ -65.559566599999584, -19.516737299999974 ], [ -65.567300799999586, -19.519725499999975 ], [ -65.569650399999588, -19.520509199999974 ], [ -65.573791699999589, -19.521849 ], [ -65.578414499999596, -19.523413899999976 ], [ -65.580788299999597, -19.524212699999975 ], [ -65.587861199999594, -19.525039299999975 ], [ -65.5903636999996, -19.524652599999975 ], [ -65.598104599999601, -19.523401199999974 ], [ -65.604410499999602, -19.522503799999974 ], [ -65.610874599999605, -19.52149 ], [ -65.61372849999961, -19.521069099999973 ], [ -65.620487599999606, -19.520008599999972 ], [ -65.626979899999611, -19.519001199999973 ], [ -65.635341699999614, -19.517700499999972 ], [ -65.640392299999618, -19.516913 ], [ -65.64412329999962, -19.516315099999971 ], [ -65.647607399999615, -19.515779099999971 ], [ -65.652990599999612, -19.514980199999972 ], [ -65.656569999999618, -19.515245699999973 ], [ -65.661530799999625, -19.516724599999971 ], [ -65.666729199999622, -19.518320899999971 ], [ -65.670746899999628, -19.51941069999997 ], [ -65.674323599999624, -19.52048389999997 ], [ -65.677294099999628, -19.52116519999997 ], [ -65.680437699999629, -19.521897 ], [ -65.683307599999623, -19.521086799999971 ], [ -65.685026899999627, -19.520362499999969 ], [ -65.685513799999626, -19.520384 ] ] } },
{ "type": "Feature", "properties": { "id": 499036489.0, "tags.power": "line", "Type": "Way", "Country": "BO", "Length": 2797.5946506352861, "tags.cables": null, "tags.voltage": null, "tags.circuits": null, "tags.frequency": null }, "geometry": { "type": "LineString", "coordinates": [ [ -67.314338900000152, -17.171239100000061 ], [ -67.313637800000151, -17.171212900000061 ], [ -67.312279600000153, -17.171104700000061 ], [ -67.311175900000194, -17.171030100000063 ], [ -67.309911600000191, -17.170965200000062 ], [ -67.30927490000019, -17.171048300000063 ], [ -67.307958200000186, -17.171259100000064 ], [ -67.307137000000182, -17.171351300000065 ], [ -67.305994600000176, -17.171525600000066 ], [ -67.304786100000172, -17.171703300000065 ], [ -67.303466000000171, -17.171906 ], [ -67.302166400000175, -17.172081400000064 ], [ -67.30150350000018, -17.172172500000062 ], [ -67.300482900000176, -17.172332 ], [ -67.298992000000183, -17.172542700000061 ], [ -67.298019300000178, -17.172683900000063 ], [ -67.295713700000178, -17.172697600000063 ], [ -67.294428600000174, -17.172696500000065 ], [ -67.293135800000172, -17.17268 ], [ -67.291919400000168, -17.172652600000063 ], [ -67.290696100000162, -17.172652600000063 ], [ -67.289354300000156, -17.172641200000061 ] ] } },
{ "type": "Feature", "properties": { "id": 500649039.0, "tags.power": "line", "Type": "Way", "Country": "BO", "Length": 26284.789315435672, "tags.cables": null, "tags.voltage": null, "tags.circuits": null, "tags.frequency": null }, "geometry": { "type": "LineString", "coordinates": [ [ -67.882960799999893, -16.594376300000025 ], [ -67.886963899999898, -16.60029 ], [ -67.888652399999899, -16.602689800000025 ], [ -67.890613199999905, -16.605470100000026 ], [ -67.893001099999907, -16.608833600000025 ], [ -67.895839, -16.611747200000025 ], [ -67.89791479999991, -16.613714200000025 ], [ -67.898261, -16.615044600000026 ], [ -67.899635699999976, -16.6204891 ], [ -67.899826, -16.621243 ], [ -67.901561899999905, -16.627469900000026 ], [ -67.90202259999991, -16.630547500000027 ], [ -67.902272, -16.631768500000028 ], [ -67.903101499999906, -16.636478800000027 ], [ -67.905773599999904, -16.639174800000028 ], [ -67.910055699999901, -16.645368700000027 ], [ -67.911848399999897, -16.647961100000028 ], [ -67.915921499999897, -16.653995500000029 ], [ -67.919450099999892, -16.656594700000028 ], [ -67.923836999999892, -16.660166600000029 ], [ -67.926999399999886, -16.662476500000029 ], [ -67.928632199999882, -16.663565400000028 ], [ -67.934247399999876, -16.66469070000003 ], [ -67.937905899999876, -16.665396900000029 ], [ -67.941638399999874, -16.666222700000031 ], [ -67.943156099999868, -16.666521100000029 ], [ -67.945395999999874, -16.667225 ], [ -67.950392499999879, -16.668473300000031 ], [ -67.954041899999879, -16.669600900000031 ], [ -67.957349499999879, -16.67081960000003 ], [ -67.961454499999874, -16.671721700000031 ], [ -67.963310999999877, -16.671630600000032 ], [ -67.966509399999879, -16.671459800000033 ], [ -67.967937699999879, -16.671402800000031 ], [ -67.973038099999883, -16.67130940000003 ], [ -67.97537079999988, -16.67118410000003 ], [ -67.981113599999873, -16.670983700000029 ], [ -67.984291399999876, -16.670862900000028 ], [ -67.987617299999869, -16.670777800000028 ], [ -67.995097599999866, -16.668776600000029 ], [ -67.999159599999871, -16.667703700000029 ], [ -68.003399499999873, -16.666594900000028 ], [ -68.00527889999988, -16.66606180000003 ], [ -68.010433999999876, -16.66474060000003 ], [ -68.012465999999876, -16.664189300000029 ], [ -68.016992399999879, -16.662972800000027 ], [ -68.021407099999877, -16.661804200000027 ], [ -68.025878899999881, -16.660606 ], [ -68.029865399999878, -16.659585500000027 ], [ -68.03415029999988, -16.658444200000027 ], [ -68.03798639999988, -16.657241400000025 ], [ -68.041608399999873, -16.656143400000026 ], [ -68.04624189999987, -16.654724200000025 ], [ -68.049711299999871, -16.653669500000024 ], [ -68.054591899999878, -16.653321 ], [ -68.059887099999884, -16.652929100000023 ], [ -68.065018299999878, -16.652598800000021 ], [ -68.069093299999878, -16.652295800000022 ], [ -68.072894499999876, -16.651913200000024 ] ] } },
{ "type": "Feature", "properties": { "id": 500649045.0, "tags.power": "line", "Type": "Way", "Country": "BO", "Length": 37336.33372145654, "tags.cables": "6", "tags.voltage": "230000", "tags.circuits": null, "tags.frequency": "50" }, "geometry": { "type": "LineString", "coordinates": [ [ -67.921572399999988, -16.575210799999986 ], [ -67.921119099999984, -16.575998899999988 ], [ -67.9207159, -16.576436299999987 ], [ -67.919654199999968, -16.578380899999974 ], [ -67.915919500000044, -16.585353500000082 ], [ -67.917129700000046, -16.58863730000008 ], [ -67.91863950000004, -16.592571400000079 ], [ -67.921262900000045, -16.599530100000077 ], [ -67.923333600000049, -16.601557500000077 ], [ -67.92754790000005, -16.605642 ], [ -67.930060600000047, -16.608097600000079 ], [ -67.933532200000045, -16.612378 ], [ -67.938927100000043, -16.616746100000078 ], [ -67.949526600000041, -16.620056 ], [ -67.951980100000043, -16.620814600000081 ], [ -67.955833300000037, -16.622058400000082 ], [ -67.95894399999986, -16.623017800000024 ], [ -67.964039799999867, -16.624569100000024 ], [ -67.967700599999873, -16.625719500000024 ], [ -67.971882999999863, -16.627063500000023 ], [ -67.974167799999876, -16.627751500000024 ], [ -67.975212899999875, -16.629265200000024 ], [ -67.977946999999872, -16.633039900000025 ], [ -67.979247799999897, -16.635086700000024 ], [ -67.983250799999894, -16.641000300000023 ], [ -67.984939399999888, -16.643400200000023 ], [ -67.986900099999886, -16.646180500000025 ], [ -67.989288099999882, -16.649544 ], [ -67.992125899999877, -16.652457500000022 ], [ -67.994201699999877, -16.654424600000024 ], [ -67.994547999999881, -16.655755 ], [ -67.99611299999988, -16.661953400000023 ], [ -67.997848799999886, -16.668180300000024 ], [ -67.998309499999891, -16.671257900000025 ], [ -67.998558999999887, -16.672478900000026 ], [ -67.99938839999983, -16.677189200000022 ], [ -68.002060499999828, -16.679885200000022 ], [ -68.006342599999826, -16.686079100000022 ], [ -68.00813539999983, -16.688671500000023 ], [ -68.012208399999835, -16.694705900000024 ], [ -68.015737099999839, -16.697305100000023 ], [ -68.020123899999845, -16.700877 ], [ -68.023286299999839, -16.703186900000023 ], [ -68.024919099999849, -16.704275800000023 ], [ -68.030534399999851, -16.705401100000024 ], [ -68.034192799999857, -16.706107300000024 ], [ -68.037925299999856, -16.706933100000025 ], [ -68.039443099999858, -16.707231500000024 ], [ -68.041682899999856, -16.707935400000025 ], [ -68.046679399999789, -16.709183700000036 ], [ -68.050328799999789, -16.710311300000036 ], [ -68.053636399999789, -16.71153 ], [ -68.057741399999784, -16.712432100000036 ], [ -68.059597999999781, -16.712341 ], [ -68.062796299999775, -16.712170100000037 ], [ -68.064224599999775, -16.712113200000037 ], [ -68.069324999999779, -16.712019800000036 ], [ -68.071657699999776, -16.711894500000035 ], [ -68.077400499999769, -16.711694 ], [ -68.080578399999766, -16.711573300000037 ], [ -68.083904199999765, -16.711488200000037 ], [ -68.09138459999977, -16.709487 ], [ -68.095446499999767, -16.708414100000038 ], [ -68.099686499999763, -16.707305300000037 ], [ -68.101565799999761, -16.706772200000039 ], [ -68.106720899999758, -16.705451 ], [ -68.108752899999757, -16.704899700000038 ], [ -68.11327929999976, -16.703683200000036 ], [ -68.117694099999767, -16.702514600000036 ], [ -68.122165799999735, -16.701316400000024 ], [ -68.126152299999731, -16.700295900000025 ], [ -68.130437199999733, -16.699154600000025 ], [ -68.134273399999728, -16.697951800000023 ], [ -68.137895399999721, -16.696853800000024 ], [ -68.142528799999724, -16.695434600000024 ], [ -68.145998199999724, -16.694379900000023 ], [ -68.150878799999731, -16.694031300000024 ], [ -68.156174099999731, -16.693639500000025 ], [ -68.161305299999725, -16.693309200000023 ], [ -68.165380199999731, -16.693006200000024 ], [ -68.169181399999729, -16.692623500000025 ] ] } },
{ "type": "Feature", "properties": { "id": 500694781.0, "tags.power": "line", "Type": "Way", "Country": "BO", "Length": 32313.736667805089, "tags.cables": "3", "tags.voltage": "230000", "tags.circuits": null, "tags.frequency": "50" }, "geometry": { "type": "LineString", "coordinates": [ [ -68.117248699999109, -16.399684600000082 ], [ -68.116761699999955, -16.399574499999972 ], [ -68.115700199999949, -16.399817499999973 ], [ -68.114097099999952, -16.402906399999971 ], [ -68.112583299999955, -16.405892899999969 ], [ -68.110762599999958, -16.409107199999969 ], [ -68.107549, -16.41088969999997 ], [ -68.104221399999957, -16.412791799999969 ], [ -68.094499399999961, -16.416494699999969 ], [ -68.092078499999957, -16.417516399999968 ], [ -68.088622699999959, -16.418764699999969 ], [ -68.085763299999954, -16.41976929999997 ], [ -68.077608, -16.422145299999972 ], [ -68.074601099999953, -16.423108899999971 ], [ -68.068694799999946, -16.424684099999972 ], [ -68.067083099999948, -16.425251299999971 ], [ -68.057475, -16.430154699999971 ], [ -68.054722599999963, -16.431617199999973 ], [ -68.048814099999959, -16.433312 ], [ -68.043846299999956, -16.434965899999973 ], [ -68.041898099999955, -16.435525099999975 ], [ -68.038898499999959, -16.436451099999974 ], [ -68.035203, -16.437448899999975 ], [ -68.028687899999952, -16.440037799999974 ], [ -68.02508039999995, -16.443269199999975 ], [ -68.021261399999958, -16.446711199999974 ], [ -68.019860699999953, -16.448158899999974 ], [ -68.018117399999952, -16.451034899999975 ], [ -68.015436799999947, -16.455503199999974 ], [ -68.014018199999953, -16.457938399999975 ], [ -68.011747500000013, -16.4616987 ], [ -68.009402, -16.4656077 ], [ -68.0070129, -16.4696113 ], [ -68.0053113, -16.4723973 ], [ -68.0018413, -16.4782347 ], [ -68.000660700000012, -16.4802017 ], [ -67.99970110000001, -16.4818539 ], [ -67.99494270000001, -16.4898387 ], [ -67.9935856, -16.4947809 ], [ -67.9924403, -16.4988084 ], [ -67.9913053, -16.5030546 ], [ -67.9906743, -16.5053644 ], [ -67.9886779, -16.5126888 ], [ -67.9884376, -16.5135077 ], [ -67.9870303, -16.5233236 ], [ -67.9862524, -16.528235 ], [ -67.9846954, -16.5309185 ], [ -67.9810662, -16.534607199999986 ], [ -67.977111, -16.535898799999984 ], [ -67.971826600000014, -16.536102699999983 ], [ -67.969698400000013, -16.536218799999983 ], [ -67.9648075, -16.536487699999981 ], [ -67.9564017, -16.53745009999998 ], [ -67.9544005, -16.538279299999978 ], [ -67.95387430000001, -16.538660899999979 ], [ -67.9429587, -16.546496 ], [ -67.939984200000012, -16.548744399999979 ], [ -67.9346986, -16.552464399999977 ], [ -67.9318119, -16.554584099999978 ], [ -67.927642, -16.558125199999978 ], [ -67.92410689999997, -16.563873099999974 ], [ -67.923229299999974, -16.567102799999972 ], [ -67.92343289999998, -16.571105199999973 ], [ -67.923434399999977, -16.572854199999973 ] ] } },
{ "type": "Feature", "properties": { "id": 500727590.0, "tags.power": "line", "Type": "Way", "Country": "BO", "Length": 6054.5211321046663, "tags.cables": "6", "tags.voltage": "115000", "tags.circuits": "2", "tags.frequency": "50" }, "geometry": { "type": "LineString", "coordinates": [ [ -68.118021199999106, -16.400636600000084 ], [ -68.117786399999957, -16.400499299999982 ], [ -68.117027699999952, -16.402727699999971 ], [ -68.115853399999949, -16.406564899999971 ], [ -68.114611599999961, -16.410109499999972 ], [ -68.11073959999996, -16.414801 ], [ -68.103130499999963, -16.424210299999974 ], [ -68.101375899999965, -16.426360699999975 ], [ -68.100018799999958, -16.428036199999976 ], [ -68.096778299999954, -16.432037499999975 ], [ -68.093242299999957, -16.436353199999974 ], [ -68.090946, -16.439253099999974 ], [ -68.089190799999955, -16.441389799999975 ], [ -68.088353899999959, -16.443396799999974 ] ] } },
{ "type": "Feature", "properties": { "id": 500727591.0, "tags.power": "line", "Type": "Way", "Country": "BO", "Length": 7176.4085787608101, "tags.cables": "3", "tags.voltage": "115000", "tags.circuits": null, "tags.frequency": "50" }, "geometry": { "type": "LineString", "coordinates": [ [ -68.118330999999671, -16.400869499999892 ], [ -68.118811399999956, -16.401135299999972 ], [ -68.119312899999983, -16.401895900000067 ], [ -68.1189733, -16.404205500000081 ], [ -68.1186147, -16.407336200000081 ], [ -68.118126499999974, -16.411211 ], [ -68.1179629, -16.41250280000008 ], [ -68.117686600000013, -16.414808100000084 ], [ -68.117071599999989, -16.419872 ], [ -68.116120199999969, -16.427805700000071 ], [ -68.115776899999986, -16.430684600000067 ], [ -68.11557569999998, -16.432217900000069 ], [ -68.1149883, -16.43415510000008 ], [ -68.1137331, -16.438232700000068 ], [ -68.112928399999987, -16.440825900000068 ], [ -68.1120379, -16.443745600000067 ], [ -68.111405700000105, -16.4458076 ], [ -68.1109597, -16.44726230000008 ], [ -68.110087899999982, -16.450045600000067 ], [ -68.1090714, -16.453322800000066 ], [ -68.108017300000014, -16.456733900000081 ], [ -68.107663200000019, -16.457857900000079 ], [ -68.106755799999988, -16.46086290000007 ] ] } },
{ "type": "Feature", "properties": { "id": 502675488.0, "tags.power": "line", "Type": "Way", "Country": "BO", "Length": 1070.3027108017047, "tags.cables": null, "tags.voltage": null, "tags.circuits": null, "tags.frequency": null }, "geometry": { "type": "LineString", "coordinates": [ [ -65.74969909999993, -20.798717000000192 ], [ -65.744149, -20.79773520000019 ], [ -65.742124699999934, -20.797329700000191 ], [ -65.740274099999937, -20.79694480000019 ] ] } },
{ "type": "Feature", "properties": { "id": 502675554.0, "tags.power": "line", "Type": "Way", "Country": "BO", "Length": 996.34553566882289, "tags.cables": null, "tags.voltage": null, "tags.circuits": null, "tags.frequency": null }, "geometry": { "type": "LineString", "coordinates": [ [ -65.818478899999903, -20.81631949999996 ], [ -65.816369599999931, -20.816959400000201 ], [ -65.813923099999926, -20.817724200000203 ], [ -65.812928799999924, -20.818565900000202 ], [ -65.81216, -20.818970300000203 ], [ -65.810285199999925, -20.819396200000202 ] ] } },
{ "type": "Feature", "properties": { "id": 502675584.0, "tags.power": "line", "Type": "Way", "Country": "BO", "Length": 2402.760437788128, "tags.cables": null, "tags.voltage": null, "tags.circuits": null, "tags.frequency": null }, "geometry": { "type": "LineString", "coordinates": [ [ -65.941850799999983, -20.771415300000182 ], [ -65.939193199999977, -20.770899900000181 ], [ -65.93525139999997, -20.768944200000181 ], [ -65.930817299999973, -20.767088200000181 ], [ -65.927291, -20.768575700000181 ], [ -65.921609899999979, -20.768600800000179 ] ] } },
{ "type": "Feature", "properties": { "id": 505257749.0, "tags.power": "line", "Type": "Way", "Country": "BO", "Length": 1898.2186367119948, "tags.cables": null, "tags.voltage": null, "tags.circuits": null, "tags.frequency": null }, "geometry": { "type": "LineString", "coordinates": [ [ -65.311735900000627, -19.206911800000107 ], [ -65.311424700000629, -19.203502500000106 ], [ -65.311206100000632, -19.201331100000104 ], [ -65.311077400000627, -19.199657400000103 ], [ -65.310775600000625, -19.196387200000103 ], [ -65.310574500000627, -19.194259400000103 ], [ -65.310494000000602, -19.193405800000118 ], [ -65.310284100000601, -19.190867000000118 ] ] } },
{ "type": "Feature", "properties": { "id": 522803088.0, "tags.power": "line", "Type": "Way", "Country": "BO", "Length": 14617.951986007087, "tags.cables": null, "tags.voltage": "115000", "tags.circuits": null, "tags.frequency": null }, "geometry": { "type": "LineString", "coordinates": [ [ -66.263173099999563, -17.314196300000027 ], [ -66.263564299999558, -17.313659400000027 ], [ -66.262649499999554, -17.312472700000026 ], [ -66.261586399999558, -17.312599400000025 ], [ -66.260550399999929, -17.3140274 ], [ -66.259385, -17.3153043 ], [ -66.258289099999942, -17.3165528 ], [ -66.257396499999942, -17.317882 ], [ -66.256768499999936, -17.3197412 ], [ -66.255825199999933, -17.322554 ], [ -66.255547399999926, -17.324335500000011 ], [ -66.25558379999994, -17.3258366 ], [ -66.255449599999935, -17.3282486 ], [ -66.254875699999928, -17.329831 ], [ -66.254741499999923, -17.33120850000001 ], [ -66.254586, -17.33244770000001 ], [ -66.254344599999925, -17.3334207 ], [ -66.254001299999928, -17.3346189 ], [ -66.253824199999926, -17.3358735 ], [ -66.254033399999926, -17.33754290000001 ], [ -66.254258699999923, -17.339232700000011 ], [ -66.253674, -17.34005710000001 ], [ -66.252493899999919, -17.341910800000012 ], [ -66.252214899999913, -17.342494500000011 ], [ -66.251619499999919, -17.343892400000012 ], [ -66.251297599999916, -17.345295400000012 ], [ -66.250895299999911, -17.345971300000013 ], [ -66.250337399999907, -17.346995400000012 ], [ -66.250149599999901, -17.348055300000013 ], [ -66.250208599999894, -17.349197200000013 ], [ -66.25001549999989, -17.351987800000014 ], [ -66.249779499999889, -17.352914500000015 ], [ -66.249473699999882, -17.353380500000014 ], [ -66.248931899999889, -17.354512100000015 ], [ -66.248352499999882, -17.355136700000013 ], [ -66.247719499999889, -17.355643600000015 ], [ -66.247488899999894, -17.356770100000016 ], [ -66.247520999999892, -17.357297400000018 ], [ -66.247199199999898, -17.358521100000019 ], [ -66.246968499999895, -17.359360800000019 ], [ -66.246871899999888, -17.36006230000002 ], [ -66.246421299999895, -17.361127300000021 ], [ -66.246222899999893, -17.36206420000002 ], [ -66.246222899999893, -17.36323160000002 ], [ -66.246335499999887, -17.364378400000021 ], [ -66.246769999999884, -17.36535630000002 ], [ -66.246834399999884, -17.366416200000021 ], [ -66.24739769999988, -17.36739410000002 ], [ -66.247295699999881, -17.368397600000019 ], [ -66.246727099999887, -17.369344700000021 ], [ -66.246834399999884, -17.37017920000002 ], [ -66.246952399999884, -17.371198100000019 ], [ -66.24704899999989, -17.372216900000019 ], [ -66.247209899999888, -17.373353500000018 ], [ -66.247338599999892, -17.374546400000018 ], [ -66.247459499999891, -17.375652400000018 ], [ -66.247600299999888, -17.377010900000016 ], [ -66.247787999999886, -17.378067200000014 ], [ -66.247873999999882, -17.379283800000014 ], [ -66.24789749999988, -17.380272900000016 ], [ -66.247611999999876, -17.381071500000015 ], [ -66.247177899999869, -17.382146400000014 ], [ -66.246427099999863, -17.382989800000015 ], [ -66.246149399999865, -17.383874300000016 ], [ -66.245902999999871, -17.385322400000017 ], [ -66.246196299999866, -17.386576300000016 ], [ -66.246219799999864, -17.387565300000016 ], [ -66.246333199999867, -17.388879 ], [ -66.246411699999868, -17.389980900000015 ], [ -66.246261499999861, -17.390585600000016 ], [ -66.24613799999986, -17.391254100000015 ], [ -66.246098999999816, -17.3919149 ], [ -66.246167699999816, -17.3927322 ], [ -66.246268499999815, -17.3937594 ], [ -66.246634899999819, -17.3946728 ], [ -66.246873099999817, -17.3955557 ], [ -66.246946399999828, -17.396473600000014 ], [ -66.247037999999819, -17.3973783 ], [ -66.247140399999822, -17.398575400000013 ], [ -66.246957899999828, -17.398709 ], [ -66.246103599999813, -17.3987245 ], [ -66.244971799999817, -17.3987555 ], [ -66.243910299999825, -17.3988008 ], [ -66.242596399999826, -17.3988368 ], [ -66.241375699999821, -17.3988721 ], [ -66.24033709999982, -17.398895 ], [ -66.239301999999824, -17.398921200000011 ], [ -66.238152299999825, -17.398973600000012 ], [ -66.237098899999822, -17.399009 ], [ -66.23604099999983, -17.399031500000014 ], [ -66.235477599999825, -17.399237100000015 ], [ -66.234429599999828, -17.399267 ], [ -66.233416699999822, -17.399289400000015 ], [ -66.232423399999817, -17.399326700000014 ], [ -66.231414399999807, -17.399352800000013 ], [ -66.230479799999813, -17.399375200000012 ], [ -66.229447299999805, -17.399408800000014 ], [ -66.228528299999809, -17.399423700000014 ], [ -66.227671899999805, -17.399457300000012 ], [ -66.226557399999805, -17.399487200000014 ], [ -66.226275799999812, -17.399494600000015 ], [ -66.226048999999819, -17.400543200000016 ], [ -66.225816699999825, -17.401658700000016 ], [ -66.225603000001072, -17.402719899999955 ], [ -66.225380800001076, -17.403827899999953 ], [ -66.225176900001074, -17.404861899999954 ], [ -66.22498650000108, -17.405870299999954 ], [ -66.225332400001079, -17.406116399999952 ], [ -66.22610469999988, -17.406251600000029 ], [ -66.227142099999824, -17.406369900000016 ], [ -66.228167799999824, -17.406489400000016 ], [ -66.229189900001074, -17.406608499999951 ], [ -66.229324000001071, -17.40743259999995 ] ] } },
{ "type": "Feature", "properties": { "id": 523741845.0, "tags.power": "line", "Type": "Way", "Country": "BO", "Length": 147758.79770849497, "tags.cables": "6", "tags.voltage": "230000", "tags.circuits": "2", "tags.frequency": "50" }, "geometry": { "type": "LineString", "coordinates": [ [ -63.561991499999891, -21.6907938 ], [ -63.563289599999898, -21.6886504 ], [ -63.565880699999902, -21.6846128 ], [ -63.567119799999901, -21.6826887 ], [ -63.567862799999901, -21.6815023 ], [ -63.569372899999898, -21.6791593 ], [ -63.571494499999901, -21.6758867 ], [ -63.572618900000165, -21.675166100000038 ], [ -63.576221500000166, -21.673004900000038 ], [ -63.578713700000165, -21.671553800000037 ], [ -63.581283300000166, -21.669962600000037 ], [ -63.585006600000163, -21.667771700000038 ], [ -63.588083100000162, -21.665879300000039 ], [ -63.592420400000165, -21.66328520000004 ], [ -63.596532200000162, -21.660786800000039 ], [ -63.599769200000161, -21.658855100000039 ], [ -63.601787500000164, -21.657621 ], [ -63.604884500000161, -21.655357800000036 ], [ -63.608924500000164, -21.652385500000037 ], [ -63.615883800000162, -21.647031700000035 ], [ -63.62077700000016, -21.644876700000037 ], [ -63.624922900000158, -21.643610100000036 ], [ -63.635278700000164, -21.643321900000036 ], [ -63.63694620000016, -21.643265 ], [ -63.638003200000163, -21.642775200000035 ], [ -63.641320000000164, -21.641220500000035 ], [ -63.648128900000167, -21.637109800000037 ], [ -63.652366000000164, -21.633900100000037 ], [ -63.660440600000165, -21.627970100000038 ], [ -63.668951200000166, -21.627277600000038 ], [ -63.671334000000165, -21.626694500000038 ], [ -63.673735000000164, -21.626585100000039 ], [ -63.677320500000164, -21.626384700000038 ], [ -63.681530300000162, -21.626113600000039 ], [ -63.685801500000167, -21.625807200000043 ], [ -63.691358200000167, -21.625398800000042 ], [ -63.694882200000166, -21.62519010000004 ], [ -63.697242200000154, -21.625010200000041 ], [ -63.701923500000156, -21.624720300000043 ], [ -63.704212900000158, -21.624900800000042 ], [ -63.70896480000016, -21.625552300000042 ], [ -63.71333400000016, -21.626124100000041 ], [ -63.71833200000016, -21.62661620000004 ], [ -63.724392600000158, -21.627367300000039 ], [ -63.729865500000159, -21.627992600000038 ], [ -63.732687900000158, -21.628317800000037 ], [ -63.737179000000161, -21.628857100000037 ], [ -63.742684900000164, -21.629422100000038 ], [ -63.751239800000164, -21.630381600000039 ], [ -63.7608498, -21.631542100000246 ], [ -63.7705487, -21.630540300000245 ], [ -63.7747686, -21.629870900000245 ], [ -63.7828485, -21.628553600000245 ], [ -63.7836567, -21.628293500000247 ], [ -63.7873767, -21.626109300000248 ], [ -63.7900164, -21.62459940000025 ], [ -63.7915811, -21.623746900000249 ], [ -63.801716599999978, -21.6181104 ], [ -63.806853, -21.6152902 ], [ -63.812922799999974, -21.6121856 ], [ -63.815736499999971, -21.6103079 ], [ -63.819467399999972, -21.6083304 ], [ -63.823399499999972, -21.606091 ], [ -63.82634459999997, -21.6043853 ], [ -63.831167199999967, -21.6032182 ], [ -63.834098899999965, -21.6025062 ], [ -63.837631399999964, -21.6015723 ], [ -63.840410099999964, -21.6009638 ], [ -63.845222, -21.5999064 ], [ -63.848419199999967, -21.5991482 ], [ -63.853848, -21.5979063 ], [ -63.855929399999965, -21.5974574 ], [ -63.860730499999967, -21.59638 ], [ -63.864367599999923, -21.5954872 ], [ -63.867580899999922, -21.5955271 ], [ -63.872714599999924, -21.5955022 ], [ -63.875418299999922, -21.5954872 ], [ -63.878510899999924, -21.5954398 ], [ -63.884712199999925, -21.5954897 ], [ -63.888099799999928, -21.5955022 ], [ -63.893190599999926, -21.5955271 ], [ -63.896259099999924, -21.5955022 ], [ -63.898753499999927, -21.5955121 ], [ -63.904391499999925, -21.5954223 ], [ -63.909552099999928, -21.5919931 ], [ -63.916863799999931, -21.5870076 ], [ -63.919717699999929, -21.5850273 ], [ -63.92527519999993, -21.5812012 ], [ -63.927587299999928, -21.5796698 ], [ -63.93036069999993, -21.5777093 ], [ -63.93326279999993, -21.5757538 ], [ -63.93801569999993, -21.5736337 ], [ -63.945000199999932, -21.570875 ], [ -63.952263599999931, -21.567772 ], [ -63.954672199999933, -21.5667043 ], [ -63.956093799999934, -21.5660408 ], [ -63.958384399999936, -21.5632071 ], [ -63.960900299999935, -21.5599742 ], [ -63.966752899999932, -21.5523582 ], [ -63.970288, -21.5484589 ], [ -63.972514299999929, -21.5459143 ], [ -63.973018499999931, -21.545101 ], [ -63.977181299999934, -21.5387616 ], [ -63.978635099999934, -21.5367956 ], [ -63.980453599999933, -21.5342931 ], [ -63.981666, -21.5326813 ], [ -63.984498, -21.528665600000256 ], [ -63.986590500000105, -21.5256984 ], [ -63.9893547, -21.521778600000257 ], [ -63.99224459999995, -21.517680500000104 ], [ -63.9928476, -21.514046200000259 ], [ -63.9934525, -21.510400800000259 ], [ -63.9940609, -21.506734000000257 ], [ -63.9945862, -21.503567800000258 ], [ -63.9949881, -21.501145300000257 ], [ -63.9955365, -21.497840400000257 ], [ -63.996305499999949, -21.493204900000105 ], [ -63.997091800000135, -21.489988800000244 ], [ -63.997797500000132, -21.487102200000244 ], [ -63.99843940000013, -21.484476300000242 ], [ -63.999346000000131, -21.480768100000244 ], [ -64.000251800000129, -21.477062800000244 ], [ -64.000749899999946, -21.475025100000106 ], [ -64.002549700000131, -21.471780300000244 ], [ -64.005092400000137, -21.467786500000244 ], [ -64.008053600000139, -21.463013900000245 ], [ -64.012739399999944, -21.455842100000105 ], [ -64.017355500000136, -21.454127100000246 ], [ -64.023996600000132, -21.451820400000248 ], [ -64.026786100000137, -21.450861800000247 ], [ -64.03514919999995, -21.448113200000105 ], [ -64.044016600000134, -21.445339600000249 ], [ -64.046950899999956, -21.444690500000103 ], [ -64.05478839999995, -21.444845300000104 ], [ -64.056977000000131, -21.445110000000248 ], [ -64.059906000000126, -21.445629200000248 ], [ -64.065592300000134, -21.446597900000249 ], [ -64.067190900000128, -21.446857500000249 ], [ -64.07058119999995, -21.447526600000103 ], [ -64.076581299999944, -21.448010900000103 ], [ -64.083466500000128, -21.448035800000248 ], [ -64.086985600000133, -21.448005900000251 ], [ -64.091910100000135, -21.447756200000249 ], [ -64.095144899999937, -21.447569000000104 ], [ -64.098363500000133, -21.448235600000245 ], [ -64.103990800000133, -21.449214200000245 ], [ -64.108456699999934, -21.450312600000103 ], [ -64.114923500000131, -21.450612200000243 ], [ -64.118474699999936, -21.451044100000104 ], [ -64.123930300000126, -21.455629900000243 ], [ -64.129892799999936, -21.459461700000105 ], [ -64.136222899999936, -21.464267000000106 ], [ -64.137641800000125, -21.465749700000242 ], [ -64.141305700000132, -21.469274200000243 ], [ -64.143982499999936, -21.471430900000104 ], [ -64.144342000000137, -21.471800300000243 ], [ -64.147480100000138, -21.474740600000242 ], [ -64.151685800000138, -21.477865500000242 ], [ -64.154010600000134, -21.479578400000243 ], [ -64.15886339999993, -21.482862400000105 ], [ -64.163739700000136, -21.482772500000241 ], [ -64.165837200000141, -21.482807500000241 ], [ -64.168178799999936, -21.482882300000107 ], [ -64.171555600000133, -21.48457950000024 ], [ -64.175632600000142, -21.486546200000241 ], [ -64.178196800000137, -21.48770930000024 ], [ -64.181978700000144, -21.489673400000243 ], [ -64.18563720000013, -21.49156770000025 ], [ -64.191795600000134, -21.494712300000248 ], [ -64.195314599999932, -21.496556500000107 ], [ -64.198120200000133, -21.497098100000247 ], [ -64.199311100000131, -21.497153000000246 ], [ -64.204777499999935, -21.498026500000108 ], [ -64.212427200000135, -21.498046400000245 ], [ -64.215688700000129, -21.497806800000244 ], [ -64.221444699999935, -21.497861800000109 ], [ -64.225999100000138, -21.498116300000252 ], [ -64.23225400000014, -21.497637100000251 ], [ -64.235488799999942, -21.497622200000109 ], [ -64.239335099999948, -21.497048200000108 ], [ -64.247113499999955, -21.494053400000109 ], [ -64.258207100000135, -21.490559400000251 ], [ -64.262842000000134, -21.48924170000025 ], [ -64.269311400000134, -21.48743470000025 ], [ -64.274396899999957, -21.486014600000107 ], [ -64.279782800000135, -21.484529600000251 ], [ -64.284216499999957, -21.483126900000109 ], [ -64.292257799999959, -21.480708400000108 ], [ -64.295618500000131, -21.480446300000249 ], [ -64.298139800000129, -21.480316500000249 ], [ -64.306006799999963, -21.479777400000106 ], [ -64.30837779999996, -21.480623600000108 ], [ -64.310547700000129, -21.48167430000025 ], [ -64.314021199999956, -21.483359000000107 ], [ -64.3198236, -21.483863000000255 ], [ -64.32662160000001, -21.484453500000257 ], [ -64.3314413, -21.484872100000256 ], [ -64.3377183, -21.485417300000258 ], [ -64.3403579, -21.485646600000258 ], [ -64.3470646, -21.486229100000259 ], [ -64.351175099999963, -21.486586100000107 ], [ -64.3528032, -21.486725900000259 ], [ -64.3596643, -21.48725500000026 ], [ -64.3647855, -21.48790710000026 ], [ -64.366394, -21.488051200000108 ], [ -64.372742799999955, -21.488572800000107 ], [ -64.3798521, -21.489119000000262 ], [ -64.381071, -21.489136800000107 ], [ -64.386314799999951, -21.489673400000108 ], [ -64.393331400000065, -21.490235 ], [ -64.397483500000064, -21.490594400000084 ], [ -64.402923, -21.489865600000083 ], [ -64.40551940000006, -21.489081900000084 ], [ -64.409306700000059, -21.487913900000084 ], [ -64.413539200000059, -21.487908900000082 ], [ -64.419863800000059, -21.487884 ], [ -64.42636550000006, -21.487205100000082 ], [ -64.430968200000066, -21.486775800000082 ], [ -64.434267300000073, -21.486411400000083 ], [ -64.439395700000077, -21.485867400000082 ], [ -64.44314, -21.485448100000081 ], [ -64.44768370000007, -21.484988800000082 ], [ -64.449303700000073, -21.484856500000081 ], [ -64.453015900000068, -21.484499600000081 ], [ -64.456937300000064, -21.484120300000082 ], [ -64.463144, -21.483416400000081 ], [ -64.470348400000077, -21.48257780000008 ], [ -64.472987700000076, -21.48236320000008 ], [ -64.476378, -21.482048700000078 ], [ -64.483528700000079, -21.481275 ], [ -64.485535, -21.481010400000077 ], [ -64.487986600000085, -21.480745800000076 ], [ -64.49242560000009, -21.480111900000075 ], [ -64.497647900000089, -21.479223300000076 ], [ -64.501022100000085, -21.478779100000075 ], [ -64.507556, -21.477778200000074 ], [ -64.512322200000085, -21.477101800000074 ], [ -64.518424300000092, -21.475993600000074 ], [ -64.519057300000085, -21.475928700000072 ], [ -64.52180390000008, -21.475639100000073 ], [ -64.527908600000075, -21.474765500000075 ], [ -64.536920800000075, -21.473427700000073 ], [ -64.541496600000073, -21.472703800000073 ], [ -64.547150700000074, -21.471935 ], [ -64.551474500000069, -21.471246100000073 ], [ -64.555556800000062, -21.470657100000071 ], [ -64.558391900000061, -21.46992070000007 ], [ -64.560985600000066, -21.46923180000007 ], [ -64.563930600000049, -21.468485400000066 ], [ -64.567632100000054, -21.468161 ], [ -64.572165, -21.467611800000061 ], [ -64.576209800000058, -21.467117600000062 ], [ -64.580227700000052, -21.466553400000063 ], [ -64.584116900000055, -21.466059200000064 ], [ -64.588059800000053, -21.46556 ], [ -64.592587400000056, -21.464965900000063 ], [ -64.596557, -21.464172100000063 ], [ -64.600768100000067, -21.463298400000063 ], [ -64.604651900000064, -21.462170100000062 ], [ -64.60863770000006, -21.460927 ], [ -64.612269400000059, -21.459773700000063 ], [ -64.616040600000062, -21.458595500000065 ], [ -64.620562800000059, -21.457557 ], [ -64.625471200000064, -21.456423700000066 ], [ -64.629006400000065, -21.455599900000067 ], [ -64.631506200000061, -21.455030800000067 ], [ -64.634891200000055, -21.454142100000066 ], [ -64.640041, -21.452978800000064 ], [ -64.64793740000006, -21.450796900000064 ], [ -64.654042100000055, -21.449234100000066 ], [ -64.66071010000006, -21.447476600000066 ], [ -64.66513840000006, -21.446368200000066 ], [ -64.666321300000064, -21.446924900000067 ], [ -64.669690100000068, -21.448320400000068 ], [ -64.673209200000073, -21.450058 ], [ -64.676712200000068, -21.451770500000066 ], [ -64.67942660000007, -21.453163500000066 ], [ -64.681432800000067, -21.455659800000067 ], [ -64.683101200000067, -21.457736800000067 ], [ -64.685643900000073, -21.460942 ], [ -64.689205900000076, -21.465400200000065 ], [ -64.692290400000076, -21.466768100000067 ], [ -64.697397400000071, -21.468964700000068 ], [ -64.702080500000065, -21.47111630000007 ], [ -64.705175800000063, -21.472514100000069 ], [ -64.709607299999476, -21.4745986 ], [ -64.712381200000209, -21.475822200000025 ], [ -64.716612899999475, -21.4768116 ], [ -64.720664199999476, -21.4771752 ], [ -64.723645899999482, -21.4805119 ], [ -64.725879300000216, -21.483158500000023 ] ] } },
{ "type": "Feature", "properties": { "id": 526503638.0, "tags.power": "line", "Type": "Way", "Country": "BO", "Length": 55391.391949162185, "tags.cables": "3", "tags.voltage": "115000", "tags.circuits": null, "tags.frequency": "50" }, "geometry": { "type": "LineString", "coordinates": [ [ -67.251662299998955, -15.515940200000051 ], [ -67.255473699998959, -15.51735260000005 ], [ -67.25812379999897, -15.518337200000051 ], [ -67.260439799998963, -15.519156500000051 ], [ -67.271660899998963, -15.52319980000005 ], [ -67.277162099998961, -15.52520140000005 ], [ -67.280863499998958, -15.52655560000005 ], [ -67.285205499998966, -15.528098 ], [ -67.287909699998963, -15.529114 ], [ -67.298517799998962, -15.53297880000005 ], [ -67.303211699998968, -15.53467790000005 ], [ -67.313362499998973, -15.538405600000051 ], [ -67.320065399998967, -15.540828300000051 ], [ -67.327040399998964, -15.54339820000005 ], [ -67.330280499998963, -15.544546800000051 ], [ -67.334706199998962, -15.546182600000051 ], [ -67.339402699998956, -15.547894500000051 ], [ -67.343753299998951, -15.548684 ], [ -67.348296899998957, -15.549492800000051 ], [ -67.354721899998964, -15.55091370000005 ], [ -67.35609809999896, -15.551242100000051 ], [ -67.363020899998958, -15.55259360000005 ], [ -67.370154299998958, -15.55399150000005 ], [ -67.372751499998969, -15.557677400000051 ], [ -67.375992899998963, -15.562166600000051 ], [ -67.379345099998957, -15.566783500000049 ], [ -67.380960899998954, -15.56903230000005 ], [ -67.382928299998952, -15.571768500000049 ], [ -67.384652899998954, -15.57394150000005 ], [ -67.387749599998955, -15.578448700000051 ], [ -67.390026699998955, -15.581622800000051 ], [ -67.391558299998962, -15.583737500000051 ], [ -67.39393669999896, -15.58706010000005 ], [ -67.398494499999742, -15.593427100000039 ], [ -67.40029359999896, -15.59591230000005 ], [ -67.402137799998968, -15.598375100000052 ], [ -67.405497699999742, -15.603231100000039 ], [ -67.406827499999736, -15.604930900000038 ], [ -67.408700299999737, -15.607418700000039 ], [ -67.411248899999734, -15.610701 ], [ -67.414388799999728, -15.614831600000038 ], [ -67.415391799998957, -15.616055600000051 ], [ -67.418125199998954, -15.619270100000051 ], [ -67.421210099999726, -15.623155700000037 ], [ -67.42334519999973, -15.625813700000037 ], [ -67.424409999999725, -15.627415200000037 ], [ -67.425342099999725, -15.628634400000037 ], [ -67.428143499998953, -15.632400100000051 ], [ -67.431061899999719, -15.636081100000036 ], [ -67.435431199999712, -15.641779 ], [ -67.437362399999714, -15.644354200000036 ], [ -67.439073599999716, -15.646441100000036 ], [ -67.441441999999711, -15.649553400000036 ], [ -67.443906999999712, -15.652595800000036 ], [ -67.450926299999708, -15.656051500000036 ], [ -67.454152999999707, -15.657652800000037 ], [ -67.456282699999704, -15.658926 ], [ -67.457173199999701, -15.659455500000037 ], [ -67.458899199999706, -15.660414900000037 ], [ -67.46822659999971, -15.665271500000037 ], [ -67.469876099999709, -15.666232300000036 ], [ -67.474588799999708, -15.669979500000036 ], [ -67.475098399999709, -15.670738800000036 ], [ -67.478157399999702, -15.675602900000037 ], [ -67.480055099999703, -15.678850300000036 ], [ -67.480929499999704, -15.680058900000036 ], [ -67.483579499999706, -15.683834300000036 ], [ -67.484652399999703, -15.685146100000036 ], [ -67.48776909999971, -15.689590200000037 ], [ -67.489589399999716, -15.692879900000037 ], [ -67.49140079999971, -15.695963200000037 ], [ -67.491392799999716, -15.696838600000037 ], [ -67.491331099999712, -15.699913900000038 ], [ -67.491027999999716, -15.710452600000039 ], [ -67.490775899999718, -15.717926100000039 ], [ -67.490676599999716, -15.720438300000039 ], [ -67.490663199999716, -15.721331600000038 ], [ -67.49169049999972, -15.724264600000039 ], [ -67.493453499999717, -15.729298 ], [ -67.495833099999714, -15.735989400000038 ], [ -67.496604699999708, -15.738154100000038 ], [ -67.49784219999971, -15.741961 ], [ -67.500225299999627, -15.748485900000023 ], [ -67.501239199999631, -15.751790300000023 ], [ -67.503014799999633, -15.757136500000023 ], [ -67.50334469999963, -15.757926400000022 ], [ -67.504522199999627, -15.761202100000022 ], [ -67.505589699999632, -15.764315200000022 ], [ -67.506603599999622, -15.767299200000023 ], [ -67.507676499999619, -15.770432900000023 ], [ -67.510578599999633, -15.776571 ], [ -67.511292099999636, -15.778057700000021 ], [ -67.512571499999638, -15.780817 ], [ -67.513872399999642, -15.78369750000002 ], [ -67.514387399999634, -15.78468340000002 ], [ -67.518566299999634, -15.79186130000002 ], [ -67.522959699999632, -15.799592400000021 ], [ -67.525334799999627, -15.803683100000022 ], [ -67.527078199999622, -15.806640700000022 ], [ -67.529505599999624, -15.810630500000022 ], [ -67.532245499999618, -15.815320900000021 ], [ -67.535485599999618, -15.820853800000021 ], [ -67.536853599999617, -15.823795700000021 ], [ -67.537937199999618, -15.826438200000021 ], [ -67.538586299999622, -15.827320700000021 ], [ -67.541440099999619, -15.831253400000021 ], [ -67.543422299999619, -15.83388030000002 ], [ -67.545389699999618, -15.836407800000019 ], [ -67.551090699999875, -15.844315299999833 ], [ -67.552909299999868, -15.844397899999832 ], [ -67.557152499999873, -15.844459799999832 ], [ -67.55973140000026, -15.843791100000152 ], [ -67.560201099999873, -15.843669299999831 ], [ -67.560725199999879, -15.844279199999832 ] ] } },
{ "type": "Feature", "properties": { "id": 531275906.0, "tags.power": "line", "Type": "Way", "Country": "BO", "Length": 24707.114822380467, "tags.cables": null, "tags.voltage": "230000", "tags.circuits": null, "tags.frequency": null }, "geometry": { "type": "LineString", "coordinates": [ [ -65.975893700000185, -17.654409400000215 ], [ -65.972854800000178, -17.654634400000216 ], [ -65.967793500000184, -17.655007500000217 ], [ -65.962560500000166, -17.655396000000209 ], [ -65.957716400000166, -17.655815200000209 ], [ -65.953293400000163, -17.656144900000211 ], [ -65.948189200000158, -17.65653340000021 ], [ -65.944442200000154, -17.656837500000211 ], [ -65.940952600000159, -17.657126300000211 ], [ -65.936189000000155, -17.657494400000211 ], [ -65.932584100000156, -17.657773000000212 ], [ -65.928665400000156, -17.658095000000213 ], [ -65.925331400000161, -17.658342900000214 ], [ -65.920377400000163, -17.658723700000213 ], [ -65.916386200000161, -17.659050900000214 ], [ -65.913185000000155, -17.659279600000215 ], [ -65.907824600000154, -17.659725600000215 ], [ -65.905349000000157, -17.659912200000214 ], [ -65.903271600000153, -17.660048900000213 ], [ -65.898199500000146, -17.658253500000214 ], [ -65.893917400000149, -17.656745500000213 ], [ -65.889633900000149, -17.655229900000212 ], [ -65.885417500000145, -17.653750000000212 ], [ -65.880991800000146, -17.652175600000213 ], [ -65.876493800000148, -17.650606200000212 ], [ -65.872089600000152, -17.649054800000211 ], [ -65.867916100000159, -17.649583900000213 ], [ -65.863865900000164, -17.650115500000211 ], [ -65.857747800000169, -17.650925700000212 ], [ -65.853606500000168, -17.651459900000212 ], [ -65.852107100000168, -17.651654200000213 ], [ -65.849221100000165, -17.650815800000213 ], [ -65.84584950000017, -17.649770500000212 ], [ -65.843387200000166, -17.648980700000212 ], [ -65.836215000000166, -17.646744200000214 ], [ -65.831381700000165, -17.645231000000212 ], [ -65.825684700000167, -17.643089100000211 ], [ -65.821607700000172, -17.640829500000212 ], [ -65.817608500000176, -17.63786950000021 ], [ -65.814937100000179, -17.63595240000021 ], [ -65.811879300000186, -17.633728600000211 ], [ -65.809044200000187, -17.631750100000211 ], [ -65.805955700000183, -17.629510800000212 ], [ -65.804138500000178, -17.627744500000212 ], [ -65.801488500000175, -17.62510130000021 ], [ -65.798479000000171, -17.62211040000021 ], [ -65.794458400000167, -17.617999700000212 ], [ -65.789421200000177, -17.619947700000218 ], [ -65.782493100000181, -17.622633200000216 ], [ -65.780025400000184, -17.623580300000217 ], [ -65.778799700000178, -17.624066000000216 ], [ -65.776769200000174, -17.623268400000217 ], [ -65.77320460000017, -17.621732000000218 ], [ -65.769803500000165, -17.62035160000022 ] ] } },
{ "type": "Feature", "properties": { "id": 531974262.0, "tags.power": "line", "Type": "Way", "Country": "BO", "Length": 14797.108624229764, "tags.cables": null, "tags.voltage": "230000", "tags.circuits": null, "tags.frequency": null }, "geometry": { "type": "LineString", "coordinates": [ [ -65.769803500000165, -17.62035160000022 ], [ -65.767915300000297, -17.619687 ], [ -65.762092200000296, -17.6172712 ], [ -65.758876200000302, -17.6159853 ], [ -65.752715200000296, -17.6135234 ], [ -65.749244400000293, -17.6140935 ], [ -65.741576000000293, -17.6153615 ], [ -65.737835600000295, -17.6159738 ], [ -65.734065800000295, -17.616595 ], [ -65.730911500000289, -17.6171254 ], [ -65.724892600000288, -17.6181199 ], [ -65.722543000000286, -17.6184957 ], [ -65.714922800000281, -17.6197764 ], [ -65.712935300000154, -17.620085700000171 ], [ -65.707831100000277, -17.620937 ], [ -65.704993300000282, -17.6214048 ], [ -65.697559600000275, -17.6218675 ], [ -65.694248400000276, -17.6221385 ], [ -65.68713520000027, -17.6234064 ], [ -65.683103800000268, -17.6241452 ], [ -65.679136800000265, -17.6248738 ], [ -65.672155000000259, -17.6260458 ], [ -65.667313600000256, -17.627085 ], [ -65.663366800000261, -17.6277764 ], [ -65.659191900000266, -17.6285292 ], [ -65.654884300000262, -17.6292987 ], [ -65.651640800000266, -17.6317367 ], [ -65.646872500000271, -17.635509 ], [ -65.643137199999572, -17.638352099999853 ] ] } },
{ "type": "Feature", "properties": { "id": 541081225.0, "tags.power": "line", "Type": "Way", "Country": "BO", "Length": 143477.42400369563, "tags.cables": "3", "tags.voltage": "115000", "tags.circuits": null, "tags.frequency": "50" }, "geometry": { "type": "LineString", "coordinates": [ [ -66.770064999999875, -14.904989 ], [ -66.769937599999878, -14.904471899999921 ], [ -66.76679129999988, -14.90294129999992 ], [ -66.762723799999875, -14.900954499999921 ], [ -66.758662899999877, -14.898961899999922 ], [ -66.754734799999881, -14.897054799999921 ], [ -66.750998499999881, -14.895217 ], [ -66.747050299999884, -14.89328589999992 ], [ -66.742911599999886, -14.89182919999992 ], [ -66.738708599999882, -14.89032829999992 ], [ -66.734376799999879, -14.88880669999992 ], [ -66.730710299999885, -14.88750809999992 ], [ -66.726898899999881, -14.88617049999992 ], [ -66.72301229999988, -14.88478889999992 ], [ -66.719278699999876, -14.88483809999992 ], [ -66.714826199999877, -14.884866599999921 ], [ -66.710730499999883, -14.884832899999921 ], [ -66.70676349999988, -14.884965099999921 ], [ -66.702657099999001, -14.885037300000086 ], [ -66.698303799999877, -14.885087 ], [ -66.693867399999874, -14.885115499999921 ], [ -66.689369399999876, -14.885144 ], [ -66.684868599999874, -14.885247699999923 ], [ -66.680416199999868, -14.885286599999922 ], [ -66.676140699999863, -14.885356599999922 ], [ -66.672235399999863, -14.885395399999922 ], [ -66.668657399999859, -14.885426499999921 ], [ -66.666182999999862, -14.887850199999921 ], [ -66.663209799999862, -14.89091929999992 ], [ -66.660189599999867, -14.89389249999992 ], [ -66.657233799999872, -14.896800799999919 ], [ -66.654328999999876, -14.899672799999919 ], [ -66.651429499999878, -14.90256549999992 ], [ -66.648465699999875, -14.905522899999919 ], [ -66.645448199999876, -14.908477699999919 ], [ -66.642229599999879, -14.911429899999918 ], [ -66.639029699999881, -14.914314599999917 ], [ -66.635843199999883, -14.917243399999917 ], [ -66.632573599999887, -14.920255099999917 ], [ -66.629684899999887, -14.922867599999917 ], [ -66.626927599999888, -14.925371199999917 ], [ -66.624154199999893, -14.927905899999917 ], [ -66.621715999999893, -14.930111399999918 ], [ -66.618722699999893, -14.930982199999917 ], [ -66.615050699999898, -14.932057699999918 ], [ -66.611646999999891, -14.933094399999918 ], [ -66.608296899999885, -14.934076599999917 ], [ -66.604482799999886, -14.935196199999918 ], [ -66.600628499999885, -14.936339099999918 ], [ -66.59701819999988, -14.937367899999918 ], [ -66.593158499999873, -14.938505599999917 ], [ -66.589143299999876, -14.939692499999918 ], [ -66.585160199999876, -14.940892399999917 ], [ -66.58128979999988, -14.941973099999917 ], [ -66.577430099999873, -14.943139299999917 ], [ -66.573353099999878, -14.944346899999918 ], [ -66.569171599999876, -14.945596 ], [ -66.564995399999873, -14.946806199999918 ], [ -66.561213399999872, -14.947925699999917 ], [ -66.557285299999876, -14.947421699999918 ], [ -66.553002199999, -14.946852700000086 ], [ -66.548684799999876, -14.946319 ], [ -66.544387899999876, -14.945759299999917 ], [ -66.540048099999879, -14.945181399999917 ], [ -66.535724399999879, -14.944606099999918 ], [ -66.531534799999875, -14.944069599999917 ], [ -66.527428299999869, -14.943528 ], [ -66.523294999999862, -14.942991599999917 ], [ -66.519212699999869, -14.942483599999917 ], [ -66.515076799999875, -14.941926399999918 ], [ -66.511359199999873, -14.941462599999918 ], [ -66.50758799999987, -14.940949399999917 ], [ -66.503411799999867, -14.940407799999917 ], [ -66.499967899999874, -14.939972399999917 ], [ -66.496360299999878, -14.939334899999917 ], [ -66.492095599999885, -14.938583399999917 ], [ -66.48792739999989, -14.937857699999917 ], [ -66.483649299999897, -14.937095799999916 ], [ -66.47950259999989, -14.936365 ], [ -66.47550609999989, -14.935673 ], [ -66.471227999999897, -14.934916299999916 ], [ -66.4668103999999, -14.934081799999916 ], [ -66.462379399999904, -14.933384599999917 ], [ -66.457961799999907, -14.932581199999916 ], [ -66.4537104999999, -14.931816699999915 ], [ -66.449657699999904, -14.931098799999916 ], [ -66.445739, -14.930409399999915 ], [ -66.441637899999904, -14.929691499999915 ], [ -66.437504599999897, -14.928968499999915 ], [ -66.433395399999895, -14.928242799999914 ], [ -66.429471399999898, -14.927574099999914 ], [ -66.425378299999892, -14.926822599999914 ], [ -66.421497199999891, -14.926096899999914 ], [ -66.418294599999896, -14.924386299999915 ], [ -66.414772899999903, -14.922393299999914 ], [ -66.411310099999909, -14.920426099999915 ], [ -66.407675699999913, -14.918368299999916 ], [ -66.404009199999919, -14.916287 ], [ -66.400337199999925, -14.914211 ], [ -66.396678699999924, -14.912142699999915 ], [ -66.393012099999922, -14.910076899999915 ], [ -66.389259699999926, -14.907941199999915 ], [ -66.385589099999919, -14.905872799999914 ], [ -66.382184, -14.903937899999914 ], [ -66.378188899999927, -14.901684199999913 ], [ -66.374703299999922, -14.899684499999912 ], [ -66.371478, -14.897868699999913 ], [ -66.367787299999918, -14.895764 ], [ -66.364173, -14.893726599999912 ], [ -66.360652599999923, -14.891744899999912 ], [ -66.357133499999918, -14.889743799999913 ], [ -66.353534, -14.887690799999913 ], [ -66.349930499999914, -14.885662399999912 ], [ -66.34617, -14.883516099999913 ], [ -66.342203, -14.881276399999912 ], [ -66.338214599999915, -14.879021099999912 ], [ -66.334250299999908, -14.876773599999913 ], [ -66.330336899999907, -14.874546799999912 ], [ -66.32657109999991, -14.872400399999911 ], [ -66.322907199999904, -14.87032909999991 ], [ -66.319229899999897, -14.86825249999991 ], [ -66.3155552999999, -14.866163099999911 ], [ -66.311912799999902, -14.864094299999911 ], [ -66.308313299999895, -14.862061799999911 ], [ -66.3047056999999, -14.86002409999991 ], [ -66.301039199999906, -14.85793189999991 ], [ -66.297412799999904, -14.855889 ], [ -66.293751599999908, -14.85380979999991 ], [ -66.290141299999902, -14.851759 ], [ -66.286547199999902, -14.849731599999911 ], [ -66.2829207999999, -14.849018599999912 ], [ -66.278521999999896, -14.848170799999911 ], [ -66.274227799999892, -14.847364499999911 ], [ -66.269895999999889, -14.84655819999991 ], [ -66.265497199999885, -14.84574149999991 ], [ -66.261248599999888, -14.84495329999991 ], [ -66.257147499999888, -14.84418329999991 ], [ -66.253067899999891, -14.84342109999991 ], [ -66.249084799999892, -14.84267959999991 ], [ -66.24514459999989, -14.84194059999991 ], [ -66.241241999999886, -14.841206899999911 ], [ -66.237336699999886, -14.84047569999991 ], [ -66.233460899999884, -14.83971869999991 ], [ -66.229531499999879, -14.83899009999991 ], [ -66.22553499999988, -14.83825369999991 ], [ -66.221554599999877, -14.837507 ], [ -66.217528599999881, -14.83677589999991 ], [ -66.213464999999886, -14.83600059999991 ], [ -66.209141299999885, -14.835212399999909 ], [ -66.204833699999881, -14.834408599999909 ], [ -66.200711099999879, -14.833630799999909 ], [ -66.196714599999879, -14.83289439999991 ], [ -66.192546499999878, -14.832114 ], [ -66.188289799999879, -14.83131279999991 ], [ -66.184470399999881, -14.830602399999909 ], [ -66.180288799999886, -14.82981409999991 ], [ -66.176305699999887, -14.82909329999991 ], [ -66.172032999999885, -14.82829729999991 ], [ -66.167781699999878, -14.82747279999991 ], [ -66.163532999999873, -14.82671049999991 ], [ -66.158992099999878, -14.82582629999991 ], [ -66.154856099999876, -14.825126199999911 ], [ -66.151269999999869, -14.82444939999991 ], [ -66.147812599999867, -14.82381419999991 ], [ -66.14451619999987, -14.82320479999991 ], [ -66.140879099999864, -14.82425239999991 ], [ -66.136708299999867, -14.82543729999991 ], [ -66.132545499999864, -14.826637899999911 ], [ -66.128259299999868, -14.827890199999912 ], [ -66.123916799999861, -14.829142599999912 ], [ -66.119751299999862, -14.830348299999912 ], [ -66.115642199999868, -14.831522799999911 ], [ -66.111409699999868, -14.832733699999912 ], [ -66.107160999999863, -14.833965299999912 ], [ -66.102944599999859, -14.835181299999912 ], [ -66.098899799999856, -14.836348099999912 ], [ -66.094822899999855, -14.837504399999911 ], [ -66.090611799999849, -14.838686699999911 ], [ -66.086473199999844, -14.839837899999912 ], [ -66.082380099999838, -14.840996899999912 ], [ -66.078372899999835, -14.842166199999912 ], [ -66.074370999999829, -14.843322499999912 ], [ -66.070377199999825, -14.844442599999912 ], [ -66.066520199999829, -14.845534099999911 ], [ -66.062402999999833, -14.846731899999911 ], [ -66.058165099999826, -14.847924499999911 ], [ -66.053937999999832, -14.849127499999911 ], [ -66.049622299999825, -14.850390099999911 ], [ -66.045676799999825, -14.851517899999912 ], [ -66.042106799999829, -14.852529 ], [ -66.038375799999827, -14.853602399999911 ], [ -66.034293499999833, -14.854574599999911 ], [ -66.02983299999984, -14.855634899999911 ], [ -66.025329499999842, -14.856672 ], [ -66.020992399999841, -14.857734899999912 ], [ -66.016971799999837, -14.858681199999912 ], [ -66.012980599999835, -14.859635199999913 ], [ -66.008823199999838, -14.860620399999913 ], [ -66.004794499999832, -14.861584799999914 ], [ -66.000527099999829, -14.862567299999913 ], [ -65.996281199999828, -14.863593899999913 ], [ -65.992072799999832, -14.864529799999913 ], [ -65.987773199999836, -14.865577199999912 ], [ -65.983358299999836, -14.866658199999911 ], [ -65.979023899999831, -14.867677 ], [ -65.974689399999832, -14.868721799999912 ], [ -65.970867299999838, -14.869585 ], [ -65.968477399999841, -14.871500799999913 ], [ -65.968203799999841, -14.874759399999913 ], [ -65.967871299999842, -14.878930399999913 ], [ -65.967487699999836, -14.883249099999913 ], [ -65.967090699999829, -14.887606599999913 ], [ -65.966755499999834, -14.891655499999914 ], [ -65.966406799999831, -14.895719899999914 ], [ -65.966041999999831, -14.900017499999914 ], [ -65.965736199999824, -14.903573799999913 ], [ -65.96413489999982, -14.905484 ], [ -65.960816999999821, -14.906593399999913 ], [ -65.956638199999816, -14.907985299999913 ], [ -65.952574599999821, -14.909333099999913 ], [ -65.94858889999982, -14.910761199999913 ], [ -65.944793499999818, -14.912163399999912 ], [ -65.941041099999822, -14.913544899999913 ], [ -65.937066099999825, -14.915014399999913 ], [ -65.933023999999818, -14.916468499999914 ], [ -65.928933599999823, -14.917868 ], [ -65.924609899999822, -14.919402399999914 ], [ -65.921031799999824, -14.920695699999914 ], [ -65.918065299999824, -14.922618799999915 ], [ -65.914688399999818, -14.924829499999914 ], [ -65.911096899999819, -14.927169799999914 ], [ -65.907457199999826, -14.929525699999914 ], [ -65.904007899999826, -14.931803699999914 ], [ -65.900590699999825, -14.934042899999914 ], [ -65.897085099999828, -14.936331299999914 ], [ -65.893753799999828, -14.938508199999914 ], [ -65.890677299999822, -14.940508899999914 ], [ -65.887372799999824, -14.942636499999914 ], [ -65.884264099999825, -14.944686399999913 ], [ -65.884164899999831, -14.948203 ], [ -65.884070999999835, -14.952248199999913 ], [ -65.883942199999836, -14.956399599999912 ], [ -65.883824199999836, -14.960545699999912 ], [ -65.882103599999837, -14.963188799999912 ], [ -65.879189399999831, -14.964590699999912 ], [ -65.875793699999832, -14.966254199999911 ], [ -65.872054699999836, -14.96809659999991 ], [ -65.868186999999836, -14.970021799999911 ], [ -65.86448549999983, -14.971833099999911 ], [ -65.860569499999826, -14.97374269999991 ], [ -65.85672319999982, -14.97563169999991 ], [ -65.852442399999816, -14.97772269999991 ], [ -65.850524599999815, -14.97865809999991 ], [ -65.847171799999813, -14.97868139999991 ], [ -65.84272469999982, -14.978699499999911 ], [ -65.83840099999982, -14.97871769999991 ], [ -65.834232899999819, -14.978746199999911 ], [ -65.829614099999816, -14.978764299999911 ], [ -65.825169699999819, -14.978782399999911 ], [ -65.820923699999824, -14.978808299999912 ], [ -65.816640299999818, -14.978823899999911 ], [ -65.812429199999812, -14.978842 ], [ -65.80821539999981, -14.978857599999911 ], [ -65.803921199999806, -14.978875699999911 ], [ -65.799913999999802, -14.978893799999911 ], [ -65.795252299999802, -14.97890939999991 ], [ -65.7911028999998, -14.978912 ], [ -65.787031399999805, -14.978919799999911 ], [ -65.782447499999805, -14.978943099999912 ], [ -65.777884999999799, -14.978943099999912 ], [ -65.773845599999802, -14.978956 ], [ -65.770103899999796, -14.980318899999912 ], [ -65.766206699999799, -14.981757 ], [ -65.762151199999792, -14.98323639999991 ], [ -65.758033999999796, -14.98475219999991 ], [ -65.753989199999793, -14.986229 ], [ -65.750054399999797, -14.987685199999911 ], [ -65.7459747999998, -14.98916979999991 ], [ -65.742149999999796, -14.990576699999909 ], [ -65.738153499999797, -14.992040499999909 ], [ -65.734065799999797, -14.99354329999991 ], [ -65.729902999999794, -14.99506149999991 ], [ -65.725820699999801, -14.996540899999909 ], [ -65.722379399999795, -14.997820799999909 ], [ -65.7204669999998, -15.00013179999991 ], [ -65.718157599999799, -15.00293759999991 ], [ -65.715684599999804, -15.00591959999991 ], [ -65.71323839999981, -15.00890929999991 ], [ -65.710599099999811, -15.012106199999911 ], [ -65.707943699999817, -15.01532639999991 ], [ -65.705333999999823, -15.018497299999911 ], [ -65.702686599999836, -15.021725099999909 ], [ -65.700068799999841, -15.024901099999909 ], [ -65.697627999999838, -15.027947599999909 ], [ -65.693862099999834, -15.028141799999908 ], [ -65.689938099999836, -15.028219599999908 ], [ -65.685874499999841, -15.028367199999908 ], [ -65.682205299999836, -15.028494099999907 ], [ -65.678865899999835, -15.026605699999907 ], [ -65.674882799999835, -15.024375299999907 ], [ -65.670929299999841, -15.022126699999907 ], [ -65.666980999999836, -15.019935099999907 ], [ -65.663174999999839, -15.017784899999906 ], [ -65.659537899999833, -15.015746099999907 ], [ -65.655953099999834, -15.013724099999907 ], [ -65.652329499999837, -15.011702099999907 ], [ -65.648806399999842, -15.009694299999907 ], [ -65.645292699999843, -15.007725299999906 ], [ -65.641674399999843, -15.005682499999907 ], [ -65.638002499999843, -15.003617699999907 ], [ -65.634390899999843, -15.001571 ], [ -65.631416299999842, -15.000035899999908 ], [ -65.630765899999844, -15.000446599999908 ] ] } },
{ "type": "Feature", "properties": { "id": 541081226.0, "tags.power": "line", "Type": "Way", "Country": "BO", "Length": 87776.263724448247, "tags.cables": "3", "tags.voltage": "115000", "tags.circuits": null, "tags.frequency": "50" }, "geometry": { "type": "LineString", "coordinates": [ [ -65.630317899999852, -15.000779499999908 ], [ -65.629883399999855, -15.001069699999908 ], [ -65.629257099999862, -15.001503599999909 ], [ -65.625784999999865, -15.002036 ], [ -65.621434499999864, -15.00276659999991 ], [ -65.617299799999401, -15.003284800000017 ], [ -65.613537999999394, -15.003862500000016 ], [ -65.60976419999939, -15.004404 ], [ -65.605590599999388, -15.005055600000016 ], [ -65.601769199999381, -15.005632 ], [ -65.597676799999377, -15.006268100000016 ], [ -65.593403999999381, -15.006909300000016 ], [ -65.589147399999376, -15.007559500000017 ], [ -65.584910799999378, -15.008189100000017 ], [ -65.58072659999938, -15.008823800000018 ], [ -65.57642299999938, -15.009459800000018 ], [ -65.572022799999374, -15.010130800000018 ], [ -65.567719999999284, -15.010777100000016 ], [ -65.56409689999937, -15.011321200000019 ], [ -65.561855899999372, -15.009886 ], [ -65.559079799999367, -15.008209800000019 ], [ -65.556264799999369, -15.00650770000002 ], [ -65.553235299999372, -15.00472910000002 ], [ -65.549747099999365, -15.002595600000021 ], [ -65.546014799999369, -15.00031060000002 ], [ -65.542277099999367, -14.998051400000021 ], [ -65.538390599999374, -14.995802500000021 ], [ -65.534632799999372, -14.993531600000022 ], [ -65.531068099999374, -14.991356500000022 ], [ -65.527723399999374, -14.989300600000021 ], [ -65.524244599999378, -14.987224 ], [ -65.520512299999382, -14.984916700000021 ], [ -65.516712999999385, -14.982614600000021 ], [ -65.512967099999287, -14.980365800000015 ], [ -65.509531399999389, -14.978269400000022 ], [ -65.506268399999385, -14.978024500000021 ], [ -65.502722599999387, -14.977752500000021 ], [ -65.498579899999385, -14.977365100000021 ], [ -65.496059999999389, -14.975233900000021 ], [ -65.492689799999383, -14.97241610000002 ], [ -65.488986999999383, -14.96928340000002 ], [ -65.485407799999294, -14.966307 ], [ -65.48201049999939, -14.96346480000002 ], [ -65.478760999999395, -14.960712800000021 ], [ -65.475473999999394, -14.95796220000002 ], [ -65.472057499999394, -14.95571870000002 ], [ -65.468960899999388, -14.953744700000019 ], [ -65.465463999999386, -14.951568 ], [ -65.46182019999938, -14.949364 ], [ -65.458100699999378, -14.947107500000019 ], [ -65.454419999999374, -14.94485740000002 ], [ -65.450581099999368, -14.942506300000019 ], [ -65.446811899999375, -14.94024390000002 ], [ -65.443675099999382, -14.938369600000019 ], [ -65.440123799999384, -14.937365300000019 ], [ -65.436081699999377, -14.93627560000002 ], [ -65.432192499999374, -14.935206500000019 ], [ -65.42789159999937, -14.93407790000002 ], [ -65.423482099999376, -14.932915600000019 ], [ -65.419356799999377, -14.93178110000002 ], [ -65.415424699999377, -14.930726900000019 ], [ -65.411210999999383, -14.929543200000019 ], [ -65.406808099999381, -14.928354200000019 ], [ -65.402499099999375, -14.92718670000002 ], [ -65.398191499999371, -14.926036 ], [ -65.393917399999367, -14.924877500000019 ], [ -65.389812299999363, -14.923699500000019 ], [ -65.386180599999363, -14.922723700000018 ], [ -65.382542799999356, -14.921746700000018 ], [ -65.378678399999359, -14.920695700000017 ], [ -65.374795899999356, -14.919651200000017 ], [ -65.370778699999349, -14.918547700000017 ], [ -65.366655399999345, -14.917438500000017 ], [ -65.363054599999344, -14.916477500000017 ], [ -65.359276699999342, -14.915157 ], [ -65.354959699999341, -14.913560400000017 ], [ -65.350768699999335, -14.912066200000018 ], [ -65.346635399999329, -14.910555100000018 ], [ -65.342404199999322, -14.909024600000018 ], [ -65.338379599999328, -14.907577 ], [ -65.33422149999933, -14.906067900000018 ], [ -65.330112999999329, -14.904589800000018 ], [ -65.326175499999323, -14.903173300000018 ], [ -65.322153599999325, -14.901712700000019 ], [ -65.318626499999326, -14.900441300000018 ], [ -65.315717599999331, -14.899391600000019 ], [ -65.312026899999324, -14.89981790000002 ], [ -65.307737999999318, -14.90030140000002 ], [ -65.303365999999315, -14.900821100000019 ], [ -65.29875799999931, -14.901329100000019 ], [ -65.294426199999307, -14.901838400000019 ], [ -65.290215199999309, -14.902311500000019 ], [ -65.286820799999305, -14.902722300000018 ], [ -65.283730299999306, -14.901565 ], [ -65.279881999999304, -14.900117300000019 ], [ -65.275717799999299, -14.898540100000019 ], [ -65.271577799999292, -14.89696670000002 ], [ -65.267524999999296, -14.895456800000019 ], [ -65.263559399999295, -14.89395410000002 ], [ -65.259558899999291, -14.892448700000021 ], [ -65.255704499999297, -14.89102950000002 ], [ -65.251895799999303, -14.889647900000019 ], [ -65.247994499999308, -14.888208 ], [ -65.243933599999309, -14.886742100000021 ], [ -65.240169199999315, -14.88536170000002 ], [ -65.236249099999313, -14.88392050000002 ], [ -65.232202999999316, -14.882438400000019 ], [ -65.228126099999315, -14.880955 ], [ -65.224754499999321, -14.87972230000002 ], [ -65.221162999999322, -14.87840680000002 ], [ -65.217088799999317, -14.87690060000002 ], [ -65.212874999999315, -14.875360200000021 ], [ -65.208920099999318, -14.873917500000021 ], [ -65.205080499999312, -14.87251960000002 ], [ -65.201181899999312, -14.871080800000019 ], [ -65.197285999999309, -14.869670600000019 ], [ -65.193280099999313, -14.868194200000019 ], [ -65.189203199999312, -14.866699700000019 ], [ -65.185066499999309, -14.865187700000019 ], [ -65.181090199999304, -14.86372880000002 ], [ -65.1770312999993, -14.86224460000002 ], [ -65.172919499999296, -14.860743500000019 ], [ -65.169033599999295, -14.859316300000019 ], [ -65.165027799999294, -14.85783990000002 ], [ -65.1608092999993, -14.856294700000019 ], [ -65.156741699999301, -14.854803400000019 ], [ -65.152696999999307, -14.853326300000019 ], [ -65.149007599999308, -14.852080500000019 ], [ -65.145576999999307, -14.851005900000018 ], [ -65.141891699999306, -14.849874200000018 ], [ -65.138034699999309, -14.849918300000018 ], [ -65.134023399999307, -14.849970100000018 ], [ -65.129887499999313, -14.850007700000019 ], [ -65.125853399999315, -14.850032400000019 ], [ -65.121733499999308, -14.850092 ], [ -65.117686099999304, -14.85012960000002 ], [ -65.113622499999309, -14.85017110000002 ], [ -65.109571699999307, -14.850229400000019 ], [ -65.106748699999301, -14.85024950000002 ], [ -65.103466399999306, -14.85161130000002 ], [ -65.0993866999993, -14.853281500000019 ], [ -65.095187099999293, -14.85501990000002 ], [ -65.091085999999294, -14.85669850000002 ], [ -65.086883599999297, -14.85841030000002 ], [ -65.082704699999297, -14.86014340000002 ], [ -65.078509699999302, -14.86186870000002 ], [ -65.074317499999296, -14.863603 ], [ -65.070118499999296, -14.865306300000022 ], [ -65.065918799999295, -14.867030200000022 ], [ -65.062242199999289, -14.868550700000021 ], [ -65.058590299999295, -14.869928500000022 ], [ -65.055399799999293, -14.872008900000022 ], [ -65.052152999999294, -14.873960900000021 ], [ -65.049249499999291, -14.875687400000022 ], [ -65.046496199999297, -14.875166400000021 ], [ -65.037867599999302, -14.873563 ], [ -65.034049499999298, -14.87279440000002 ], [ -65.030645699999297, -14.87196870000002 ], [ -65.027081099999293, -14.87103680000002 ], [ -65.023734999999292, -14.870947300000021 ], [ -65.019423399999297, -14.87084620000002 ], [ -65.015582399999303, -14.87073990000002 ], [ -65.0113149999993, -14.87085530000002 ], [ -65.007816099999303, -14.87091230000002 ], [ -65.002946599999305, -14.872216900000019 ], [ -64.999628699999306, -14.873102900000019 ], [ -64.996417399999302, -14.873939600000019 ], [ -64.992805099999302, -14.874937 ], [ -64.989626699999306, -14.875738 ], [ -64.986157299999306, -14.875150800000018 ], [ -64.982243899999304, -14.874480700000017 ], [ -64.978117299999298, -14.873796300000016 ], [ -64.974474899999294, -14.873176800000016 ], [ -64.971218699999298, -14.871040700000016 ], [ -64.967829699999299, -14.869980400000015 ], [ -64.963762199999294, -14.869383500000016 ], [ -64.959872999999291, -14.868780100000016 ], [ -64.955884499999286, -14.868176100000017 ], [ -64.952639699999281, -14.867527300000017 ], [ -64.948862499999279, -14.866763200000017 ], [ -64.945214699999283, -14.866044500000017 ], [ -64.941828399999281, -14.865368500000017 ], [ -64.938370999999279, -14.864675 ], [ -64.934900299999285, -14.863936100000016 ], [ -64.931449599999283, -14.863210900000016 ], [ -64.927831299999283, -14.862439 ], [ -64.924718599999281, -14.861775300000016 ], [ -64.92145099999928, -14.861072100000015 ], [ -64.917866899999282, -14.860308 ], [ -64.914165399999277, -14.860915900000016 ], [ -64.910726199999274, -14.859720800000016 ], [ -64.90730169999928, -14.858517800000016 ], [ -64.903850999999278, -14.857318800000016 ], [ -64.900329299999285, -14.856096400000016 ], [ -64.89672569999928, -14.854848100000016 ], [ -64.893623699999281, -14.853748900000015 ], [ -64.893236199999279, -14.853536300000016 ] ] } },
{ "type": "Feature", "properties": { "id": 541081230.0, "tags.power": "line", "Type": "Way", "Country": "BO", "Length": 41991.661287670489, "tags.cables": "3", "tags.voltage": "115000", "tags.circuits": null, "tags.frequency": "50" }, "geometry": { "type": "LineString", "coordinates": [ [ -67.022086699999861, -15.142903799999909 ], [ -67.021725899999865, -15.142560799999908 ], [ -67.018858599999859, -15.140294 ], [ -67.015131699999856, -15.137325599999908 ], [ -67.011369899999849, -15.134311799999908 ], [ -67.008165999999846, -15.131815799999908 ], [ -67.005459699999847, -15.129697899999908 ], [ -67.001696499999852, -15.12675 ], [ -66.998332999999846, -15.124121899999906 ], [ -66.994733499999839, -15.121311199999907 ], [ -66.991180899999833, -15.118525 ], [ -66.987799999999837, -15.115896099999908 ], [ -66.984079799999833, -15.112988899999909 ], [ -66.980750499999829, -15.110383899999908 ], [ -66.978178899999833, -15.108382199999909 ], [ -66.974721599999839, -15.107863 ], [ -66.97038709999984, -15.107216899999909 ], [ -66.965555099999847, -15.106486699999909 ], [ -66.961187099999847, -15.10582369999991 ], [ -66.956726599999854, -15.10517119999991 ], [ -66.95259469999985, -15.104540599999911 ], [ -66.948564599999855, -15.103926899999911 ], [ -66.944430699999856, -15.103302199999911 ], [ -66.940281999999854, -15.102685199999911 ], [ -66.936049499999854, -15.102054699999911 ], [ -66.931783399999858, -15.10140859999991 ], [ -66.927285299999852, -15.100732699999911 ], [ -66.923114499999855, -15.10010469999991 ], [ -66.918645899999859, -15.099437899999911 ], [ -66.914066099999857, -15.098742599999911 ], [ -66.909471499999853, -15.098033 ], [ -66.904992199999853, -15.097374 ], [ -66.901165999999847, -15.09680549999991 ], [ -66.898621899999853, -15.093808 ], [ -66.895797599999852, -15.090462099999911 ], [ -66.892895399999858, -15.087017799999911 ], [ -66.890154199999856, -15.083745599999911 ], [ -66.888047299999855, -15.080319199999911 ], [ -66.885862599999854, -15.076705099999911 ], [ -66.883737699999855, -15.073224899999911 ], [ -66.881072199999849, -15.070168099999911 ], [ -66.878443699999849, -15.067135299999912 ], [ -66.875513299999852, -15.064843699999912 ], [ -66.871755599999858, -15.061780399999911 ], [ -66.868459799999854, -15.058933199999911 ], [ -66.865603899999854, -15.056455099999912 ], [ -66.862353099999851, -15.053642899999913 ], [ -66.85890309999985, -15.050647299999913 ], [ -66.856355699999853, -15.047215899999912 ], [ -66.853909499999858, -15.043919799999912 ], [ -66.851575299999851, -15.040763499999912 ], [ -66.849045299999858, -15.037350099999912 ], [ -66.846062699999862, -15.03457 ], [ -66.842829999999864, -15.031581299999912 ], [ -66.839610599999858, -15.028582899999913 ], [ -66.836387999999857, -15.025579799999912 ], [ -66.833071399999852, -15.022498399999913 ], [ -66.829772299999846, -15.019435099999912 ], [ -66.826839299999847, -15.016715 ], [ -66.824596999999841, -15.013744799999913 ], [ -66.822015299999848, -15.010308299999913 ], [ -66.819539699999851, -15.007001199999912 ], [ -66.817053299999856, -15.003652699999913 ], [ -66.814586999999861, -15.000354599999913 ], [ -66.812190399999864, -14.997201599999913 ], [ -66.809717399999869, -14.993900799999913 ], [ -66.807202799999871, -14.990548199999914 ], [ -66.804704399999878, -14.987214899999914 ], [ -66.802213899999884, -14.983888099999914 ], [ -66.799754399999884, -14.980603899999915 ], [ -66.797269299999883, -14.977292599999915 ], [ -66.794800299999878, -14.973979799999915 ], [ -66.792324599999873, -14.970669599999916 ], [ -66.789838199999878, -14.967364599999916 ], [ -66.787332999999876, -14.964010199999917 ], [ -66.785152399999873, -14.961106099999917 ], [ -66.784031199999873, -14.957624 ], [ -66.782800099999875, -14.953797899999918 ], [ -66.781554899999875, -14.949882899999919 ], [ -66.780345899999872, -14.946096799999919 ], [ -66.779061099999879, -14.942104 ], [ -66.777736799999886, -14.937998299999919 ], [ -66.776434599999888, -14.933984 ], [ -66.775203399999882, -14.930115299999919 ], [ -66.774404799999886, -14.926157099999919 ], [ -66.773524999999879, -14.92194689999992 ], [ -66.772674799999876, -14.91773719999992 ], [ -66.771812399999874, -14.913561699999919 ], [ -66.770919299999875, -14.909346 ], [ -66.770240699999874, -14.905962299999919 ], [ -66.770158899999871, -14.905507399999919 ] ] } },
{ "type": "Feature", "properties": { "id": 585101733.0, "tags.power": "line", "Type": "Way", "Country": "BO", "Length": 79745.132800164894, "tags.cables": "3", "tags.voltage": "230000", "tags.circuits": "1", "tags.frequency": "50" }, "geometry": { "type": "LineString", "coordinates": [ [ -65.210474599999984, -21.158198400000241 ], [ -65.210365399999986, -21.158575500000243 ], [ -65.209428399999922, -21.160565800000111 ], [ -65.208226699999926, -21.163049600000111 ], [ -65.206582499999925, -21.166500100000111 ], [ -65.204970499999931, -21.169975600000111 ], [ -65.203256599999932, -21.173614800000109 ], [ -65.200794299999927, -21.178702000000108 ], [ -65.199116599999925, -21.184977000000107 ], [ -65.198641899999927, -21.190322600000105 ], [ -65.19822060000061, -21.195134099999969 ], [ -65.197957899999921, -21.198135100000105 ], [ -65.197628, -21.202073700000106 ], [ -65.197396900000626, -21.204679499999969 ], [ -65.196942699999923, -21.209799200000106 ], [ -65.19667890000062, -21.212942499999969 ], [ -65.196358500000613, -21.216758799999969 ], [ -65.19599510000063, -21.22108769999997 ], [ -65.195802799999925, -21.223378900000107 ], [ -65.195244899999921, -21.229057000000108 ], [ -65.19487510000063, -21.233048299999968 ], [ -65.194619899999921, -21.235802400000107 ], [ -65.193555099999926, -21.245494900000107 ], [ -65.19344779999993, -21.246644800000109 ], [ -65.193018599999931, -21.25139450000011 ], [ -65.192594799999938, -21.256124100000111 ], [ -65.190599299999931, -21.26176590000011 ], [ -65.188896099999937, -21.266172700000112 ], [ -65.186736899999943, -21.269292100000111 ], [ -65.184296099999941, -21.272624000000111 ], [ -65.175931599999942, -21.27697040000011 ], [ -65.168149199999945, -21.28041460000011 ], [ -65.163297099999951, -21.282546500000109 ], [ -65.154485499999964, -21.288278 ], [ -65.151710399999956, -21.290179899999981 ], [ -65.150033199999953, -21.291269199999984 ], [ -65.147776799999946, -21.292678399999986 ], [ -65.143592599999948, -21.295531299999986 ], [ -65.141336199999955, -21.297035499999986 ], [ -65.13578229999996, -21.300692099999985 ], [ -65.131072599999953, -21.303885799999986 ], [ -65.12903449999996, -21.305184199999985 ], [ -65.124575899999954, -21.308113299999984 ], [ -65.12269339999996, -21.309360099999985 ], [ -65.118608399999957, -21.312061399999983 ], [ -65.114940599999954, -21.314497899999985 ], [ -65.109422199999955, -21.318339 ], [ -65.107273199999952, -21.319650599999985 ], [ -65.104743699999958, -21.323222399999985 ], [ -65.102647499999961, -21.326232099999984 ], [ -65.100961099999964, -21.328761599999986 ], [ -65.099555799999962, -21.330816899999984 ], [ -65.097348699999955, -21.333953499999986 ], [ -65.095708799999954, -21.336345599999987 ], [ -65.092645299999958, -21.340803099999988 ], [ -65.090449, -21.343988099999986 ], [ -65.088066299999966, -21.347501099999988 ], [ -65.086127799999971, -21.350306 ], [ -65.084748099999985, -21.352347599999987 ], [ -65.0836488, -21.353929199999985 ], [ -65.081326800000028, -21.357305599999982 ], [ -65.079509600000037, -21.359947299999984 ], [ -65.07806750000006, -21.362028899999988 ], [ -65.074726200000072, -21.366831199999986 ], [ -65.072212900000068, -21.367444199999987 ], [ -65.06664140000008, -21.3683499 ], [ -65.060339800000079, -21.3692557 ], [ -65.058242900000081, -21.3696234 ], [ -65.053568800000079, -21.370198699999989 ], [ -65.045514, -21.371734199999988 ], [ -65.041216, -21.372616899999986 ], [ -65.03697290000008, -21.373508899999987 ], [ -65.032923100000446, -21.374070100000051 ], [ -65.029311300000444, -21.37472310000005 ], [ -65.026401900000451, -21.375276800000051 ], [ -65.023707400000447, -21.375681800000052 ], [ -65.018849700000445, -21.376464600000052 ], [ -65.012719000000445, -21.377452300000051 ], [ -65.008762300000441, -21.378182800000051 ], [ -65.003631100000447, -21.379152300000051 ], [ -64.998205200000442, -21.380139900000049 ], [ -64.992811900000447, -21.381147900000048 ], [ -64.988479300000449, -21.381180400000048 ], [ -64.98442320000045, -21.381194600000047 ], [ -64.980434000000443, -21.381224 ], [ -64.976324500000445, -21.381252200000045 ], [ -64.972045300000445, -21.381291800000046 ], [ -64.967873600000445, -21.381291800000046 ], [ -64.963554900000446, -21.381325700000044 ], [ -64.959219600000452, -21.381334700000043 ], [ -64.952848200000446, -21.381366700000044 ], [ -64.950785700000452, -21.381654500000042 ], [ -64.946928500000453, -21.382186100000041 ], [ -64.94387470000045, -21.382613800000041 ], [ -64.940321200000454, -21.383109400000041 ], [ -64.934087300000456, -21.383971600000041 ], [ -64.929167900000451, -21.38465490000004 ], [ -64.924537100000435, -21.38530940000004 ], [ -64.922913600000442, -21.385545200000035 ], [ -64.921105300000434, -21.385505900000034 ], [ -64.913148800000428, -21.385431200000038 ], [ -64.910365600000432, -21.385427300000039 ], [ -64.903926600000432, -21.385321200000039 ], [ -64.901084400000428, -21.385317200000038 ], [ -64.897204500000427, -21.385329 ], [ -64.892896100000428, -21.385329 ], [ -64.888445600000438, -21.385266 ], [ -64.878313300000798, -21.385066700000113 ], [ -64.872450500000156, -21.384889399999967 ], [ -64.87124520000016, -21.384853799999966 ], [ -64.867915600000174, -21.384771299999969 ], [ -64.866958700000183, -21.384744199999968 ], [ -64.86455620000018, -21.384709299999969 ], [ -64.858494700000193, -21.384517099999972 ], [ -64.852447000000197, -21.38439139999997 ], [ -64.846694100000192, -21.384224899999971 ], [ -64.842477300000155, -21.385089399999963 ], [ -64.839041700000166, -21.385802299999966 ], [ -64.833695000000191, -21.386886899999986 ], [ -64.828689400000201, -21.3878956 ], [ -64.824423400000185, -21.3887715 ], [ -64.820729900000174, -21.3895224 ], [ -64.818340900000166, -21.389999399999986 ], [ -64.81140090000018, -21.391424 ], [ -64.807101700000175, -21.392295399999984 ], [ -64.803159500000177, -21.3930853 ], [ -64.798345800000149, -21.3940459 ], [ -64.796398300000149, -21.394465899999989 ], [ -64.79381030000016, -21.3958832 ], [ -64.79098090000015, -21.3963819 ], [ -64.788198700000194, -21.3968963 ], [ -64.784833800000058, -21.397510500000024 ], [ -64.780508300000051, -21.398269100000018 ], [ -64.775899400000043, -21.398972500000017 ], [ -64.772182800000039, -21.399513200000015 ], [ -64.767653900000042, -21.400177100000011 ], [ -64.763497400000205, -21.4007958 ], [ -64.760487400000201, -21.4012336 ], [ -64.75648170000018, -21.401861100000012 ], [ -64.75470360000017, -21.402097500000014 ], [ -64.752778200000193, -21.401504700000011 ], [ -64.75026790000004, -21.400741600000011 ], [ -64.746635300000193, -21.401472800000011 ], [ -64.740154200000191, -21.402771200000018 ], [ -64.736222400000202, -21.403593 ], [ -64.735198300000178, -21.404824300000012 ], [ -64.732832200000203, -21.407827800000018 ], [ -64.730290100000218, -21.410912300000014 ], [ -64.728926100000209, -21.412565600000015 ], [ -64.726833100000206, -21.4151198 ], [ -64.724395100000208, -21.4181166 ], [ -64.725205400000789, -21.420485700000103 ], [ -64.726165700000792, -21.423007600000105 ], [ -64.727517500000786, -21.426767900000105 ], [ -64.728343600000784, -21.430832600000105 ], [ -64.729314600000791, -21.435157000000107 ], [ -64.730194400000798, -21.439815700000107 ], [ -64.731068800000799, -21.444124800000107 ], [ -64.731900200000794, -21.448169100000108 ], [ -64.731379900000789, -21.451354600000109 ], [ -64.730678500000792, -21.455736900000108 ], [ -64.730976900000783, -21.459259800000105 ], [ -64.730767700000797, -21.463504700000108 ], [ -64.729904000000801, -21.46910110000011 ], [ -64.729308600000806, -21.473249500000108 ], [ -64.728659500000802, -21.477283100000108 ], [ -64.7279996000008, -21.479334700000109 ], [ -64.728198100000796, -21.48324830000011 ], [ -64.727934600000793, -21.48521190000011 ], [ -64.7280824, -21.485702900000248 ] ] } },
{ "type": "Feature", "properties": { "id": 637910508.0, "tags.power": "line", "Type": "Way", "Country": "BO", "Length": 120216.27361315236, "tags.cables": "3", "tags.voltage": "115000", "tags.circuits": null, "tags.frequency": "50" }, "geometry": { "type": "LineString", "coordinates": [ [ -65.199105399999596, -19.062263299999934 ], [ -65.197616299999595, -19.068223599999932 ], [ -65.196906699999587, -19.071244799999931 ], [ -65.195251699999588, -19.077602099999933 ], [ -65.194966999999593, -19.078953599999931 ], [ -65.192612599999592, -19.085062599999929 ], [ -65.191962299999574, -19.089965699999937 ], [ -65.19145089999958, -19.093456199999938 ], [ -65.187485199999401, -19.096693499999979 ], [ -65.182811499999403, -19.10006319999998 ], [ -65.180350499999406, -19.101957699999979 ], [ -65.172299899999402, -19.108165899999978 ], [ -65.162043099999408, -19.113894899999977 ], [ -65.159655999999401, -19.115674 ], [ -65.156934899999399, -19.11778 ], [ -65.151449099999397, -19.122066 ], [ -65.150337299999393, -19.122955499999978 ], [ -65.147076399999392, -19.125726 ], [ -65.141470599999394, -19.13036349999998 ], [ -65.139624599999394, -19.132004299999981 ], [ -65.135967999999394, -19.135278299999982 ], [ -65.133426599999396, -19.137676699999982 ], [ -65.1295051999994, -19.140807399999982 ], [ -65.126301299999398, -19.143367899999983 ], [ -65.122678999999394, -19.146274199999983 ], [ -65.121105899999719, -19.146252700000201 ], [ -65.114201899999713, -19.146354000000201 ], [ -65.112206299999713, -19.1463743000002 ], [ -65.107040399999718, -19.1464655000002 ], [ -65.099814499999724, -19.146506100000199 ], [ -65.095152899999718, -19.1465922000002 ], [ -65.093591799999714, -19.146597300000199 ], [ -65.088951599999717, -19.1466378000002 ], [ -65.084965799999722, -19.146754400000198 ], [ -65.083517399999721, -19.146749300000199 ], [ -65.071672799999718, -19.147012800000198 ], [ -65.069435799999724, -19.147144600000196 ], [ -65.066533699999724, -19.147078700000197 ], [ -65.061356999999717, -19.146972300000197 ], [ -65.058841099999711, -19.147028000000198 ], [ -65.051658199999707, -19.147124300000197 ], [ -65.043150199999701, -19.147620900000199 ], [ -65.039872499999703, -19.147783100000197 ], [ -65.035629299999698, -19.148082100000195 ], [ -65.030629599999699, -19.148371000000196 ], [ -65.023511099999695, -19.148806800000198 ], [ -65.018398799999702, -19.149176700000197 ], [ -65.011575199999697, -19.148786500000199 ], [ -65.009794199999703, -19.1486598000002 ], [ -65.004547799999699, -19.1483406000002 ], [ -65.002589799999697, -19.148224000000202 ], [ -64.996726499999696, -19.147899700000202 ], [ -64.992783699999691, -19.147717200000201 ], [ -64.991313799999688, -19.147783100000201 ], [ -64.989210999999685, -19.147874300000201 ], [ -64.985622199999682, -19.148036500000199 ], [ -64.98190459999968, -19.148274700000197 ], [ -64.980434799999685, -19.148335500000197 ], [ -64.975032799999681, -19.148604100000195 ], [ -64.964497099999676, -19.149285700000195 ], [ -64.955924799999678, -19.149812700000197 ], [ -64.952038199999677, -19.150208000000198 ], [ -64.945799399999672, -19.150590600000196 ], [ -64.943638899999669, -19.150794500000195 ], [ -64.93984489999967, -19.150937700000195 ], [ -64.938117599999671, -19.151044100000195 ], [ -64.936226599999671, -19.151213900000194 ], [ -64.931289999999677, -19.151482400000194 ], [ -64.923231299999671, -19.151989200000195 ], [ -64.921780199999674, -19.151168300000194 ], [ -64.919728299999676, -19.149997700000196 ], [ -64.914202999999674, -19.146751800000196 ], [ -64.91244879999968, -19.145756000000198 ], [ -64.907974899999687, -19.143161400000199 ], [ -64.905654799999681, -19.141772800000201 ], [ -64.901674399999678, -19.139299700000201 ], [ -64.897334599999681, -19.136851900000202 ], [ -64.89533899999968, -19.135833200000203 ], [ -64.891884299999674, -19.133826300000202 ], [ -64.889953099999673, -19.132701100000201 ], [ -64.886037099999669, -19.130369800000199 ], [ -64.884320499999674, -19.129391600000201 ], [ -64.87580989999968, -19.124305600000202 ], [ -64.870472299999676, -19.121505300000202 ], [ -64.869461099999683, -19.120963000000202 ], [ -64.866043899999681, -19.119031900000202 ], [ -64.857358899999682, -19.113841700000201 ], [ -64.848558599999677, -19.108727300000201 ], [ -64.844071299999683, -19.1061270000002 ], [ -64.841161099999681, -19.1042692000002 ], [ -64.835498899999678, -19.101027600000201 ], [ -64.834527999999679, -19.100409100000199 ], [ -64.830332999999683, -19.097896100000199 ], [ -64.825663299999675, -19.095426100000196 ], [ -64.823605999999671, -19.094256400000198 ], [ -64.822026199999669, -19.093365500000196 ], [ -64.818220099999664, -19.091107100000198 ], [ -64.80973629999967, -19.086014800000196 ], [ -64.807566399999672, -19.084737300000196 ], [ -64.801823799999667, -19.081290000000195 ], [ -64.792490999999671, -19.076013600000195 ], [ -64.789085999999671, -19.074123800000194 ], [ -64.787707299999667, -19.073241700000196 ], [ -64.785996099999664, -19.073008400000194 ], [ -64.781924499999661, -19.072405100000193 ], [ -64.769183999999655, -19.070539400000197 ], [ -64.759949199999653, -19.070412600000196 ], [ -64.758559799999659, -19.071360700000195 ], [ -64.752784999999662, -19.075434400000194 ], [ -64.751567199999656, -19.076326700000195 ], [ -64.743481699999649, -19.082012400000195 ], [ -64.735270099999653, -19.087158000000194 ], [ -64.732142699999656, -19.089226300000195 ], [ -64.72755339999965, -19.092171700000197 ], [ -64.726316899999645, -19.092937100000196 ], [ -64.720880099999647, -19.096419700000197 ], [ -64.716491999999647, -19.099255900000198 ], [ -64.712585399999654, -19.101829700000199 ], [ -64.709650999999653, -19.103723000000198 ], [ -64.706388099999657, -19.106337300000199 ], [ -64.705162299999657, -19.107270000000199 ], [ -64.702667899999653, -19.109168300000199 ], [ -64.69897449999965, -19.1121969000002 ], [ -64.691831799999648, -19.116548300000201 ], [ -64.684018499999667, -19.119605900000206 ], [ -64.681169999999668, -19.120831200000207 ], [ -64.678875399999669, -19.122083100000207 ], [ -64.676162299999675, -19.123592300000208 ], [ -64.670663799999673, -19.126654800000207 ], [ -64.667150099999674, -19.128593400000206 ], [ -64.662850499999678, -19.130980500000206 ], [ -64.659202699999682, -19.133019200000206 ], [ -64.65152619999968, -19.133280200000204 ], [ -64.646022299999686, -19.132868400000206 ], [ -64.64255419999968, -19.132577000000207 ], [ -64.640773199999686, -19.132513600000209 ], [ -64.637176399999689, -19.132138600000211 ], [ -64.632404699999682, -19.13172810000021 ], [ -64.628480699999685, -19.131386000000209 ], [ -64.626275899999683, -19.131190800000208 ], [ -64.622070199999683, -19.130848700000207 ], [ -64.614973099999688, -19.130238000000208 ], [ -64.612588599999683, -19.130058100000209 ], [ -64.605266199999676, -19.129429700000209 ], [ -64.598657199999678, -19.12891020000021 ], [ -64.595344699999671, -19.12864910000021 ], [ -64.593351799999667, -19.128707400000209 ], [ -64.589754899999662, -19.128656800000208 ], [ -64.585901899999655, -19.128699800000209 ], [ -64.582948799999656, -19.12986300000021 ], [ -64.576126599999654, -19.132692300000208 ], [ -64.572944199999654, -19.134263400000208 ], [ -64.571576299999649, -19.134928600000208 ], [ -64.566543099999649, -19.137401700000208 ], [ -64.564214899999655, -19.138610400000207 ], [ -64.562723599999657, -19.139350400000207 ], [ -64.558346299999656, -19.141506700000207 ], [ -64.551946499999659, -19.144253500000207 ], [ -64.550455199999661, -19.144676600000206 ], [ -64.545383199999662, -19.146077800000207 ], [ -64.536219399999666, -19.150007800000207 ], [ -64.533685999999662, -19.151270900000206 ], [ -64.527109299999665, -19.154450700000208 ], [ -64.521390799999665, -19.158552800000209 ], [ -64.518143999999666, -19.16080900000021 ], [ -64.513350899999665, -19.164221700000208 ], [ -64.510951599999672, -19.165991400000209 ], [ -64.507639099999665, -19.168365300000207 ], [ -64.504857699999661, -19.170349000000208 ], [ -64.500541999999655, -19.173408200000207 ], [ -64.499235799999653, -19.174369600000208 ], [ -64.496566999999658, -19.176258200000209 ], [ -64.49080019999964, -19.180382500000213 ], [ -64.485296299999646, -19.184815800000212 ], [ -64.484049099999652, -19.185855700000211 ], [ -64.481675299999651, -19.187822700000211 ], [ -64.475653799999648, -19.192699100000212 ], [ -64.471622399999646, -19.196025000000212 ], [ -64.46996349999965, -19.197095200000213 ], [ -64.466359899999645, -19.199371200000211 ], [ -64.46116449999964, -19.202686900000213 ], [ -64.460145199999644, -19.205842900000214 ], [ -64.459160899999645, -19.208835500000212 ], [ -64.458068499999641, -19.212172600000212 ], [ -64.456733499999643, -19.216322600000211 ], [ -64.455849699999646, -19.21892880000021 ], [ -64.454940399999643, -19.22171350000021 ], [ -64.453262699999641, -19.226963600000211 ], [ -64.452587399999643, -19.229139700000211 ], [ -64.451363699999646, -19.232798600000212 ], [ -64.449461999999642, -19.238725900000212 ], [ -64.448402499999645, -19.241383600000212 ], [ -64.44658529999964, -19.245988700000211 ], [ -64.445521799999639, -19.248695700000212 ], [ -64.444242399999638, -19.25441220000021 ], [ -64.443287599999636, -19.25565040000021 ], [ -64.441187399999635, -19.258448400000209 ], [ -64.43959949999963, -19.260547500000207 ], [ -64.436367499999633, -19.264869700000208 ], [ -64.434106399999635, -19.267865100000208 ], [ -64.432652599999642, -19.270040000000208 ], [ -64.429790699999643, -19.274341700000207 ], [ -64.426987799999637, -19.277843300000207 ], [ -64.424917099999632, -19.280430700000206 ], [ -64.42171989999963, -19.284436000000206 ], [ -64.418131099999627, -19.289717000000206 ], [ -64.415518599999629, -19.294410600000205 ], [ -64.413249499999637, -19.298307300000204 ], [ -64.40946759999963, -19.301540600000205 ], [ -64.406133599999634, -19.302627800000213 ], [ -64.398792399999635, -19.305392100000212 ], [ -64.39610749999963, -19.306336300000211 ], [ -64.392381899999634, -19.307640000000212 ], [ -64.389471699999632, -19.309017000000214 ], [ -64.377385699999635, -19.312520400000214 ], [ -64.367375699999641, -19.314203700000213 ], [ -64.361485499999645, -19.315223800000215 ], [ -64.358083199999641, -19.315811000000213 ], [ -64.353945899999644, -19.316522300000212 ], [ -64.350174699999641, -19.317481600000214 ], [ -64.34637929999964, -19.317825800000215 ], [ -64.342516999999646, -19.318410600000213 ], [ -64.33681589999965, -19.319412900000213 ], [ -64.326732199999654, -19.319964700000213 ], [ -64.320493299999654, -19.322204800000215 ], [ -64.317376599999648, -19.322675500000216 ], [ -64.311792299999652, -19.324465000000217 ], [ -64.307763599999646, -19.324401800000217 ], [ -64.305869899999649, -19.322174400000218 ], [ -64.305884699999652, -19.321544100000217 ] ] } },
{ "type": "Feature", "properties": { "id": 669455006.0, "tags.power": "line", "Type": "Way", "Country": "BO", "Length": 4384.0855590316969, "tags.cables": "3", "tags.voltage": null, "tags.circuits": null, "tags.frequency": null }, "geometry": { "type": "LineString", "coordinates": [ [ -66.114715299999489, -17.380534599999979 ], [ -66.114842299999509, -17.380467099999972 ], [ -66.114640199999499, -17.380101399999976 ], [ -66.114200599999492, -17.379219299999978 ], [ -66.11381069999949, -17.378542799999977 ], [ -66.113332299999485, -17.377751099999976 ], [ -66.112871299999483, -17.376957399999977 ], [ -66.112401599999487, -17.376182199999977 ], [ -66.111936199999491, -17.375394599999979 ], [ -66.111464299999497, -17.374613199999978 ], [ -66.112155100000095, -17.373241500000034 ], [ -66.11273470000009, -17.372918100000035 ], [ -66.113640600000096, -17.372939800000037 ], [ -66.114303300000103, -17.372956800000036 ], [ -66.115215700000107, -17.372994900000037 ], [ -66.115839500000106, -17.373022900000038 ], [ -66.116497800000104, -17.373066600000037 ], [ -66.117264900000109, -17.373097300000037 ], [ -66.118158100000102, -17.373140800000037 ], [ -66.118871600000105, -17.373174100000035 ], [ -66.11976030000011, -17.373216200000037 ], [ -66.120637200000104, -17.373260200000036 ], [ -66.121369000000101, -17.373297900000036 ], [ -66.122543500000106, -17.373345600000036 ], [ -66.123036100000107, -17.373351200000037 ], [ -66.124088500000113, -17.373386600000039 ], [ -66.124835800000113, -17.373395600000038 ], [ -66.125933800000112, -17.373430100000039 ], [ -66.127001300000117, -17.373478700000039 ], [ -66.127891500000118, -17.373510800000037 ], [ -66.128549900000124, -17.373521900000036 ], [ -66.12917550000013, -17.373394700000034 ], [ -66.129925000000128, -17.373199700000033 ], [ -66.130281700000126, -17.373161300000032 ], [ -66.130766800000302, -17.373122100000089 ], [ -66.131688100000119, -17.372758800000032 ], [ -66.132705300000126, -17.37246470000003 ], [ -66.13344170000012, -17.372386300000031 ], [ -66.133905500000125, -17.372475500000032 ], [ -66.134814800000129, -17.372650500000031 ], [ -66.13573060000013, -17.372813800000031 ], [ -66.136515400000036, -17.372747400000023 ], [ -66.137318500000092, -17.372313 ], [ -66.137936900000369, -17.37188359999984 ], [ -66.138402000000369, -17.371702499999842 ], [ -66.138606599999264, -17.371675299999904 ], [ -66.139043200001012, -17.3716173 ], [ -66.139813200000376, -17.37150659999984 ], [ -66.140310800000378, -17.371387599999839 ], [ -66.141118100000384, -17.37092679999984 ], [ -66.141828900000377, -17.370425099999839 ] ] } },
{ "type": "Feature", "properties": { "id": 675203564.0, "tags.power": "line", "Type": "Way", "Country": "BO", "Length": 23396.915434055325, "tags.cables": "6", "tags.voltage": "230000", "tags.circuits": null, "tags.frequency": "50" }, "geometry": { "type": "LineString", "coordinates": [ [ -68.171330099999892, -16.693842299999837 ], [ -68.175562599999893, -16.692845499999837 ], [ -68.179038799999887, -16.691951399999837 ], [ -68.184735799999885, -16.690594799999836 ], [ -68.189585199999883, -16.689402699999835 ], [ -68.19098529999988, -16.689253699999835 ], [ -68.192363999999884, -16.689099599999835 ], [ -68.193420799999885, -16.688976199999836 ], [ -68.194649199999887, -16.688832399999836 ], [ -68.195947399999881, -16.688667899999835 ], [ -68.200281899999879, -16.687717299999836 ], [ -68.204680699999884, -16.687162399999835 ], [ -68.208521599999884, -16.686751299999834 ], [ -68.212448399999886, -16.686278499999833 ], [ -68.216128399999889, -16.686114099999834 ], [ -68.220612999999886, -16.685816099999833 ], [ -68.224443199999882, -16.685661899999833 ], [ -68.228713299999882, -16.685384399999833 ], [ -68.233101399999882, -16.685189199999833 ], [ -68.237628899999876, -16.685620799999832 ], [ -68.241480599999875, -16.686021599999833 ], [ -68.245632699999874, -16.686422399999834 ], [ -68.249816899999871, -16.686833499999835 ], [ -68.253915299999875, -16.687213699999834 ], [ -68.258453599999868, -16.687871499999833 ], [ -68.262326699999875, -16.688354499999832 ], [ -68.265534699999876, -16.688775799999831 ], [ -68.268270499999872, -16.689166399999831 ], [ -68.271392599999871, -16.687840599999831 ], [ -68.273860199999874, -16.686843799999831 ], [ -68.276703399999874, -16.685600199999833 ], [ -68.279707399999879, -16.687326799999834 ], [ -68.282695399999881, -16.689587699999834 ], [ -68.284905599999874, -16.691283399999833 ], [ -68.288542599999872, -16.691869199999832 ], [ -68.29182029999987, -16.692434399999833 ], [ -68.300835200000236, -16.69167650000001 ], [ -68.302388200000237, -16.69023 ], [ -68.305353400000243, -16.687667200000011 ], [ -68.309214400000243, -16.68434 ], [ -68.312860900000246, -16.68117590000001 ], [ -68.316495300000241, -16.677974500000012 ], [ -68.319990200000248, -16.674859100000013 ], [ -68.323388500000249, -16.671735900000012 ], [ -68.326801700000246, -16.668596 ], [ -68.330622500000246, -16.665738700000013 ], [ -68.334326600000239, -16.662939200000014 ], [ -68.338151400000243, -16.660049700000016 ], [ -68.341808600000249, -16.657279 ], [ -68.345464500000247, -16.654508200000016 ], [ -68.34894870000025, -16.651893500000018 ], [ -68.353151700000254, -16.650306700000019 ], [ -68.357175000000254, -16.648812400000018 ], [ -68.361142000000257, -16.647357900000017 ] ] } },
{ "type": "Feature", "properties": { "id": 675203566.0, "tags.power": "line", "Type": "Way", "Country": "BO", "Length": 102950.43700320057, "tags.cables": "3", "tags.voltage": "115000", "tags.circuits": null, "tags.frequency": "50" }, "geometry": { "type": "LineString", "coordinates": [ [ -67.497156899999879, -14.443927299999837 ], [ -67.494190299999886, -14.444415599999838 ], [ -67.492548799999881, -14.444664899999838 ], [ -67.48898149999988, -14.445454499999837 ], [ -67.485907699999885, -14.445979199999837 ], [ -67.482817799999879, -14.446981799999836 ], [ -67.479352399999883, -14.449194799999836 ], [ -67.475366599999887, -14.451662299999835 ], [ -67.473220799999893, -14.453054399999836 ], [ -67.4695944999999, -14.455319299999836 ], [ -67.465941299999898, -14.457828299999836 ], [ -67.462207699999894, -14.460389199999836 ], [ -67.458495499999898, -14.463001999999836 ], [ -67.455169599999905, -14.465375799999837 ], [ -67.4512588999999, -14.466747099999838 ], [ -67.446827899999903, -14.468487199999837 ], [ -67.443346399999896, -14.469874099999837 ], [ -67.4395805999999, -14.471390799999837 ], [ -67.435771799999898, -14.472923099999836 ], [ -67.432022099999898, -14.474439799999836 ], [ -67.427950499999895, -14.476008399999836 ], [ -67.423959399999902, -14.477592599999836 ], [ -67.419630299999895, -14.479254699999837 ], [ -67.415537199999889, -14.480906399999837 ], [ -67.411814299999889, -14.482365899999836 ], [ -67.407624699999886, -14.484038299999836 ], [ -67.40474399999988, -14.485175799999837 ], [ -67.400774399999875, -14.486988499999837 ], [ -67.39697099999988, -14.489050399999837 ], [ -67.392888699999887, -14.491034499999836 ], [ -67.388645399999888, -14.493153499999837 ], [ -67.384884999999883, -14.495069999999837 ], [ -67.38090459999988, -14.497043499999837 ], [ -67.377224599999877, -14.498139399999836 ], [ -67.373458699999873, -14.499115799999837 ], [ -67.369252999999873, -14.499500099999837 ], [ -67.364982999999867, -14.499874099999838 ], [ -67.360820199999864, -14.500216799999837 ], [ -67.356829099999871, -14.500580399999837 ], [ -67.353465599999865, -14.500840099999838 ], [ -67.350987199999864, -14.501084099999838 ], [ -67.349517399999868, -14.503047299999839 ], [ -67.346894199999866, -14.506926799999839 ], [ -67.344431899999861, -14.51052059999984 ], [ -67.341937399999864, -14.514005299999839 ], [ -67.339383999999868, -14.517702799999839 ], [ -67.337806799999868, -14.520044899999839 ], [ -67.334770599999871, -14.524432999999839 ], [ -67.33204539999987, -14.528395199999839 ], [ -67.329459799999867, -14.532123699999838 ], [ -67.326933199999871, -14.535826099999838 ], [ -67.324417199999871, -14.539460999999838 ], [ -67.322115899999872, -14.543173599999838 ], [ -67.319637499999871, -14.546626699999837 ], [ -67.316939199999865, -14.550271699999838 ], [ -67.315029499999866, -14.553049599999838 ], [ -67.313387999999861, -14.555536699999838 ], [ -67.311322699999863, -14.559430899999837 ], [ -67.309327099999862, -14.563423599999837 ], [ -67.307320799999857, -14.567405899999837 ], [ -67.305786599999863, -14.570256299999837 ], [ -67.303506699999858, -14.574202099999837 ], [ -67.300025199999851, -14.576642199999837 ], [ -67.298271099999852, -14.577799899999837 ], [ -67.296125299999858, -14.580966899999837 ], [ -67.293437699999856, -14.584959199999837 ], [ -67.29145829999986, -14.587907999999837 ], [ -67.289596799999856, -14.590742499999838 ], [ -67.287182799999854, -14.594360899999838 ], [ -67.285036999999861, -14.597340699999839 ], [ -67.283030799999864, -14.600034999999838 ], [ -67.280010599999869, -14.604172299999838 ], [ -67.277854099999871, -14.608044799999838 ], [ -67.275413299999869, -14.611636999999838 ], [ -67.27380399999987, -14.613998799999838 ], [ -67.271191499999873, -14.618535599999838 ], [ -67.269056399999869, -14.622226199999838 ], [ -67.265065299999875, -14.625122599999838 ], [ -67.263654499999873, -14.628854599999837 ], [ -67.262721099999879, -14.631460199999838 ], [ -67.260022799999874, -14.635384199999837 ], [ -67.257163499999876, -14.639339199999837 ], [ -67.253923399999877, -14.640626399999837 ], [ -67.251541599999882, -14.644129699999837 ], [ -67.248875499999883, -14.647965199999836 ], [ -67.245984099999887, -14.652060199999836 ], [ -67.243435999999889, -14.655952599999836 ], [ -67.24397239999989, -14.658869299999836 ], [ -67.241595999999888, -14.662206299999836 ], [ -67.239031799999893, -14.665927299999836 ], [ -67.236489099999886, -14.669539299999837 ], [ -67.233538599999889, -14.673317199999836 ], [ -67.231821999999895, -14.675906799999836 ], [ -67.228447799999898, -14.680955999999837 ], [ -67.225674399999903, -14.685008799999837 ], [ -67.2233891999999, -14.688283099999836 ], [ -67.221318499999896, -14.691235699999837 ], [ -67.219424799999899, -14.694037799999837 ], [ -67.216844599999902, -14.697882799999837 ], [ -67.214709499999898, -14.701338499999837 ], [ -67.212102399999893, -14.704814999999837 ], [ -67.209382699999892, -14.708540499999836 ], [ -67.207113499999892, -14.711829999999836 ], [ -67.204624399999886, -14.715461999999835 ], [ -67.202457199999884, -14.718600999999834 ], [ -67.200241699999879, -14.721765899999834 ], [ -67.197945699999877, -14.725117499999834 ], [ -67.195606799999879, -14.728526099999835 ], [ -67.193546899999873, -14.731509299999834 ], [ -67.191288499999871, -14.734725899999834 ], [ -67.188611599999874, -14.738663499999834 ], [ -67.187184699999875, -14.740702399999835 ], [ -67.185468099999881, -14.743265199999835 ], [ -67.183756799999884, -14.745687899999835 ], [ -67.181519899999884, -14.749039099999836 ], [ -67.179819399999886, -14.751643299999836 ], [ -67.177936399999879, -14.754724699999835 ], [ -67.175468799999877, -14.758822799999836 ], [ -67.173376699999878, -14.761312799999835 ], [ -67.17124699999988, -14.763802699999836 ], [ -67.167550899999881, -14.769140399999836 ], [ -67.165608999999876, -14.771951799999837 ], [ -67.163232599999873, -14.775333799999837 ], [ -67.160587899999868, -14.779493699999836 ], [ -67.159713499999867, -14.780816399999836 ], [ -67.156478799999874, -14.786060299999836 ], [ -67.153946799999872, -14.789602799999836 ], [ -67.151554199999808, -14.792839299999912 ], [ -67.149338699999802, -14.795655599999911 ], [ -67.145516599999809, -14.801165 ], [ -67.142440099999803, -14.803710199999911 ], [ -67.138923699999808, -14.806650799999911 ], [ -67.135187399999808, -14.809715899999912 ], [ -67.132413999999812, -14.811987399999913 ], [ -67.12958159999981, -14.814367899999912 ], [ -67.127532399999808, -14.817158 ], [ -67.12480189999981, -14.820860799999911 ], [ -67.122296699999808, -14.824205699999911 ], [ -67.120295799999809, -14.826923099999911 ], [ -67.120236799999816, -14.830070799999911 ], [ -67.120215299999813, -14.833711199999911 ], [ -67.120177799999809, -14.83727369999991 ], [ -67.120107999999803, -14.841147299999911 ], [ -67.120032899999799, -14.84535779999991 ], [ -67.119979299999798, -14.84963569999991 ], [ -67.119936399999801, -14.85839339999991 ], [ -67.119850499999799, -14.86266069999991 ], [ -67.119979299999798, -14.86643269999991 ], [ -67.120373499999801, -14.86957209999991 ], [ -67.118745499999804, -14.874222799999909 ], [ -67.118402099999798, -14.87668549999991 ], [ -67.117876399999801, -14.880687899999909 ], [ -67.117318499999797, -14.88476809999991 ], [ -67.116739199999799, -14.88905039999991 ], [ -67.116186599999793, -14.893343 ], [ -67.115929099999789, -14.896660799999909 ], [ -67.114732899999794, -14.900901399999908 ], [ -67.113246899999794, -14.905255899999908 ], [ -67.111905799999789, -14.909449699999907 ], [ -67.110504399999783, -14.913976399999907 ], [ -67.109475699999777, -14.917494799999908 ], [ -67.108228499999782, -14.921633899999907 ], [ -67.107064399999786, -14.925430799999907 ], [ -67.10586549999978, -14.929346899999906 ], [ -67.104714799999783, -14.933120299999906 ], [ -67.103687499999779, -14.936530799999906 ], [ -67.102563699999777, -14.940262699999906 ], [ -67.101439799999767, -14.943976299999907 ], [ -67.100243599999772, -14.947848 ], [ -67.099009799999777, -14.951880199999906 ], [ -67.097668699999772, -14.95627 ], [ -67.096531399999776, -14.959986 ], [ -67.095431699999779, -14.963634499999907 ], [ -67.094369499999772, -14.967065299999907 ], [ -67.093291299999777, -14.97061 ], [ -67.093371799999773, -14.973491399999908 ], [ -67.093414699999769, -14.976942799999907 ], [ -67.092459799999773, -14.980192 ], [ -67.091392299999768, -14.983744299999909 ], [ -67.089592499999767, -14.987397599999909 ], [ -67.087690799999763, -14.991259399999908 ], [ -67.085728799999757, -14.995240299999908 ], [ -67.084902699999759, -14.999437499999908 ], [ -67.08457139999976, -15.003980399999909 ], [ -67.083967899999763, -15.00822279999991 ], [ -67.083447599999758, -15.009898899999909 ], [ -67.082173499999755, -15.014080299999909 ], [ -67.080942399999756, -15.018303 ], [ -67.079724699999758, -15.022494499999908 ], [ -67.078442599999761, -15.026551299999909 ], [ -67.077042499999763, -15.031017199999908 ], [ -67.07586229999977, -15.035073799999909 ], [ -67.074639199999766, -15.039316799999909 ], [ -67.073528799999764, -15.043098699999909 ], [ -67.072455899999767, -15.04721719999991 ], [ -67.071114799999762, -15.050739899999909 ], [ -67.069682499999757, -15.054449099999909 ], [ -67.068775899999764, -15.058235799999908 ], [ -67.067960499999771, -15.061649599999908 ], [ -67.067338199999767, -15.063871799999909 ], [ -67.06539089999977, -15.066145899999908 ], [ -67.063317599999763, -15.068570099999908 ], [ -67.060808399999758, -15.071566699999908 ], [ -67.058112799999762, -15.074754899999908 ], [ -67.055624999999765, -15.077694399999908 ], [ -67.052881099999766, -15.080934299999909 ], [ -67.050987499999763, -15.083228899999909 ], [ -67.048696899999769, -15.08587049999991 ], [ -67.04578399999977, -15.08936149999991 ], [ -67.043124599999004, -15.092486 ], [ -67.041342299999002, -15.095198600000087 ], [ -67.039244799998997, -15.098470700000087 ], [ -67.036914599998994, -15.102140100000087 ], [ -67.03462199999899, -15.105656700000086 ], [ -67.032531199998985, -15.108954500000086 ], [ -67.030225799998988, -15.112560300000087 ], [ -67.028072699998987, -15.115924600000087 ], [ -67.025887399998993, -15.119316100000086 ], [ -67.023843499998989, -15.122529400000086 ], [ -67.021823799998984, -15.125628800000086 ], [ -67.01983159999898, -15.128818200000087 ], [ -67.017828699998987, -15.131898700000086 ], [ -67.016570699998979, -15.134007600000086 ], [ -67.016845599998973, -15.136951500000086 ], [ -67.016916699998973, -15.138038900000085 ], [ -67.019665999998978, -15.140503800000085 ], [ -67.02174869999898, -15.142364 ], [ -67.022168499998983, -15.142845600000085 ] ] } },
{ "type": "Feature", "properties": { "id": 675203567.0, "tags.power": "line", "Type": "Way", "Country": "BO", "Length": 13566.170321633797, "tags.cables": "3", "tags.voltage": "115000", "tags.circuits": null, "tags.frequency": "50" }, "geometry": { "type": "LineString", "coordinates": [ [ -67.560809699999155, -15.844724300000014 ], [ -67.560864699999868, -15.845347399999836 ], [ -67.561202699999868, -15.850425399999835 ], [ -67.563015799999874, -15.852959199999836 ], [ -67.565311799999876, -15.856163699999836 ], [ -67.56778479999987, -15.859626299999837 ], [ -67.571260899999871, -15.871711099999837 ], [ -67.572639599999874, -15.874672899999837 ], [ -67.573927099999878, -15.877438599999836 ], [ -67.578100599999871, -15.886137699999836 ], [ -67.578191799999871, -15.887871299999835 ], [ -67.57863169999915, -15.895272200000013 ], [ -67.578710799999143, -15.89661 ], [ -67.578921299999138, -15.901356500000013 ], [ -67.579119799999134, -15.904504800000012 ], [ -67.579385299999132, -15.910231300000012 ], [ -67.580454199999139, -15.924973700000011 ], [ -67.580938299999133, -15.927957900000012 ], [ -67.581571299999126, -15.931054200000011 ], [ -67.581978999999123, -15.932993800000011 ], [ -67.585235199999119, -15.948166400000011 ], [ -67.585919199999125, -15.950466900000011 ], [ -67.586662199999125, -15.952942600000011 ], [ -67.588302299999128, -15.95705720000001 ] ] } },
{ "type": "Feature", "properties": { "id": 675203568.0, "tags.power": "line", "Type": "Way", "Country": "BO", "Length": 4542.5195633693957, "tags.cables": "3", "tags.voltage": "115000", "tags.circuits": null, "tags.frequency": "50" }, "geometry": { "type": "LineString", "coordinates": [ [ -67.560679599999148, -15.844695900000014 ], [ -67.560604499999869, -15.845396499999834 ], [ -67.560966599999873, -15.850451199999835 ], [ -67.561057799999872, -15.853857099999836 ], [ -67.561186599999871, -15.858939999999835 ], [ -67.559620099999876, -15.865390099999836 ], [ -67.558949599999877, -15.868243599999836 ], [ -67.556396099999873, -15.878950399999836 ], [ -67.555720199999868, -15.881659199999836 ], [ -67.555371499999865, -15.883294799999836 ] ] } },
{ "type": "Feature", "properties": { "id": 675203571.0, "tags.power": "line", "Type": "Way", "Country": "BO", "Length": 50120.554497488687, "tags.cables": "3", "tags.voltage": "115000", "tags.circuits": null, "tags.frequency": "50" }, "geometry": { "type": "LineString", "coordinates": [ [ -67.227138899999872, -15.499469999999832 ], [ -67.21815879999987, -15.491038699999832 ], [ -67.214124799999865, -15.487233899999833 ], [ -67.212284799999864, -15.485512399999832 ], [ -67.209892299999865, -15.483780499999833 ], [ -67.205133999999859, -15.480327099999833 ], [ -67.203610499999854, -15.479200099999833 ], [ -67.197908199999858, -15.474924599999833 ], [ -67.194260399999862, -15.472256899999833 ], [ -67.190655499999863, -15.469583999999832 ], [ -67.186825299999867, -15.466688699999832 ], [ -67.183837299999865, -15.464491399999831 ], [ -67.180430899999863, -15.461921799999832 ], [ -67.178338799999864, -15.460313799999833 ], [ -67.176713399999869, -15.459083299999833 ], [ -67.17029209999987, -15.454662599999832 ], [ -67.16769039999987, -15.452490999999831 ], [ -67.165389099999871, -15.448876799999832 ], [ -67.161655399999873, -15.443597499999832 ], [ -67.157889599999876, -15.438111299999832 ], [ -67.153764399999872, -15.431983799999832 ], [ -67.150948099999866, -15.427867599999832 ], [ -67.149419199999869, -15.425643999999831 ], [ -67.145959099999871, -15.420751999999831 ], [ -67.144778999999872, -15.419024799999832 ], [ -67.140256799999875, -15.412265799999831 ], [ -67.138438199999882, -15.409617899999832 ], [ -67.135251799999878, -15.404787599999832 ], [ -67.133363499999874, -15.402191399999833 ], [ -67.132762699999873, -15.401244999999832 ], [ -67.130879799999875, -15.399822699999833 ], [ -67.127473399999872, -15.397252299999833 ], [ -67.123734399999876, -15.394650899999833 ], [ -67.119137099999875, -15.390508099999833 ], [ -67.114351999999869, -15.387161799999832 ], [ -67.111111899999869, -15.384337799999832 ], [ -67.108370699999867, -15.381224099999832 ], [ -67.105854799999861, -15.377303399999832 ], [ -67.100236499999866, -15.370436599999833 ], [ -67.098092599999873, -15.367988599999833 ], [ -67.092695799999873, -15.361640899999834 ], [ -67.089391399999869, -15.357952699999835 ], [ -67.087159799999867, -15.355024799999835 ], [ -67.085807899999864, -15.350188099999835 ], [ -67.084863799999866, -15.347399799999835 ], [ -67.083742599999866, -15.344026899999834 ], [ -67.08245519999987, -15.340752199999834 ], [ -67.081022899999866, -15.337218899999833 ], [ -67.078313799999862, -15.330695099999833 ], [ -67.076511399999859, -15.324905899999832 ], [ -67.076066099999863, -15.323503799999832 ], [ -67.07292259999987, -15.317590199999833 ], [ -67.07159219999987, -15.314454799999833 ], [ -67.070122399999875, -15.310113799999833 ], [ -67.068368199999881, -15.305700299999833 ], [ -67.067182699999876, -15.302683799999834 ], [ -67.069403499999879, -15.292412699999833 ], [ -67.07066949999988, -15.285861699999833 ], [ -67.072327099999882, -15.279553699999832 ], [ -67.073743299999876, -15.273090299999833 ], [ -67.074547999999879, -15.270585599999833 ], [ -67.075835499999883, -15.261120299999833 ], [ -67.077283899999884, -15.250153599999832 ], [ -67.065487499999918, -15.23004579999991 ], [ -67.062963499999924, -15.22632679999991 ], [ -67.061998, -15.224970699999909 ], [ -67.059463299999919, -15.22094619999991 ], [ -67.057859299999919, -15.218583199999909 ], [ -67.055750399999923, -15.215384199999908 ], [ -67.054215499999927, -15.213071699999908 ], [ -67.051894099999927, -15.209705699999908 ], [ -67.050316899999928, -15.207288199999908 ], [ -67.047962, -15.203372099999909 ], [ -67.04583229999993, -15.200136699999909 ], [ -67.041237699999925, -15.19956459999991 ], [ -67.039167, -15.19933429999991 ], [ -67.037179499999922, -15.197657 ], [ -67.03239169999992, -15.193487 ], [ -67.031632699999918, -15.188631 ], [ -67.030868199999915, -15.183730899999908 ], [ -67.030693899999918, -15.182032799999908 ], [ -67.029417199999912, -15.175141899999907 ], [ -67.028715799999915, -15.171640599999908 ], [ -67.027861499999915, -15.167153 ], [ -67.027067499999916, -15.163078299999908 ], [ -67.026299099999861, -15.159161299999907 ], [ -67.025605699999858, -15.155635199999907 ], [ -67.025002199999861, -15.152651499999907 ], [ -67.024365199999863, -15.149336299999907 ], [ -67.023751699999863, -15.146370599999907 ], [ -67.023084499999868, -15.143716799999908 ], [ -67.022526599999864, -15.143284399999908 ] ] } },
{ "type": "Feature", "properties": { "id": 681702081.0, "tags.power": "line", "Type": "Way", "Country": "BO", "Length": 82921.739592924525, "tags.cables": "6", "tags.voltage": "230000", "tags.circuits": "2", "tags.frequency": "50" }, "geometry": { "type": "LineString", "coordinates": [ [ -65.772590699999469, -17.157647300000153 ], [ -65.772663899999458, -17.158467500000153 ], [ -65.778247099999447, -17.162383300000155 ], [ -65.789761199999461, -17.164935500000158 ], [ -65.798689599999463, -17.168476200000157 ], [ -65.808686899999458, -17.172639300000156 ], [ -65.817075699999464, -17.179603500000155 ], [ -65.819142399999464, -17.181276400000154 ], [ -65.822013299999469, -17.183610700000155 ], [ -65.823129399999473, -17.185668500000155 ], [ -65.826430300000368, -17.195231099999962 ], [ -65.82636060000037, -17.197054199999961 ], [ -65.826361900000364, -17.199255199999961 ], [ -65.82857470000036, -17.202802599999959 ], [ -65.830231000000353, -17.205328899999959 ], [ -65.832921300000351, -17.209434799999958 ], [ -65.832006600000355, -17.212848799999957 ], [ -65.830666900000352, -17.218011299999958 ], [ -65.829694600000352, -17.224313699999957 ], [ -65.828557300000355, -17.230168899999956 ], [ -65.827626600000357, -17.234685399999957 ], [ -65.826815200000354, -17.238565099999956 ], [ -65.82605480000035, -17.242113099999955 ], [ -65.825502300000352, -17.244811799999955 ], [ -65.826038700000353, -17.251056899999956 ], [ -65.826304300000359, -17.255683 ], [ -65.826587200000361, -17.258959099999956 ], [ -65.826671700000361, -17.260657399999957 ], [ -65.827336900000361, -17.269791099999956 ], [ -65.827581000000364, -17.272347299999957 ], [ -65.828168400000365, -17.280745499999956 ], [ -65.828345400000359, -17.282832799999955 ], [ -65.828643100000363, -17.285952199999954 ], [ -65.82923590000037, -17.292026899999954 ], [ -65.825172400000369, -17.299658499999953 ], [ -65.823573800000375, -17.302664899999954 ], [ -65.82185450000037, -17.305622599999953 ], [ -65.820565700000373, -17.309091199999955 ], [ -65.816830700000367, -17.314370099999955 ], [ -65.813468500000369, -17.319846 ], [ -65.812740300000371, -17.321012299999957 ], [ -65.809644400000366, -17.325976899999958 ], [ -65.811317800000367, -17.331566 ], [ -65.812964200000366, -17.335717099999961 ], [ -65.814392800000363, -17.339183199999962 ], [ -65.815988500000358, -17.34327779999996 ], [ -65.817705100000353, -17.34749319999996 ], [ -65.820700800000651, -17.355676199999923 ], [ -65.820994000000653, -17.359046099999922 ], [ -65.821591100000092, -17.369834799999879 ], [ -65.821628000000374, -17.370500999999898 ], [ -65.821918599999606, -17.375751699999988 ], [ -65.82327140000065, -17.377118 ], [ -65.824477100000649, -17.378353899999922 ], [ -65.828474900000643, -17.382610299999921 ], [ -65.835266200000646, -17.39063969999992 ], [ -65.840178300000645, -17.39640469999992 ], [ -65.841645600000646, -17.398164099999921 ], [ -65.845332900000642, -17.402565299999921 ], [ -65.846870300000646, -17.404397599999921 ], [ -65.852408300000647, -17.409079199999923 ], [ -65.855231300000654, -17.411436899999924 ], [ -65.857090400000658, -17.412986599999925 ], [ -65.861709100000652, -17.416955399999924 ], [ -65.864308000000648, -17.419173899999922 ], [ -65.866149200000649, -17.420753599999923 ], [ -65.867918500000656, -17.422398599999923 ], [ -65.871504600000662, -17.425389899999924 ], [ -65.875185600000663, -17.428587599999926 ], [ -65.879286000000661, -17.431923099999924 ], [ -65.882249700000656, -17.434406299999925 ], [ -65.885023900000661, -17.438933799999923 ], [ -65.885885500000654, -17.440444299999921 ], [ -65.88783510000016, -17.443678 ], [ -65.890878100000165, -17.444913399999933 ], [ -65.893282800000165, -17.445823699999934 ], [ -65.896931900000183, -17.447539 ], [ -65.901226200000167, -17.449007 ], [ -65.904882500000184, -17.450376 ], [ -65.90705980000017, -17.451251699999933 ], [ -65.911415200000164, -17.453808699999936 ], [ -65.913629700000186, -17.454986099999932 ], [ -65.91708150000018, -17.457113799999931 ], [ -65.921093200000158, -17.459417899999931 ], [ -65.92952320000019, -17.459205299999933 ], [ -65.933961300000192, -17.459096699999932 ], [ -65.937473800000191, -17.459009899999934 ], [ -65.941312600000188, -17.458879599999936 ], [ -65.944514000000183, -17.458771099999936 ], [ -65.949028000000183, -17.458669799999935 ], [ -65.957828200000179, -17.458430899999936 ], [ -65.963540800000175, -17.460515199999936 ], [ -65.96462570000017, -17.460761199999936 ], [ -65.968259600000167, -17.461680299999937 ], [ -65.974040400000163, -17.463395399999936 ], [ -65.98120960000017, -17.465660499999935 ], [ -65.986842700000167, -17.467324199999936 ], [ -65.994727700000169, -17.469709599999938 ], [ -65.998608300000171, -17.470950899999938 ], [ -66.002959000000175, -17.472241 ], [ -66.005829800000171, -17.473141599999938 ], [ -66.008726000000166, -17.474005599999938 ], [ -66.014837500000169, -17.475952799999938 ], [ -66.021892500000178, -17.478120199999939 ], [ -66.026216500000174, -17.479328599999938 ], [ -66.031956200000181, -17.481241399999938 ], [ -66.040851700000175, -17.48388 ], [ -66.041696400000177, -17.48410539999994 ], [ -66.04780790000018, -17.485979399999941 ], [ -66.054710400000175, -17.488121199999942 ], [ -66.060987800000177, -17.490031699999943 ], [ -66.065721300000178, -17.491479799999944 ], [ -66.070336900000171, -17.492888499999943 ], [ -66.076897200000175, -17.494887699999943 ], [ -66.080270100000178, -17.496771299999942 ], [ -66.085111900000172, -17.499614499999943 ], [ -66.088973200000169, -17.501815099999941 ], [ -66.092921900000164, -17.504281 ], [ -66.097326700000167, -17.506679299999941 ], [ -66.101340800000173, -17.509003299999943 ], [ -66.105024, -17.5101289 ], [ -66.108636100000055, -17.5112835 ], [ -66.115534600000061, -17.5132976 ], [ -66.116820800000056, -17.5140986 ], [ -66.121600900000061, -17.5170559 ], [ -66.12615130000006, -17.5198467 ], [ -66.132096300000057, -17.5235475 ], [ -66.133303900000058, -17.5243447 ], [ -66.138103300000054, -17.5285374 ], [ -66.139612200000059, -17.5299393 ], [ -66.146597600000064, -17.5360488 ], [ -66.149358900000067, -17.5384598 ], [ -66.153340200000073, -17.5420338 ], [ -66.155990600000067, -17.545999 ], [ -66.158578300000357, -17.549824899999958 ], [ -66.161757300000062, -17.5525335 ], [ -66.164906800000068, -17.5552403 ], [ -66.168224100000074, -17.5580711 ], [ -66.172071800000353, -17.56060319999996 ], [ -66.176560500000349, -17.563489 ], [ -66.180791000000355, -17.566913 ], [ -66.183396800000352, -17.569091099999959 ], [ -66.186794500000346, -17.57166409999996 ], [ -66.190590800000351, -17.574888 ], [ -66.195036500000356, -17.578434799999958 ], [ -66.200073600000351, -17.582528399999958 ], [ -66.203109000000353, -17.582753699999959 ], [ -66.207581600000353, -17.580162299999959 ], [ -66.210157900000354, -17.578606399999959 ], [ -66.215930000000355, -17.575322 ], [ -66.218317200000357, -17.573938599999959 ], [ -66.219893000000354, -17.574086899999958 ], [ -66.22043340000036, -17.574066499999958 ] ] } },
{ "type": "Feature", "properties": { "id": 704654509.0, "tags.power": "line", "Type": "Way", "Country": "BO", "Length": 6050.3306629114531, "tags.cables": null, "tags.voltage": "115000", "tags.circuits": null, "tags.frequency": null }, "geometry": { "type": "LineString", "coordinates": [ [ -66.184002199999682, -17.396118800000021 ], [ -66.184932099999884, -17.39621 ], [ -66.185281899999879, -17.396543700000088 ], [ -66.185534400000222, -17.397275799999903 ], [ -66.185781100000213, -17.398047499999905 ], [ -66.186067699999882, -17.398833300000089 ], [ -66.186324600001058, -17.399612799999954 ], [ -66.186582300001064, -17.400376299999955 ], [ -66.187037500001068, -17.400632099999957 ], [ -66.187881300001067, -17.400600399999956 ], [ -66.188661600000898, -17.400571399999865 ], [ -66.189431200001053, -17.400532299999952 ], [ -66.190340900001061, -17.400507899999955 ], [ -66.191251800001055, -17.400472799999953 ], [ -66.192162100001056, -17.400454899999954 ], [ -66.193024500001059, -17.400448899999947 ], [ -66.193887000001055, -17.400431 ], [ -66.194730800001054, -17.400407199999947 ], [ -66.19559530000106, -17.400389399999948 ], [ -66.196445400001068, -17.400355699999952 ], [ -66.197293100001062, -17.400320799999953 ], [ -66.198105700001065, -17.400288099999955 ], [ -66.198444900001064, -17.400595499999952 ], [ -66.198539000001063, -17.401357199999953 ], [ -66.198644500001066, -17.402132599999952 ], [ -66.199282400001067, -17.402581599999952 ], [ -66.200100500001071, -17.402967099999952 ], [ -66.200921900001077, -17.40335579999995 ], [ -66.201733300001081, -17.403735 ], [ -66.202531300001084, -17.404111 ], [ -66.203349300001079, -17.404499699999949 ], [ -66.204174100001083, -17.404882 ], [ -66.204972100001086, -17.405242 ], [ -66.205750100001083, -17.405621199999949 ], [ -66.206588200001079, -17.406006699999949 ], [ -66.207416300001086, -17.406392199999949 ], [ -66.208227600001081, -17.40677139999995 ], [ -66.209025700001078, -17.40714409999995 ], [ -66.209850400001073, -17.407532799999949 ], [ -66.210668500001077, -17.407915199999948 ], [ -66.211463100001083, -17.408294299999948 ], [ -66.212267800001086, -17.408663899999947 ], [ -66.21307920000109, -17.409046199999946 ], [ -66.213930700001086, -17.409454 ], [ -66.214702000001083, -17.409804499999947 ], [ -66.215550100001082, -17.410206 ], [ -66.216288000001086, -17.41055 ], [ -66.216868399999939, -17.410821299999981 ], [ -66.217099400001089, -17.410929199999945 ], [ -66.217947500001088, -17.410884599999946 ], [ -66.218879100001089, -17.410855899999945 ], [ -66.219784000001084, -17.41084 ], [ -66.22060870000108, -17.410795399999945 ], [ -66.221453500001076, -17.410747599999944 ], [ -66.222328300001081, -17.410690199999944 ], [ -66.223206500001083, -17.410636099999945 ], [ -66.224031200001079, -17.410566 ], [ -66.224989500001072, -17.410495899999948 ], [ -66.225894200001079, -17.410461399999946 ], [ -66.226763200001074, -17.410394899999947 ], [ -66.227664400001075, -17.410338599999946 ], [ -66.228537500001082, -17.410302799999947 ], [ -66.228700000001069, -17.409171399999956 ], [ -66.228899900001068, -17.408069 ], [ -66.229252900001072, -17.407685099999956 ] ] } },
{ "type": "Feature", "properties": { "id": 730884236.0, "tags.power": "line", "Type": "Way", "Country": "BO", "Length": 23.922399973689984, "tags.cables": null, "tags.voltage": null, "tags.circuits": null, "tags.frequency": null }, "geometry": { "type": "LineString", "coordinates": [ [ -68.121839300000218, -16.516649599999862 ], [ -68.121983800000223, -16.516497099999864 ] ] } },
{ "type": "Feature", "properties": { "id": 730884241.0, "tags.power": "line", "Type": "Way", "Country": "BO", "Length": 21.827910590937044, "tags.cables": null, "tags.voltage": null, "tags.circuits": null, "tags.frequency": null }, "geometry": { "type": "LineString", "coordinates": [ [ -68.124233999999873, -16.519797399999927 ], [ -68.124123200000213, -16.519642299999866 ] ] } },
{ "type": "Feature", "properties": { "id": 730884242.0, "tags.power": "line", "Type": "Way", "Country": "BO", "Length": 38.384731632708991, "tags.cables": null, "tags.voltage": null, "tags.circuits": null, "tags.frequency": null }, "geometry": { "type": "LineString", "coordinates": [ [ -68.123899900000211, -16.519390399999864 ], [ -68.124123200000213, -16.519642299999866 ] ] } },
{ "type": "Feature", "properties": { "id": 737721938.0, "tags.power": "line", "Type": "Way", "Country": "BO", "Length": 1416.6376151373643, "tags.cables": null, "tags.voltage": null, "tags.circuits": null, "tags.frequency": null }, "geometry": { "type": "LineString", "coordinates": [ [ -68.159458699999973, -16.455299 ], [ -68.158759599999982, -16.456844400000065 ], [ -68.158322399999975, -16.457549200000066 ], [ -68.157225799999651, -16.459260199999896 ], [ -68.155942299999651, -16.461129099999898 ], [ -68.155011499999645, -16.462907899999898 ], [ -68.154362699999638, -16.463530899999899 ], [ -68.153651799999636, -16.464234699999892 ], [ -68.153889299999648, -16.464717699999895 ], [ -68.152951799999641, -16.465295799999893 ] ] } },
{ "type": "Feature", "properties": { "id": 737721939.0, "tags.power": "line", "Type": "Way", "Country": "BO", "Length": 1537.5694819219648, "tags.cables": null, "tags.voltage": null, "tags.circuits": null, "tags.frequency": null }, "geometry": { "type": "LineString", "coordinates": [ [ -68.152988599999631, -16.464953299999891 ], [ -68.153651799999636, -16.464234699999892 ], [ -68.153795199999635, -16.463397899999897 ], [ -68.15458909999964, -16.462217199999898 ], [ -68.155298499999645, -16.461219199999899 ], [ -68.156561300000035, -16.456915499999983 ], [ -68.156998500000029, -16.455531599999983 ], [ -68.157147599999973, -16.454966500000065 ], [ -68.15853869999998, -16.454823100000066 ], [ -68.159368399999977, -16.454771200000064 ], [ -68.159563199999653, -16.454767799999896 ] ] } },
{ "type": "Feature", "properties": { "id": 737721943.0, "tags.power": "line", "Type": "Way", "Country": "BO", "Length": 77389.437681984637, "tags.cables": "3", "tags.voltage": "230000", "tags.circuits": null, "tags.frequency": "50" }, "geometry": { "type": "LineString", "coordinates": [ [ -64.522407899999962, -17.202909699999918 ], [ -64.524369099999959, -17.202105399999919 ], [ -64.527972299999959, -17.200606599999919 ], [ -64.531052599999953, -17.199322699999918 ], [ -64.534321199999951, -17.198018799999918 ], [ -64.537600199999957, -17.196729899999919 ], [ -64.541087099999956, -17.195305099999921 ], [ -64.544448399999951, -17.193945 ], [ -64.54754319999995, -17.192675599999919 ], [ -64.55097839999975, -17.191315400000011 ], [ -64.554673899999955, -17.18979539999992 ], [ -64.558041599999754, -17.188469900000012 ], [ -64.561127299999953, -17.18720739999992 ], [ -64.564363299999471, -17.1859214 ], [ -64.567366600000383, -17.184727900000045 ], [ -64.570947700000389, -17.183338300000045 ], [ -64.57471030000039, -17.181853 ], [ -64.57740320000039, -17.180797200000047 ], [ -64.581059400000385, -17.179374600000045 ], [ -64.584719099999475, -17.1779013 ], [ -64.58841789999947, -17.176456 ], [ -64.591741099999467, -17.1751657 ], [ -64.594895899999472, -17.1739082 ], [ -64.598700099999462, -17.1723917 ], [ -64.601607599999468, -17.171206500000011 ], [ -64.604681399999464, -17.16997580000001 ], [ -64.60774449999947, -17.1687232 ], [ -64.611503599999466, -17.16723690000001 ], [ -64.614299799999472, -17.1661016 ], [ -64.617322699999477, -17.1648535 ], [ -64.620245599999464, -17.1636631 ], [ -64.623806899999465, -17.1624138 ], [ -64.62825539999946, -17.1608479 ], [ -64.632776199999455, -17.1592231 ], [ -64.636297999999456, -17.157793 ], [ -64.639677599999459, -17.1564168 ], [ -64.642846999999463, -17.155141300000018 ], [ -64.645813099999458, -17.1538424 ], [ -64.649034399999465, -17.1524366 ], [ -64.652585699999463, -17.1508912 ], [ -64.656136899999467, -17.1493368 ], [ -64.659507099999473, -17.1478643 ], [ -64.662861199999469, -17.1464086 ], [ -64.666034299999467, -17.1450271 ], [ -64.669361599999462, -17.143538 ], [ -64.672789399999459, -17.1420732 ], [ -64.676344699999461, -17.1405213 ], [ -64.679840999999456, -17.1389757 ], [ -64.68357859999945, -17.1373494 ], [ -64.687262599999457, -17.135718 ], [ -64.690179499999459, -17.1344415 ], [ -64.692283699999464, -17.1335291 ], [ -64.69667049999947, -17.1316246 ], [ -64.703638899999476, -17.1286295 ], [ -64.707108299999476, -17.1270621 ], [ -64.710220599999474, -17.1259025 ], [ -64.713933199999474, -17.1245193 ], [ -64.718152299999474, -17.1229839 ], [ -64.722086299999759, -17.1216435 ], [ -64.72477999999947, -17.1212587 ], [ -64.727888699999468, -17.1209101 ], [ -64.731166399999466, -17.1205282 ], [ -64.734628999999472, -17.1201535 ], [ -64.738502999999753, -17.1197343 ], [ -64.74216339999947, -17.1192606 ], [ -64.746189399999466, -17.1188056 ], [ -64.750011599999468, -17.1183621 ], [ -64.753962999999743, -17.117956300000017 ], [ -64.757618299999464, -17.1174803 ], [ -64.761240599999468, -17.1170522 ], [ -64.764506199999474, -17.116687 ], [ -64.768450499999759, -17.116288300000015 ], [ -64.77216889999977, -17.114789100000014 ], [ -64.775443199999756, -17.113552900000013 ], [ -64.778718799999467, -17.1122163 ], [ -64.78224679999947, -17.11082690000001 ], [ -64.785797599999469, -17.1094284 ], [ -64.78928709999947, -17.1080703 ], [ -64.792506799999472, -17.1068072 ], [ -64.795526399999474, -17.105617100000011 ], [ -64.798683899999475, -17.1044116 ], [ -64.80676289999947, -17.1012562 ], [ -64.810316099999753, -17.0998571 ], [ -64.812931299999477, -17.09856120000001 ], [ -64.815701799999474, -17.097182900000011 ], [ -64.818279599999471, -17.09588960000001 ], [ -64.820590999999752, -17.094738100000011 ], [ -64.822642999999758, -17.09176050000001 ], [ -64.82485249999948, -17.088941500000011 ], [ -64.827137099999476, -17.086232600000013 ], [ -64.829607299999481, -17.083268600000014 ], [ -64.832102999999748, -17.080452100000013 ], [ -64.834859899999472, -17.076985600000015 ], [ -64.837397799999465, -17.073885100000016 ], [ -64.839811999999469, -17.070983500000015 ], [ -64.842357599999474, -17.067923900000014 ], [ -64.844770299999468, -17.065024 ], [ -64.847333299999477, -17.061943400000015 ], [ -64.849730799999747, -17.0589684 ], [ -64.852297599999687, -17.055961499999896 ], [ -64.854503799999463, -17.053237700000018 ], [ -64.856522099999694, -17.050886799999894 ], [ -64.8589400999997, -17.047958299999895 ], [ -64.861377899999468, -17.044951100000016 ], [ -64.863639299999704, -17.042233299999893 ], [ -64.865934299999466, -17.039501400000017 ], [ -64.868186999999708, -17.036772299999893 ], [ -64.871341299999713, -17.035323299999892 ], [ -64.875262699999709, -17.03346659999989 ], [ -64.877298499999569, -17.03251 ], [ -64.879492499999571, -17.032356099999966 ], [ -64.883902099999574, -17.032074 ], [ -64.888882899999572, -17.031322599999967 ], [ -64.892574099999464, -17.030753300000018 ], [ -64.897130699999579, -17.030104399999967 ], [ -64.901250599999585, -17.029129899999965 ], [ -64.903637799999586, -17.028547699999965 ], [ -64.90691269999958, -17.027783499999966 ], [ -64.910638299999576, -17.026867899999967 ], [ -64.91325349999957, -17.026242099999966 ], [ -64.917515499999567, -17.025249599999967 ], [ -64.921356399999567, -17.024340399999968 ], [ -64.925213499999572, -17.023405599999968 ], [ -64.928783499999568, -17.022572099999969 ], [ -64.932598099999794, -17.021644699999985 ], [ -64.935928599999571, -17.020877699999968 ], [ -64.939359399999574, -17.020035599999968 ], [ -64.942661199999463, -17.019217400000016 ], [ -64.945908899999793, -17.019085799999985 ], [ -64.949782499999458, -17.018868600000015 ], [ -64.953556399999457, -17.018716 ], [ -64.957577699999462, -17.018515300000015 ], [ -64.96222529999946, -17.018308200000014 ], [ -64.966562699999443, -17.018106400000015 ], [ -64.969224499999456, -17.017982500000013 ], [ -64.972962099999449, -17.017801700000014 ], [ -64.976381099999799, -17.017658 ], [ -64.980453399999803, -17.017479 ], [ -64.984714899999815, -17.017284299999989 ], [ -64.988817499999797, -17.0170793 ], [ -64.992961999999423, -17.017218300000014 ], [ -64.995653599999429, -17.017225700000015 ], [ -64.999297399999435, -17.017180100000015 ], [ -65.002326399999802, -17.016887099999987 ], [ -65.005943499999802, -17.016546799999986 ], [ -65.00924849999943, -17.016208500000015 ], [ -65.012706299999437, -17.015871 ], [ -65.016903099999439, -17.015487500000013 ], [ -65.020667399999439, -17.015159200000014 ], [ -65.023602099999437, -17.014936900000013 ], [ -65.027009999999805, -17.014698 ], [ -65.030781199999439, -17.014389200000014 ], [ -65.034517199999812, -17.014147199999989 ], [ -65.037975599999811, -17.013862499999988 ], [ -65.040947499999803, -17.0128634 ], [ -65.044283499999807, -17.011728599999987 ], [ -65.046998399999822, -17.0108023 ], [ -65.0502062999998, -17.009754699999988 ], [ -65.053353699999818, -17.0086724 ], [ -65.056920699999438, -17.007959300000014 ], [ -65.060499299999805, -17.007307 ], [ -65.063389099999441, -17.006740700000012 ], [ -65.066545999999818, -17.0061221 ], [ -65.070672499999802, -17.005330499999989 ], [ -65.074326999999798, -17.0046035 ], [ -65.078341799999436, -17.003830500000014 ], [ -65.081808799999791, -17.003163 ], [ -65.084933899999442, -17.002557700000015 ], [ -65.088857599999827, -17.0017816 ], [ -65.092712599999444, -17.001031500000014 ], [ -65.096617999999822, -17.0002716 ], [ -65.100059199999819, -16.9995809 ], [ -65.10438289999982, -16.9987552 ], [ -65.108998899999818, -16.9978513 ], [ -65.111679599999448, -16.997344800000015 ], [ -65.116190499999831, -16.996443 ], [ -65.119214699999816, -16.9972329 ], [ -65.121809499999827, -16.997923899999989 ], [ -65.125416399999807, -16.9989217 ], [ -65.1289775999998, -16.999144499999989 ], [ -65.140616199999798, -16.9994916 ], [ -65.145347699999448, -16.999469500000014 ], [ -65.148708999999798, -16.999471299999989 ], [ -65.152478399999453, -16.999554200000013 ], [ -65.156170699999578, -16.999635500000014 ], [ -65.160217599999584, -16.999711 ] ] } },
{ "type": "Feature", "properties": { "id": 737723056.0, "tags.power": "line", "Type": "Way", "Country": "BO", "Length": 2831.9474563266931, "tags.cables": "3", "tags.voltage": "115000", "tags.circuits": null, "tags.frequency": "50" }, "geometry": { "type": "LineString", "coordinates": [ [ -68.088353899999959, -16.443396799999974 ], [ -68.090153800000024, -16.445255700000082 ], [ -68.091604800000027, -16.446606400000082 ], [ -68.093859800000018, -16.44871610000008 ], [ -68.09790270000002, -16.45247910000008 ], [ -68.100748500000023, -16.45506960000008 ], [ -68.102110200000013, -16.456382 ], [ -68.103192, -16.457400100000079 ], [ -68.106519899999654, -16.460471899999895 ] ] } },
{ "type": "Feature", "properties": { "id": 744450543.0, "tags.power": "line", "Type": "Way", "Country": "BO", "Length": 38119.948276569856, "tags.cables": null, "tags.voltage": null, "tags.circuits": null, "tags.frequency": null }, "geometry": { "type": "LineString", "coordinates": [ [ -67.7156573, -16.106573199999968 ], [ -67.723840599999988, -16.105791699999969 ], [ -67.724728, -16.105750299999968 ], [ -67.726595099999983, -16.105276699999969 ], [ -67.732079299999981, -16.103926799999968 ], [ -67.740671899999981, -16.101786799999967 ], [ -67.743216799999985, -16.101105899999968 ], [ -67.747254399999989, -16.099988299999968 ], [ -67.7501083, -16.097627799999966 ], [ -67.7515996, -16.096287699999966 ], [ -67.7623134, -16.091710099999965 ], [ -67.764102, -16.090521099999965 ], [ -67.7684159, -16.089280799999965 ], [ -67.7730683, -16.087694099999965 ], [ -67.777958199999986, -16.086009799999964 ], [ -67.7899361, -16.077506399999965 ], [ -67.7976435, -16.073810099999964 ], [ -67.7995932, -16.072861 ], [ -67.8042771, -16.066539199999966 ], [ -67.810410499999989, -16.058196 ], [ -67.827872199999987, -16.033659499999967 ], [ -67.831581099999966, -16.025182099999963 ], [ -67.83449029999997, -16.018569199999963 ], [ -67.837151799999972, -16.012119299999963 ], [ -67.843041, -15.998021399999963 ], [ -67.84410979999997, -15.99581 ], [ -67.849376199999966, -15.989702099999963 ], [ -67.854862, -15.983863699999963 ], [ -67.858146399999967, -15.979842099999964 ], [ -67.859406299999961, -15.978283699999963 ], [ -67.862634099999966, -15.977249399999963 ], [ -67.867270399999967, -15.97646 ], [ -67.876487300000079, -15.975020199999959 ], [ -67.888630400000409, -15.98733429999996 ], [ -67.89288740000039, -15.991937899999963 ], [ -67.89425110000046, -15.994894799999974 ], [ -67.898358300000467, -16.002981599999959 ], [ -67.905760600000377, -16.009030899999946 ], [ -67.913942600000439, -16.016796199999973 ], [ -67.915285400000428, -16.01782689999996 ], [ -67.927503199999961, -16.025829699999964 ], [ -67.929112199999963, -16.026849599999963 ], [ -67.935295299999964, -16.037536399999961 ], [ -67.936630899999969, -16.040314599999963 ], [ -67.939110699999972, -16.044784799999963 ], [ -67.941492399999973, -16.048631 ], [ -67.943694099999973, -16.048977299999965 ], [ -67.945475, -16.048751799999966 ], [ -67.947190699999979, -16.048361099999966 ], [ -67.955545299999983, -16.047278199999965 ] ] } },
{ "type": "Feature", "properties": { "id": 745500251.0, "tags.power": "line", "Type": "Way", "Country": "BO", "Length": 193926.27275585535, "tags.cables": "3", "tags.voltage": "230000", "tags.circuits": null, "tags.frequency": "50" }, "geometry": { "type": "LineString", "coordinates": [ [ -65.210778, -21.157215 ], [ -65.211290300000087, -21.154135700000015 ], [ -65.212030600000091, -21.149844 ], [ -65.212597900000091, -21.145834700000016 ], [ -65.213103600000096, -21.142180800000016 ], [ -65.21339740000009, -21.139296800000015 ], [ -65.213791500000085, -21.135399200000016 ], [ -65.21426990000009, -21.130788500000016 ], [ -65.214705, -21.126571900000016 ], [ -65.214668600000095, -21.123485200000015 ], [ -65.214613900000089, -21.119102300000016 ], [ -65.214570600000087, -21.113692100000016 ], [ -65.214941900000085, -21.109744300000017 ], [ -65.215234700000053, -21.106827900000027 ], [ -65.215630200000049, -21.102398300000026 ], [ -65.215993500000053, -21.098667 ], [ -65.216355700000051, -21.095054100000027 ], [ -65.216747500000054, -21.090878500000027 ], [ -65.217298800000052, -21.086923900000027 ], [ -65.217777200000057, -21.083322300000027 ], [ -65.218474300000054, -21.078932600000027 ], [ -65.219478900000055, -21.076310700000025 ], [ -65.21980460000006, -21.073424400000025 ], [ -65.219996, -21.070715900000025 ], [ -65.22005290000007, -21.066469700000024 ], [ -65.220597400000074, -21.062451300000024 ], [ -65.221048400000072, -21.059125400000024 ], [ -65.221510800000075, -21.055549 ], [ -65.222068900000082, -21.051589800000023 ], [ -65.222643, -21.047118100000024 ], [ -65.223089500000071, -21.043234100000024 ], [ -65.22371140000007, -21.040252200000022 ], [ -65.224212500000064, -21.035607300000024 ], [ -65.22472050000006, -21.031600300000022 ], [ -65.225347, -21.027010200000021 ], [ -65.225914200000062, -21.022877900000022 ], [ -65.226021300000056, -21.019344700000023 ], [ -65.226128300000056, -21.015239700000024 ], [ -65.226246800000055, -21.010815900000022 ], [ -65.226328500000093, -21.007439300000016 ], [ -65.226508800000062, -21.003059300000022 ], [ -65.226185300000068, -20.998888200000021 ], [ -65.226103300000062, -20.996480400000021 ], [ -65.226176200000069, -20.993165900000022 ], [ -65.226148800000075, -20.988521100000021 ], [ -65.226146600000078, -20.98441840000002 ], [ -65.226128300000084, -20.980441 ], [ -65.226005300000082, -20.976124200000019 ], [ -65.226201200000077, -20.973219700000019 ], [ -65.226454100000083, -20.968782200000017 ], [ -65.226283200000083, -20.965390200000016 ], [ -65.226137400000084, -20.962262500000016 ], [ -65.225997900000081, -20.956490100000014 ], [ -65.227089100000086, -20.952218800000015 ], [ -65.22739830000009, -20.94791 ], [ -65.227768800000092, -20.942400700000015 ], [ -65.227925400000089, -20.938942100000016 ], [ -65.228261300000014, -20.935713900000149 ], [ -65.2284299, -20.932750300000148 ], [ -65.228648600000014, -20.928684000000146 ], [ -65.2289948, -20.925077900000147 ], [ -65.229311400000014, -20.920968400000149 ], [ -65.229675900000018, -20.91632590000015 ], [ -65.229705500000023, -20.912186700000149 ], [ -65.229737400000019, -20.908539700000148 ], [ -65.229746500000019, -20.904837900000146 ], [ -65.229990300000026, -20.901518900000145 ], [ -65.230108700000031, -20.897823900000144 ], [ -65.229917400000033, -20.894782800000144 ], [ -65.229705500000037, -20.892311200000144 ], [ -65.229502800000034, -20.888529700000145 ], [ -65.229249900000028, -20.885547800000143 ], [ -65.22935470000003, -20.881593200000143 ], [ -65.230113300000028, -20.876932400000143 ], [ -65.230448200000026, -20.871863800000142 ], [ -65.230541600000024, -20.869638200000143 ], [ -65.230836, -20.865003600000144 ], [ -65.230536199999975, -20.861999300000146 ], [ -65.230524799999969, -20.858404600000146 ], [ -65.230486099999965, -20.855322400000144 ], [ -65.230476899999971, -20.852538700000146 ], [ -65.23058629999997, -20.848149000000145 ], [ -65.230611399999972, -20.843661400000144 ], [ -65.230723, -20.839109900000143 ], [ -65.230381299999962, -20.833599400000143 ], [ -65.230317499999956, -20.831291800000141 ], [ -65.230244599999949, -20.828168700000141 ], [ -65.230524799999955, -20.82487920000014 ], [ -65.23078219999995, -20.82154420000014 ], [ -65.230489499999948, -20.817175000000141 ], [ -65.230160899999944, -20.812648600000141 ], [ -65.230174199999951, -20.810825100000141 ], [ -65.230184699999953, -20.806595500000142 ], [ -65.230158499999959, -20.802669900000144 ], [ -65.230123499999962, -20.800500700000143 ], [ -65.231336199999959, -20.795917900000141 ], [ -65.232154599999959, -20.792613700000143 ], [ -65.232871, -20.789003000000143 ], [ -65.234264, -20.788103200000144 ], [ -65.236020399999958, -20.787971100000146 ], [ -65.240162899999959, -20.787697700000145 ], [ -65.242895399999952, -20.787925500000146 ], [ -65.249033399999959, -20.787684100000146 ], [ -65.255597499999965, -20.788866300000144 ], [ -65.257715499999961, -20.789130600000146 ], [ -65.261875399999965, -20.789352100000144 ], [ -65.267823199999967, -20.789671000000144 ], [ -65.270712899999964, -20.789666500000145 ], [ -65.273997699999967, -20.790240500000145 ], [ -65.279114099999973, -20.791165400000146 ], [ -65.282344299999977, -20.789124300000147 ], [ -65.286661099999975, -20.786162900000146 ], [ -65.293341399999974, -20.782069300000146 ], [ -65.29387789999997, -20.778688800000147 ], [ -65.294298099999963, -20.776089600000148 ], [ -65.294622199999964, -20.773931200000149 ], [ -65.303892799999957, -20.765474100000148 ], [ -65.315224699999959, -20.75723460000015 ], [ -65.316312499999952, -20.75582340000015 ], [ -65.322093499999937, -20.751454200000151 ], [ -65.330026899999936, -20.745816200000149 ], [ -65.333727, -20.74332060000015 ], [ -65.336575, -20.741360400000151 ], [ -65.340552399999936, -20.74033070000015 ], [ -65.342616299999932, -20.73972930000015 ], [ -65.346588, -20.73772010000015 ], [ -65.349087499999925, -20.735838500000149 ], [ -65.352560899999929, -20.732581000000149 ], [ -65.355879899999934, -20.727578500000149 ], [ -65.357488799999942, -20.722806100000152 ], [ -65.361956499999948, -20.720689800000152 ], [ -65.365958899999953, -20.719149900000151 ], [ -65.371828799999946, -20.716127000000149 ], [ -65.375375599999941, -20.714675900000149 ], [ -65.376892199999944, -20.71406770000015 ], [ -65.3805, -20.71231470000015 ], [ -65.387235799999942, -20.709585700000151 ], [ -65.392630899999943, -20.708734800000151 ], [ -65.400872699999937, -20.70425570000015 ], [ -65.404389399999943, -20.701344400000149 ], [ -65.407805799999949, -20.69978400000015 ], [ -65.410041599999985, -20.698932100000043 ], [ -65.419871199999989, -20.694298600000042 ], [ -65.4208097, -20.693902300000044 ], [ -65.4246675, -20.692048 ], [ -65.4265298, -20.691517200000042 ], [ -65.4363554, -20.687249400000042 ], [ -65.4439844, -20.68240060000004 ], [ -65.4496, -20.680284800000148 ], [ -65.455448600000025, -20.68198710000015 ], [ -65.459362200000029, -20.682973500000148 ], [ -65.462701200000026, -20.68387440000015 ], [ -65.467422400000032, -20.683293500000151 ], [ -65.47076760000003, -20.683008800000149 ], [ -65.47669150000003, -20.682336800000147 ], [ -65.484212900000031, -20.681475700000146 ], [ -65.485990300000026, -20.678456200000145 ], [ -65.489502400000035, -20.671098200000149 ], [ -65.490407900000022, -20.669339600000146 ], [ -65.491884100000021, -20.666460200000145 ], [ -65.494426300000029, -20.661530600000145 ], [ -65.497678200000024, -20.655990500000144 ], [ -65.498513, -20.653594100000145 ], [ -65.500150900000037, -20.650293200000146 ], [ -65.50100060000004, -20.648571100000147 ], [ -65.503588400000041, -20.643625500000148 ], [ -65.507601100000045, -20.635761900000148 ], [ -65.508925800000043, -20.633135300000149 ], [ -65.510889100000043, -20.629375500000148 ], [ -65.5121454, -20.626894700000044 ], [ -65.5142155, -20.622564200000046 ], [ -65.5152347, -20.620812300000043 ], [ -65.519618400000013, -20.612244900000046 ], [ -65.523790499999478, -20.603994299999918 ], [ -65.525792699999485, -20.600081199999916 ], [ -65.52703699999951, -20.59760689999991 ], [ -65.529690199999493, -20.591830899999902 ], [ -65.531600999999483, -20.58774629999991 ], [ -65.532596099999495, -20.586842199999907 ], [ -65.53599209999949, -20.583996499999913 ], [ -65.537784699999463, -20.58246 ], [ -65.541019799999475, -20.579719699999909 ], [ -65.545103899999745, -20.576185399999897 ], [ -65.548742599999542, -20.573113199999916 ], [ -65.552134399999574, -20.570263 ], [ -65.556017899999588, -20.56692169999992 ], [ -65.557255699999573, -20.56590629999992 ], [ -65.559423999999566, -20.564001 ], [ -65.561486999999573, -20.562269599999915 ], [ -65.56401939999958, -20.560125599999918 ], [ -65.566300899999618, -20.55815159999991 ], [ -65.570918099999673, -20.55426939999991 ], [ -65.574155999999661, -20.551482699999909 ], [ -65.578679199999698, -20.547663999999898 ], [ -65.581451899999735, -20.54524 ], [ -65.584811299999757, -20.542411899999902 ], [ -65.588923299999749, -20.538936299999907 ], [ -65.592371199999761, -20.535920099999906 ], [ -65.595265699999729, -20.533368799999909 ], [ -65.596555199999727, -20.527834399999911 ], [ -65.59787789999973, -20.526306899999909 ], [ -65.601184699999749, -20.522798599999899 ], [ -65.603466599999749, -20.5206857999999 ], [ -65.606749099999746, -20.5176380999999 ], [ -65.613421399999751, -20.514168599999898 ], [ -65.619101499999758, -20.5083377999999 ], [ -65.620389899999765, -20.506887899999899 ], [ -65.622580899999761, -20.5046023999999 ], [ -65.629204399999765, -20.4976316999999 ], [ -65.632330799999764, -20.494224899999899 ], [ -65.636151599999764, -20.4902423999999 ], [ -65.638352699999757, -20.487846099999899 ], [ -65.644106699999753, -20.481731399999898 ], [ -65.648527099999754, -20.476988699999897 ], [ -65.651708699999759, -20.473706599999897 ], [ -65.65465769999976, -20.470532299999896 ], [ -65.655674799999758, -20.469248999999895 ], [ -65.659293899999753, -20.465452499999895 ], [ -65.663997999999765, -20.46057789999989 ], [ -65.666239299999773, -20.459553399999891 ], [ -65.66937969999978, -20.45805639999989 ], [ -65.6764861999998, -20.45476759999989 ], [ -65.677974899999811, -20.454010799999889 ], [ -65.681186299999823, -20.452158299999891 ], [ -65.684628700000104, -20.450112700000044 ], [ -65.686583200000101, -20.448447500000043 ], [ -65.693483999999302, -20.444958500000013 ], [ -65.697325499999295, -20.443232900000012 ], [ -65.699605999999292, -20.442790300000013 ], [ -65.706213699999296, -20.441412200000013 ], [ -65.709531099999296, -20.440645300000014 ], [ -65.713457099999303, -20.439844400000013 ], [ -65.716490699999298, -20.439132900000011 ], [ -65.717964999999296, -20.439187700000012 ], [ -65.721779699999303, -20.439295 ], [ -65.726582299999308, -20.439533800000014 ], [ -65.731238899999312, -20.439680500000012 ], [ -65.741943499999309, -20.438626500000012 ], [ -65.750765699999306, -20.437237900000014 ], [ -65.755916399999805, -20.436421400000157 ], [ -65.763731699999809, -20.435137600000157 ], [ -65.765502599999806, -20.434859300000156 ], [ -65.769525199999805, -20.434220900000156 ], [ -65.772698999999804, -20.433694900000155 ], [ -65.782686799999809, -20.432158600000154 ], [ -65.791271899999799, -20.429325300000158 ], [ -65.798823699999829, -20.42901110000015 ], [ -65.80073479999983, -20.42895700000015 ], [ -65.802073199999825, -20.428915600000149 ], [ -65.803840799999819, -20.429363000000148 ], [ -65.816865599999815, -20.432707100000147 ], [ -65.818104699999822, -20.433032600000146 ], [ -65.827271199999828, -20.435324900000147 ], [ -65.836629399999822, -20.437542900000146 ], [ -65.841920699999818, -20.438770100000145 ], [ -65.843750699999816, -20.439218100000144 ], [ -65.851023499999812, -20.440941600000144 ], [ -65.858756299999811, -20.443127600000143 ], [ -65.869341599999814, -20.442403700000142 ], [ -65.87886349999981, -20.442031800000141 ], [ -65.886346199999807, -20.43956620000014 ], [ -65.888201599999803, -20.437940100000141 ], [ -65.895262499999802, -20.431929200000141 ], [ -65.900852199999804, -20.427115900000143 ], [ -65.902930299999809, -20.424876900000143 ], [ -65.908778199999816, -20.420451700000143 ], [ -65.913590999999812, -20.416889500000142 ], [ -65.917062199999819, -20.414030400000144 ], [ -65.923534299999744, -20.409046200000045 ], [ -65.927074899999738, -20.406298600000046 ], [ -65.932520399999731, -20.401983400000045 ], [ -65.93887659999973, -20.396960400000044 ], [ -65.942226599999728, -20.394363400000042 ], [ -65.943793099999723, -20.393124 ], [ -65.949718099999728, -20.388437600000042 ], [ -65.951333399999726, -20.387443900000044 ], [ -65.956408799999721, -20.384413600000045 ], [ -65.962878299999716, -20.380610800000046 ], [ -65.969365199999729, -20.375325600000121 ], [ -65.971346099999735, -20.372157500000121 ], [ -65.974788499999732, -20.36725580000012 ], [ -65.978565199999863, -20.36188570000013 ], [ -65.982927799999857, -20.360353000000131 ], [ -65.987537199999863, -20.35855250000013 ], [ -65.990560099999868, -20.35711790000013 ], [ -65.992992799999868, -20.352465700000131 ], [ -65.994813999999863, -20.347229800000132 ], [ -65.997228699999866, -20.342726900000134 ], [ -65.999502499999863, -20.340741400000134 ], [ -66.010181099999869, -20.331500600000133 ], [ -66.012701699999866, -20.329335700000133 ], [ -66.015300799999864, -20.326712400000133 ], [ -66.017001299999862, -20.324949200000134 ], [ -66.020195799999868, -20.321651700000135 ], [ -66.021531499999867, -20.320771400000137 ], [ -66.025839199999865, -20.317961800000138 ], [ -66.027544999999861, -20.316834900000138 ], [ -66.034198299999858, -20.312449400000137 ], [ -66.038249699999852, -20.309784300000135 ], [ -66.043364699999856, -20.306431100000136 ], [ -66.04694549999985, -20.303452700000136 ], [ -66.051863299999852, -20.299353000000135 ], [ -66.054777499999858, -20.296939800000136 ], [ -66.057845999999856, -20.294386400000135 ], [ -66.060243799999853, -20.292420400000136 ], [ -66.064556799999849, -20.288295800000135 ], [ -66.067157199999855, -20.285122000000136 ], [ -66.069614099999853, -20.282157100000138 ], [ -66.071903399999854, -20.279358100000138 ], [ -66.074379099999859, -20.276367900000139 ], [ -66.078669299999859, -20.271163400000138 ], [ -66.07982399999986, -20.268912800000138 ], [ -66.082198999999861, -20.264110800000136 ], [ -66.083458000000149, -20.261621499999819 ], [ -66.085159300000143, -20.25839109999982 ], [ -66.08685120000014, -20.255114599999821 ], [ -66.090348600000141, -20.24812529999982 ], [ -66.092753500000143, -20.24339909999982 ], [ -66.093952200000146, -20.241107099999819 ], [ -66.09519630000014, -20.23735589999982 ], [ -66.098367500000137, -20.23225219999982 ], [ -66.099907500000143, -20.229305199999821 ], [ -66.102137900000145, -20.224941499999822 ], [ -66.102942100000149, -20.223346899999822 ], [ -66.103086200000149, -20.221531599999821 ], [ -66.103731100000147, -20.217480899999821 ], [ -66.104277300000149, -20.21319519999982 ], [ -66.105020800000148, -20.207990999999819 ], [ -66.105384900000146, -20.205285599999819 ], [ -66.10507390000015, -20.20225259999982 ], [ -66.104527600000154, -20.197304299999821 ], [ -66.104140700000158, -20.194057599999823 ], [ -66.103875200000161, -20.192071099999822 ], [ -66.103829700000162, -20.188311599999821 ], [ -66.104189300000158, -20.179422299999821 ], [ -66.104325900000163, -20.171852699999821 ], [ -66.106480400000166, -20.16595629999982 ], [ -66.108179800000173, -20.16124899999982 ], [ -66.109295000000174, -20.15589349999982 ], [ -66.109826000000169, -20.15323699999982 ], [ -66.111138500000166, -20.14786699999982 ], [ -66.111578500000164, -20.144961099999822 ], [ -66.112177800000168, -20.140801599999822 ], [ -66.113164100000162, -20.13600809999982 ], [ -66.113657200000162, -20.133258699999821 ], [ -66.114438600000085, -20.129476399999824 ], [ -66.115182100000084, -20.125644199999822 ], [ -66.115910400000089, -20.121655099999824 ], [ -66.116388300000096, -20.119995399999823 ], [ -66.117776600000099, -20.114994599999822 ], [ -66.117898, -20.11139709999982 ], [ -66.117761400000091, -20.107193999999819 ], [ -66.117670400000094, -20.104956999999818 ], [ -66.117799400000095, -20.101587199999816 ], [ -66.117996600000097, -20.098124799999816 ], [ -66.118064900000093, -20.094156399999815 ], [ -66.118869100000097, -20.089888699999815 ], [ -66.120750500000099, -20.087052999999816 ], [ -66.122571200000095, -20.084195899999816 ], [ -66.12502170000009, -20.080383899999816 ], [ -66.12716860000009, -20.077020699999817 ], [ -66.128299, -20.073465099999819 ], [ -66.12948250000008, -20.06762909999982 ], [ -66.130567300000081, -20.06446519999982 ], [ -66.135551600000085, -20.057445999999821 ], [ -66.136879300000089, -20.054723699999823 ], [ -66.13729650000009, -20.053519299999824 ], [ -66.13898070000009, -20.052036999999824 ], [ -66.140527699999296, -20.050822800000013 ], [ -66.140940799999299, -20.051078500000013 ] ] } },
{ "type": "Feature", "properties": { "id": 753467337.0, "tags.power": "line", "Type": "Way", "Country": "BO", "Length": 401.71494940711005, "tags.cables": null, "tags.voltage": null, "tags.circuits": null, "tags.frequency": null }, "geometry": { "type": "LineString", "coordinates": [ [ -67.274516999999747, -17.398937299999972 ], [ -67.274900199999749, -17.3980698 ], [ -67.275503099999753, -17.3963106 ], [ -67.276180099999777, -17.396393099999965 ] ] } },
{ "type": "Feature", "properties": { "id": 758630749.0, "tags.power": "line", "Type": "Way", "Country": "BO", "Length": 255639.98416009202, "tags.cables": "6", "tags.voltage": "230000", "tags.circuits": "2", "tags.frequency": "50" }, "geometry": { "type": "LineString", "coordinates": [ [ -67.921238099999982, -16.574678799999987 ], [ -67.919800099999989, -16.574100199999986 ], [ -67.9177015, -16.571207199999986 ], [ -67.915705099999968, -16.569455399999974 ], [ -67.912806899999964, -16.568691099999974 ], [ -67.902467099999967, -16.568622799999975 ], [ -67.899359299999972, -16.569187699999976 ], [ -67.892619799999977, -16.570293399999972 ], [ -67.889298799999978, -16.570017199999974 ], [ -67.884519499999982, -16.570306499999973 ], [ -67.880889, -16.570675599999973 ], [ -67.877811399999985, -16.570921599999973 ], [ -67.87508459999998, -16.571120899999972 ], [ -67.86971819999998, -16.57079059999997 ], [ -67.866412299999979, -16.57056959999997 ], [ -67.862786299999982, -16.57037709999997 ], [ -67.858831099999989, -16.570961499999971 ], [ -67.853492, -16.570578799999971 ], [ -67.849142199999989, -16.570749599999971 ], [ -67.8446659, -16.570856699999972 ], [ -67.8415331, -16.570960299999971 ], [ -67.8382066, -16.571084499999969 ], [ -67.8349992, -16.571166499999972 ], [ -67.8304273, -16.571280399999974 ], [ -67.8259407, -16.571412499999973 ], [ -67.8236388, -16.571451199999974 ], [ -67.8148885, -16.571511599999976 ], [ -67.80942, -16.570464499999982 ], [ -67.805831599999962, -16.569789099999984 ], [ -67.803031399999966, -16.569261699999984 ], [ -67.800022699999971, -16.568712799999986 ], [ -67.798513, -16.568514599999986 ], [ -67.789008, -16.568055499999986 ], [ -67.779574799999978, -16.568527099999987 ], [ -67.778574799999973, -16.568572699999986 ], [ -67.77542530000035, -16.568324600000032 ], [ -67.76995430000035, -16.568341900000032 ], [ -67.762544499999976, -16.568909799999986 ], [ -67.755196799999979, -16.570258399999986 ], [ -67.753237699999985, -16.570632 ], [ -67.747661099999974, -16.573165099999986 ], [ -67.74394909999998, -16.574752899999986 ], [ -67.734062599999973, -16.579060599999988 ], [ -67.726282099999978, -16.582074399999989 ], [ -67.723592899999971, -16.582919499999988 ], [ -67.716719099999978, -16.585598399999988 ], [ -67.711870299999973, -16.588676 ], [ -67.707333699999978, -16.591525799999989 ], [ -67.705390599999973, -16.5929268 ], [ -67.70167859999998, -16.5955761 ], [ -67.697398199999981, -16.5986263 ], [ -67.695336599999976, -16.60082 ], [ -67.693846799999974, -16.6025581 ], [ -67.691918399999963, -16.6046676 ], [ -67.690519799999961, -16.6061938 ], [ -67.682218699999964, -16.609973 ], [ -67.675899, -16.6125665 ], [ -67.669525699999951, -16.6152056 ], [ -67.662104499999955, -16.6180246 ], [ -67.659716599999953, -16.6195566 ], [ -67.655719899999951, -16.6221114 ], [ -67.651899099999952, -16.624542 ], [ -67.648353399999948, -16.6266127 ], [ -67.64339389999995, -16.6296635 ], [ -67.639942699999949, -16.6317524 ], [ -67.637381099999942, -16.6332514 ], [ -67.635835499999942, -16.6353357 ], [ -67.632756799999939, -16.6392881 ], [ -67.629055599999944, -16.6435092 ], [ -67.623260899999948, -16.646392 ], [ -67.621838299999951, -16.647017299999987 ], [ -67.618292599999947, -16.647457 ], [ -67.608353699999952, -16.646662 ], [ -67.603532299999955, -16.646363499999989 ], [ -67.600312299999956, -16.6460492 ], [ -67.598551399999963, -16.6457416 ], [ -67.596106, -16.6443065 ], [ -67.593108699999959, -16.6420604 ], [ -67.591165, -16.6408462 ], [ -67.58642, -16.6376616 ], [ -67.580293299999965, -16.6362242 ], [ -67.57382829999996, -16.6346728 ], [ -67.567790499999958, -16.633372099999988 ], [ -67.56570149999996, -16.632825399999987 ], [ -67.553768199999965, -16.630084899999986 ], [ -67.551396799999964, -16.629458499999984 ], [ -67.546758799999964, -16.628898099999983 ], [ -67.54248069999997, -16.629649799999981 ], [ -67.539745, -16.630687699999982 ], [ -67.536085299999968, -16.632052199999983 ], [ -67.534216199999975, -16.633095599999983 ], [ -67.5317873, -16.634151399999986 ], [ -67.5240911, -16.640117499999985 ], [ -67.511845099999974, -16.637868 ], [ -67.507850699999977, -16.636086599999985 ], [ -67.502836799999983, -16.634382599999984 ], [ -67.499889099999976, -16.631826699999984 ], [ -67.496716899999981, -16.629801599999983 ], [ -67.493969800000031, -16.628214299999982 ], [ -67.488196099999982, -16.626680699999984 ], [ -67.480387099999987, -16.627441599999983 ], [ -67.474214300000042, -16.625130499999983 ], [ -67.468864400000044, -16.623299 ], [ -67.463707, -16.621011899999981 ], [ -67.459957400000036, -16.618979899999982 ], [ -67.455689900000294, -16.614726599999916 ], [ -67.453093500000293, -16.606887199999914 ], [ -67.451709500000291, -16.604445399999914 ], [ -67.450497200000285, -16.603093399999914 ], [ -67.448855600000286, -16.601453499999913 ], [ -67.445910600000289, -16.598291799999913 ], [ -67.443925700000293, -16.595968099999912 ], [ -67.440803700000288, -16.590976199999911 ], [ -67.436941300000285, -16.585948199999912 ], [ -67.428256300000285, -16.581814599999912 ], [ -67.42588520000028, -16.580899399999911 ], [ -67.422827500000281, -16.57666289999991 ], [ -67.420113100000279, -16.57291989999991 ], [ -67.41662620000028, -16.568055899999909 ], [ -67.414265900000274, -16.565649599999908 ], [ -67.410425000000274, -16.561669799999908 ], [ -67.403580000000275, -16.557052399999908 ], [ -67.393521700000278, -16.553982599999909 ], [ -67.387191700000272, -16.55132409999991 ], [ -67.38299130000027, -16.549436899999911 ], [ -67.376108800000267, -16.546433899999911 ], [ -67.37324950000027, -16.545431099999913 ], [ -67.366238200000268, -16.545791099999914 ], [ -67.362346400000263, -16.545626499999912 ], [ -67.361474600000264, -16.545852799999913 ], [ -67.356780800000266, -16.548038199999912 ], [ -67.353422600000272, -16.549539799999913 ], [ -67.351185700000272, -16.550737899999913 ], [ -67.347977800000265, -16.552229099999913 ], [ -67.345826600000265, -16.553237 ], [ -67.342431000000261, -16.554825899999916 ], [ -67.338796600000265, -16.556620399999915 ], [ -67.329369900000259, -16.558388 ], [ -67.326976100000266, -16.558990899999916 ], [ -67.324320700000271, -16.561695499999917 ], [ -67.320817700000276, -16.565084 ], [ -67.319583900000282, -16.566374599999918 ], [ -67.316536900000287, -16.569927499999917 ], [ -67.314632500000286, -16.571763 ], [ -67.312036200000293, -16.574873699999916 ], [ -67.308903300000296, -16.578323599999916 ], [ -67.306902400000297, -16.580472699999916 ], [ -67.304230900000292, -16.583393 ], [ -67.302562600000286, -16.585218099999917 ], [ -67.301259000000286, -16.586616499999916 ], [ -67.298496400000289, -16.589639499999915 ], [ -67.296978200000282, -16.591331 ], [ -67.29451060000028, -16.594209899999914 ], [ -67.291399200000285, -16.599582199999915 ], [ -67.28984890000028, -16.602111499999914 ], [ -67.286839500000283, -16.607020899999913 ], [ -67.28576120000028, -16.608755799999912 ], [ -67.283245300000274, -16.612886299999911 ], [ -67.27918450000027, -16.619604799999912 ], [ -67.27799890000027, -16.621568399999912 ], [ -67.273565200000263, -16.623362299999911 ], [ -67.268868700000269, -16.625274499999911 ], [ -67.265676100000263, -16.626521699999913 ], [ -67.260934700000263, -16.628374 ], [ -67.25733250000026, -16.629977699999912 ], [ -67.252845200000266, -16.631771499999914 ], [ -67.250785200000266, -16.633621899999913 ], [ -67.24939050000026, -16.635066199999912 ], [ -67.244031400000253, -16.640226599999913 ], [ -67.242159300000253, -16.641897 ], [ -67.239369800000247, -16.643508299999912 ], [ -67.23735410000026, -16.644939700000048 ], [ -67.234512300000262, -16.647508300000048 ], [ -67.232425500000261, -16.649015400000049 ], [ -67.230588200000255, -16.649663 ], [ -67.227466100000257, -16.650881100000049 ], [ -67.222141900000253, -16.652903400000049 ], [ -67.21669440000025, -16.65515190000005 ], [ -67.213930300000257, -16.65616310000005 ], [ -67.210792200000256, -16.657379800000051 ], [ -67.207558800000257, -16.658621 ], [ -67.202693200000255, -16.660491700000051 ], [ -67.198943500000254, -16.66194480000005 ], [ -67.195990400000255, -16.663022700000049 ], [ -67.193313500000258, -16.66582610000005 ], [ -67.188952300000253, -16.67031760000005 ], [ -67.186361300000257, -16.67296670000005 ], [ -67.183212300000264, -16.675700600000049 ], [ -67.178809500000241, -16.679561100000011 ], [ -67.174280600000245, -16.68349730000001 ], [ -67.169873700000238, -16.686779500000011 ], [ -67.165374300000238, -16.68916380000001 ], [ -67.162254900000235, -16.69080940000001 ], [ -67.160008600000239, -16.69243440000001 ], [ -67.153138100000234, -16.700803300000011 ], [ -67.14975310000024, -16.707759 ], [ -67.146517000000244, -16.7119309 ], [ -67.14368870000024, -16.715157500000011 ], [ -67.141596500000233, -16.717559300000012 ], [ -67.137766300000237, -16.722357900000013 ], [ -67.135318800000235, -16.725288800000012 ], [ -67.132756000000228, -16.727924300000012 ], [ -67.129557400000223, -16.731422900000013 ], [ -67.12695840000022, -16.733909300000011 ], [ -67.121966800000223, -16.738674100000011 ], [ -67.119056600000221, -16.741525100000011 ], [ -67.116618500000214, -16.743996 ], [ -67.112997500000219, -16.747525100000011 ], [ -67.111447200000214, -16.74895320000001 ], [ -67.108491400000133, -16.752258700000031 ], [ -67.106514600000139, -16.75412590000003 ], [ -67.104409000000146, -16.756252500000031 ], [ -67.102904300000148, -16.76039 ], [ -67.101745600000143, -16.763125200000029 ], [ -67.100023600000142, -16.76718290000003 ], [ -67.098709300000138, -16.768474700000031 ], [ -67.090812900000131, -16.774630500000029 ], [ -67.089745400000126, -16.775531900000029 ], [ -67.08700960000013, -16.778046 ], [ -67.085357300000126, -16.779458400000028 ], [ -67.082583900000131, -16.781836400000028 ], [ -67.079080900000136, -16.785012900000027 ], [ -67.076758100000134, -16.786936300000026 ], [ -67.070004300000136, -16.792973400000026 ], [ -67.067815700000139, -16.794871 ], [ -67.066278800000134, -16.796098400000027 ], [ -67.063835300000136, -16.798124400000027 ], [ -67.062067700000142, -16.800145200000028 ], [ -67.060469100000148, -16.801968300000027 ], [ -67.058320600000144, -16.804523100000026 ], [ -67.055061800000146, -16.808767400000026 ], [ -67.052494900000141, -16.811958900000025 ], [ -67.050703200000143, -16.814159300000025 ], [ -67.048713000000149, -16.816565100000023 ], [ -67.046856900000151, -16.818768 ], [ -67.042240800000144, -16.825045400000022 ], [ -67.039741000000149, -16.828881 ], [ -67.036879100000149, -16.832624200000019 ], [ -67.03471180000021, -16.8371631 ], [ -67.032877200000215, -16.8405672 ], [ -67.028729200000214, -16.8474548 ], [ -67.027300900000213, -16.8496856 ], [ -67.024766200000215, -16.8538057 ], [ -67.02359410000021, -16.8555307 ], [ -67.021770200000205, -16.8589011 ], [ -67.019417900000207, -16.8633316 ], [ -67.018063400000202, -16.8657342 ], [ -67.017003900000205, -16.8693303 ], [ -67.016580100000212, -16.8709191 ], [ -67.015480400000214, -16.8748822 ], [ -67.013307800000263, -16.87823680000005 ], [ -67.010869700000256, -16.881907100000049 ], [ -67.007515600000261, -16.88674130000005 ], [ -67.004993000000255, -16.88982760000005 ], [ -67.00224640000026, -16.89316140000005 ], [ -66.998740700000255, -16.89740630000005 ], [ -66.996931600000252, -16.899804600000049 ], [ -66.993733000000248, -16.903982600000049 ], [ -66.991956100000252, -16.906330800000049 ], [ -66.989106900000252, -16.909525800000051 ], [ -66.986995300000245, -16.911975300000051 ], [ -66.98482480000024, -16.91443980000005 ], [ -66.982584400000235, -16.9172 ], [ -66.980576800000236, -16.919536400000052 ], [ -66.978384800000242, -16.921921700000052 ], [ -66.976842600000239, -16.932422500000051 ], [ -66.976522100000238, -16.934893300000052 ], [ -66.977347400000241, -16.941897500000053 ], [ -66.979790900000239, -16.947809 ], [ -66.980461500000246, -16.949764 ], [ -66.98196890000024, -16.953866600000051 ], [ -66.98130370000024, -16.95725320000005 ], [ -66.980410500000247, -16.961745500000049 ], [ -66.979616600000242, -16.965926 ], [ -66.978664400000241, -16.971224900000049 ], [ -66.976644700000236, -16.975636 ], [ -66.975264700000238, -16.978450200000047 ], [ -66.97051920000024, -16.982052500000048 ], [ -66.965520200000242, -16.985920200000049 ], [ -66.960719100000247, -16.98962560000005 ], [ -66.957494300000249, -16.992261 ], [ -66.950911600000254, -16.997718500000047 ], [ -66.948284400000247, -16.999983400000048 ], [ -66.946001800000246, -17.001836600000047 ], [ -66.943224400000247, -17.004156600000048 ], [ -66.940490699999771, -17.006488700000123 ], [ -66.939756900000248, -17.007114600000047 ], [ -66.936976200000245, -17.007666700000048 ], [ -66.934629200000245, -17.008242500000048 ], [ -66.931768700000248, -17.008870900000048 ], [ -66.926170900000244, -17.010022600000049 ], [ -66.918654000000245, -17.01107030000005 ], [ -66.914359800000241, -17.012007800000049 ], [ -66.910281500000238, -17.012795200000049 ], [ -66.904335000000202, -17.018881400000016 ], [ -66.901915700000202, -17.021410300000017 ], [ -66.899260300000208, -17.024123700000015 ], [ -66.895658100000205, -17.027529600000012 ], [ -66.893670600000206, -17.029791600000014 ], [ -66.887324500000204, -17.036259400000013 ], [ -66.887238600000202, -17.041783300000013 ], [ -66.887351300000205, -17.044337400000014 ], [ -66.887335200000209, -17.046368400000013 ], [ -66.887088400000209, -17.049876400000013 ], [ -66.885291300000205, -17.052656100000014 ], [ -66.881766900000201, -17.057533400000015 ], [ -66.876756600000206, -17.061251400000014 ], [ -66.871660400000209, -17.064400200000016 ], [ -66.867701400000215, -17.066918200000014 ], [ -66.862953900000221, -17.069907900000015 ], [ -66.859070100000224, -17.072271900000015 ], [ -66.854027500000228, -17.075523100000016 ], [ -66.851508900000226, -17.077120400000016 ], [ -66.84937120000022, -17.077353700000018 ], [ -66.836024500000221, -17.078533100000019 ], [ -66.831134400000352, -17.077157600000032 ], [ -66.824059200000221, -17.07636920000002 ], [ -66.806932500000215, -17.07740830000002 ], [ -66.802907300000214, -17.078687 ], [ -66.794316200000324, -17.081902099999915 ], [ -66.79065760000033, -17.083166099999914 ], [ -66.787970100000337, -17.084040399999914 ], [ -66.78327620000033, -17.085435099999913 ], [ -66.779472800000335, -17.086594 ], [ -66.776136200000337, -17.087650299999911 ], [ -66.773443200000344, -17.08880909999991 ], [ -66.766399100000342, -17.092131799999908 ], [ -66.758455000000339, -17.095490199999908 ], [ -66.753509100000343, -17.097664199999908 ], [ -66.750027500000343, -17.099643399999909 ], [ -66.745650200000341, -17.101981399999911 ], [ -66.742850000000345, -17.103719499999912 ], [ -66.73834310000035, -17.10672359999991 ], [ -66.735881600000354, -17.108221099999909 ], [ -66.733768000000353, -17.11010789999991 ], [ -66.729353100000353, -17.113178899999909 ], [ -66.727582800000349, -17.114383699999909 ], [ -66.723044500000356, -17.118454399999909 ], [ -66.71735290000035, -17.122960799999909 ], [ -66.712911100000355, -17.12680059999991 ], [ -66.7119948, -17.129080700000031 ], [ -66.710121600000349, -17.13374179999991 ], [ -66.708346000000347, -17.138201699999911 ], [ -66.703404000000347, -17.150627200000027 ], [ -66.702131300000346, -17.153873100000027 ], [ -66.700573000000347, -17.15767 ], [ -66.697037800000345, -17.166548800000029 ], [ -66.696171500000347, -17.168789900000029 ], [ -66.689482000000353, -17.179916700000028 ], [ -66.686593300000354, -17.182376700000027 ], [ -66.684050600000347, -17.184575400000028 ], [ -66.681882000000343, -17.186457500000028 ], [ -66.678022300000336, -17.189756600000027 ], [ -66.673855500000343, -17.193323400000029 ], [ -66.671146500000347, -17.195469400000029 ], [ -66.668610400000347, -17.198036800000029 ], [ -66.66501090000034, -17.201798200000027 ], [ -66.661807000000337, -17.205199500000028 ], [ -66.659547200000333, -17.207572100000029 ], [ -66.655710300000337, -17.211316600000028 ], [ -66.650776400000339, -17.21683790000003 ], [ -66.644600600000345, -17.22330820000003 ], [ -66.642150400000347, -17.22589380000003 ], [ -66.638852700000342, -17.229215900000028 ], [ -66.636340100000339, -17.232074200000028 ], [ -66.633761800000343, -17.234757100000028 ], [ -66.631614700000341, -17.236910200000029 ], [ -66.629648700000345, -17.238960900000031 ], [ -66.625998200000339, -17.24053 ], [ -66.615644800000339, -17.244764400000033 ], [ -66.612939200000341, -17.245275400000033 ], [ -66.603667400000347, -17.246967400000031 ], [ -66.594868500000345, -17.250543300000032 ], [ -66.587300600000347, -17.256492500000032 ], [ -66.58411480000035, -17.259537400000031 ], [ -66.581509700000353, -17.262092400000032 ], [ -66.57745150000035, -17.266045200000033 ], [ -66.576679100000348, -17.268925400000033 ], [ -66.576012500000346, -17.271368900000031 ], [ -66.575181000000342, -17.274603700000032 ], [ -66.574939600000349, -17.277160500000033 ], [ -66.574850500000352, -17.281307600000034 ], [ -66.573978100000346, -17.287253200000034 ], [ -66.573072800000347, -17.292055700000034 ], [ -66.572780500000349, -17.293968100000033 ], [ -66.572315800000354, -17.295789 ], [ -66.569536300000351, -17.298909400000031 ], [ -66.567456300000345, -17.301068900000033 ], [ -66.564552800000342, -17.304140600000032 ], [ -66.560860700000347, -17.307493300000033 ], [ -66.557626000000354, -17.311086700000033 ], [ -66.556300300000359, -17.313246 ], [ -66.553231200000354, -17.318668100000032 ], [ -66.551317400000357, -17.321749800000031 ], [ -66.550728700000107, -17.322642700000092 ], [ -66.546555000000112, -17.326298500000092 ], [ -66.54350930000011, -17.328912900000091 ], [ -66.54153810000011, -17.330496300000092 ], [ -66.535854000000114, -17.335435 ], [ -66.532874800000116, -17.338358 ], [ -66.530948200000111, -17.340337100000092 ], [ -66.526399700000113, -17.344825 ], [ -66.52441570000012, -17.346743100000094 ], [ -66.522049000000123, -17.349325 ], [ -66.518278700000124, -17.353416800000094 ], [ -66.516071500000123, -17.355840300000093 ], [ -66.513347500000123, -17.3584159000001 ], [ -66.512148100000118, -17.3601816000001 ], [ -66.509583600000113, -17.3629338000001 ], [ -66.507082900000114, -17.365923300000102 ], [ -66.504441800000109, -17.368553600000102 ], [ -66.502464200000105, -17.3707211000001 ], [ -66.500288800000106, -17.373138200000099 ], [ -66.496110300000112, -17.375585700000098 ], [ -66.492793, -17.377004200000101 ], [ -66.486951100000354, -17.379690100000026 ], [ -66.482184800000354, -17.382517300000025 ], [ -66.480220100000352, -17.383594300000023 ], [ -66.476408700000349, -17.385841100000025 ], [ -66.474633100000347, -17.387099800000026 ], [ -66.471643700000342, -17.389027800000026 ], [ -66.469872100000345, -17.390236 ], [ -66.468242700000346, -17.390984600000028 ], [ -66.464281100000349, -17.392729 ], [ -66.461620300000348, -17.393898700000026 ], [ -66.459528200000349, -17.397497400000027 ], [ -66.455545800000351, -17.403598600000027 ], [ -66.454892000000356, -17.404699700000027 ], [ -66.449708000000356, -17.410449400000026 ], [ -66.446981500000362, -17.413478300000026 ], [ -66.442324500000367, -17.413735500000026 ], [ -66.438589500000361, -17.416370300000025 ], [ -66.435264900000362, -17.418889800000024 ], [ -66.431039100000362, -17.421844400000023 ], [ -66.42840920000036, -17.423719 ], [ -66.422214700000353, -17.424646700000022 ], [ -66.418101500000347, -17.425259600000022 ], [ -66.414463100000347, -17.427679200000021 ], [ -66.412869800000351, -17.429102 ], [ -66.410628900000347, -17.430916400000022 ], [ -66.406826800000346, -17.433682700000023 ], [ -66.405008300000347, -17.434968600000023 ], [ -66.401257200000344, -17.436699800000021 ], [ -66.39758800000034, -17.438456500000022 ], [ -66.393993800000345, -17.440041700000023 ], [ -66.390977700000093, -17.443065500000262 ], [ -66.387188, -17.445667100000261 ], [ -66.384123100000096, -17.44899630000026 ], [ -66.381687800000094, -17.451659600000259 ], [ -66.380079500000093, -17.453418200000257 ], [ -66.3769463000001, -17.456855800000259 ], [ -66.374571300000099, -17.45943790000026 ], [ -66.370004300000105, -17.464243200000261 ], [ -66.369233500000107, -17.465066700000261 ], [ -66.366813400000112, -17.467570600000261 ], [ -66.363475400000112, -17.471103000000262 ], [ -66.361144600000117, -17.473564400000264 ], [ -66.357776200000117, -17.477093600000263 ], [ -66.354887100000113, -17.480188500000263 ], [ -66.351867700000113, -17.483343400000262 ], [ -66.34849170000011, -17.486903500000263 ], [ -66.344697600000117, -17.491037500000264 ], [ -66.339683900000111, -17.496490700000262 ], [ -66.336785800000115, -17.499724900000263 ], [ -66.330064300000117, -17.503841800000263 ], [ -66.328410400000124, -17.506070200000263 ], [ -66.327090400000117, -17.509210200000261 ], [ -66.325193800000122, -17.511735100000262 ], [ -66.322794300000126, -17.5148039 ], [ -66.31907660000013, -17.5193485 ], [ -66.316481200000126, -17.5223419 ], [ -66.313944300000131, -17.5252867 ], [ -66.312072500000127, -17.5274228 ], [ -66.308819400000132, -17.5303257 ], [ -66.305132800000138, -17.5336892 ], [ -66.303336000000144, -17.5352728 ], [ -66.29797110000014, -17.5401035 ], [ -66.295234699999824, -17.542558899999875 ], [ -66.293218500000137, -17.5443607 ], [ -66.291306599999828, -17.546130599999874 ], [ -66.289686300000142, -17.5476405 ], [ -66.287857200000147, -17.5493309 ], [ -66.285232900000153, -17.5517256 ], [ -66.282125600000157, -17.5545501 ], [ -66.278393699999782, -17.557979 ], [ -66.275618999999779, -17.5605303 ], [ -66.272610099999781, -17.5632846 ], [ -66.270155099999783, -17.5654593 ], [ -66.267675599999777, -17.5676856 ], [ -66.265000399999778, -17.5701232 ], [ -66.261095599999791, -17.5716474 ], [ -66.257991099999785, -17.5728499 ], [ -66.251126299999783, -17.5725568 ], [ -66.249004600000177, -17.572427200000011 ], [ -66.244646000000174, -17.5722322 ], [ -66.240082900000175, -17.5720993 ], [ -66.236077500000178, -17.5718867 ], [ -66.231883600000174, -17.5718039 ], [ -66.227948000000168, -17.5715313 ], [ -66.223983200000163, -17.5713799 ], [ -66.221248800000339, -17.572495800000024 ] ] } },
{ "type": "Feature", "properties": { "id": 777819678.0, "tags.power": "line", "Type": "Way", "Country": "BO", "Length": 3380.1566053973388, "tags.cables": "3", "tags.voltage": "230000", "tags.circuits": null, "tags.frequency": "60" }, "geometry": { "type": "LineString", "coordinates": [ [ -65.772351099999469, -17.157463000000153 ], [ -65.772118199999454, -17.158760000000154 ], [ -65.76924369999945, -17.161349200000156 ], [ -65.76579989999945, -17.164145700000155 ], [ -65.76312999999945, -17.166359600000156 ], [ -65.761113099999449, -17.168484500000154 ], [ -65.757011299999448, -17.171294500000155 ], [ -65.755345399999456, -17.172963000000156 ], [ -65.754280199999457, -17.175353400000155 ], [ -65.752583299999458, -17.177069300000156 ], [ -65.751431399999461, -17.177702400000157 ] ] } },
{ "type": "Feature", "properties": { "id": 777819684.0, "tags.power": "line", "Type": "Way", "Country": "BO", "Length": 10741.605960312201, "tags.cables": "3", "tags.voltage": "230000", "tags.circuits": null, "tags.frequency": "60" }, "geometry": { "type": "LineString", "coordinates": [ [ -65.77245759999947, -17.157558300000154 ], [ -65.772464199999462, -17.158709100000152 ], [ -65.776896999999451, -17.163981000000156 ], [ -65.777380099999448, -17.164886300000155 ], [ -65.779835000000375, -17.168761699999962 ], [ -65.782958400000382, -17.169284499999961 ], [ -65.78557760000038, -17.170164699999962 ], [ -65.787173500000378, -17.169782899999962 ], [ -65.787499099999465, -17.165672300000153 ], [ -65.788325699999461, -17.161220900000153 ], [ -65.78862589999946, -17.157329600000153 ], [ -65.78636769999946, -17.151093500000155 ], [ -65.785558499999453, -17.148611400000153 ], [ -65.782125499999452, -17.144096200000153 ], [ -65.780193699999458, -17.139032100000154 ], [ -65.777126199999458, -17.136836800000154 ], [ -65.77540319999946, -17.135040600000153 ], [ -65.778940599999459, -17.127930500000154 ], [ -65.779580199999458, -17.126471100000153 ], [ -65.781551199999456, -17.122516700000151 ], [ -65.782099399999453, -17.118861700000153 ], [ -65.782177699999451, -17.113959000000154 ], [ -65.782569299999452, -17.109929600000154 ], [ -65.782882599999454, -17.108756900000152 ], [ -65.783726299999458, -17.107216600000154 ], [ -65.784392699999458, -17.105835500000154 ], [ -65.784805799999461, -17.104149600000156 ] ] } },
{ "type": "Feature", "properties": { "id": 784912875.0, "tags.power": "line", "Type": "Way", "Country": "BO", "Length": 16280.772573281305, "tags.cables": "3", "tags.voltage": "115000", "tags.circuits": null, "tags.frequency": "50" }, "geometry": { "type": "LineString", "coordinates": [ [ -65.711924000000451, -19.521593399999965 ], [ -65.71715350000045, -19.524441499999966 ], [ -65.723118100000448, -19.526664 ], [ -65.724779000000453, -19.527213799999966 ], [ -65.726387800000452, -19.527800899999967 ], [ -65.734237100000442, -19.530731899999967 ], [ -65.737607400000442, -19.532015099999967 ], [ -65.741610800000444, -19.533496499999966 ], [ -65.743516200000442, -19.534099 ], [ -65.745331099999873, -19.535120600000017 ], [ -65.753255600000486, -19.539184499999955 ], [ -65.757432700000493, -19.541295699999957 ], [ -65.761999300000483, -19.54375 ], [ -65.768623900000478, -19.547679799999955 ], [ -65.773442400000476, -19.550645799999955 ], [ -65.77643839999989, -19.552468200000014 ], [ -65.782970499999621, -19.556452599999965 ], [ -65.789417199999619, -19.560478899999964 ], [ -65.793068999999619, -19.562385799999966 ], [ -65.796531699999619, -19.565983499999966 ], [ -65.799575999999618, -19.568908199999967 ], [ -65.800227799999618, -19.569918499999968 ], [ -65.801529399999623, -19.571969299999967 ], [ -65.803914499999621, -19.575681199999966 ], [ -65.804758099999617, -19.577809699999968 ], [ -65.804749999999615, -19.580952099999969 ], [ -65.804103599999621, -19.583407199999968 ], [ -65.803941999999623, -19.584868499999967 ], [ -65.802985799999618, -19.593116499999965 ], [ -65.803612000000115, -19.594707400000033 ], [ -65.804727199999618, -19.597540399999964 ], [ -65.805117499999625, -19.601013499999965 ], [ -65.804693699999632, -19.604702599999964 ], [ -65.803335199999637, -19.605621599999964 ], [ -65.801314099999644, -19.606729 ], [ -65.80120149999965, -19.607276 ] ] } },
{ "type": "Feature", "properties": { "id": 807192052.0, "tags.power": "line", "Type": "Way", "Country": "BO", "Length": 179.37246322245306, "tags.cables": "3", "tags.voltage": "230000", "tags.circuits": null, "tags.frequency": "50" }, "geometry": { "type": "LineString", "coordinates": [ [ -68.361142000000257, -16.647357900000017 ], [ -68.361042700000255, -16.646170700000017 ], [ -68.360837600000252, -16.645877700000018 ] ] } },
{ "type": "Feature", "properties": { "id": 807192053.0, "tags.power": "line", "Type": "Way", "Country": "BO", "Length": 201.64506381655193, "tags.cables": "3", "tags.voltage": "230000", "tags.circuits": null, "tags.frequency": "50" }, "geometry": { "type": "LineString", "coordinates": [ [ -68.361142000000257, -16.647357900000017 ], [ -68.361343100000255, -16.646151400000019 ], [ -68.36101460000026, -16.645745400000017 ] ] } },
{ "type": "Feature", "properties": { "id": 807192054.0, "tags.power": "line", "Type": "Way", "Country": "BO", "Length": 269.34126853872635, "tags.cables": "3", "tags.voltage": "230000", "tags.circuits": null, "tags.frequency": "50" }, "geometry": { "type": "LineString", "coordinates": [ [ -68.169994400000249, -16.692236600000012 ], [ -68.169854900000246, -16.692753 ], [ -68.171330099999892, -16.693842299999837 ] ] } },
{ "type": "Feature", "properties": { "id": 807192055.0, "tags.power": "line", "Type": "Way", "Country": "BO", "Length": 238.37183362629838, "tags.cables": "3", "tags.voltage": "230000", "tags.circuits": null, "tags.frequency": "50" }, "geometry": { "type": "LineString", "coordinates": [ [ -68.170340400000242, -16.692282800000012 ], [ -68.170190200000249, -16.692817200000011 ], [ -68.171330099999892, -16.693842299999837 ] ] } },
{ "type": "Feature", "properties": { "id": 807192056.0, "tags.power": "line", "Type": "Way", "Country": "BO", "Length": 147.68126316007348, "tags.cables": "3", "tags.voltage": "230000", "tags.circuits": null, "tags.frequency": "50" }, "geometry": { "type": "LineString", "coordinates": [ [ -67.922654500000249, -16.574475200000013 ], [ -67.921572399999988, -16.575210799999986 ] ] } },
{ "type": "Feature", "properties": { "id": 807192057.0, "tags.power": "line", "Type": "Way", "Country": "BO", "Length": 60.13880410525401, "tags.cables": "3", "tags.voltage": "230000", "tags.circuits": null, "tags.frequency": "50" }, "geometry": { "type": "LineString", "coordinates": [ [ -68.169181399999729, -16.692623500000025 ], [ -68.169356000000249, -16.692133800000011 ] ] } },
{ "type": "Feature", "properties": { "id": 807195321.0, "tags.power": "line", "Type": "Way", "Country": "BO", "Length": 18552.674451485211, "tags.cables": "3", "tags.voltage": "230000", "tags.circuits": null, "tags.frequency": "50" }, "geometry": { "type": "LineString", "coordinates": [ [ -67.0459269, -17.969198899999974 ], [ -67.04555449999971, -17.969187300000037 ], [ -67.044732699999713, -17.968527600000034 ], [ -67.044740099999714, -17.965259100000033 ], [ -67.044835899999711, -17.961734 ], [ -67.04482729999971, -17.958083700000032 ], [ -67.044869699999737, -17.954443800000039 ], [ -67.044714699999716, -17.951165400000029 ], [ -67.043960799999709, -17.947947900000031 ], [ -67.043580799999702, -17.946422700000028 ], [ -67.043086099999698, -17.944436700000026 ], [ -67.04214019999975, -17.940883700000054 ], [ -67.041239799999744, -17.937289600000053 ], [ -67.040445999999747, -17.934167200000054 ], [ -67.039681299999742, -17.930760200000055 ], [ -67.037946999999733, -17.924140900000054 ], [ -67.037042299999726, -17.920628800000053 ], [ -67.036217799999733, -17.917047900000053 ], [ -67.035441599999743, -17.913915200000051 ], [ -67.034204999999744, -17.908872200000051 ], [ -67.032420699999747, -17.90287580000005 ], [ -67.03179439999974, -17.90084830000005 ], [ -67.030755799999739, -17.897047900000047 ], [ -67.029663699999745, -17.893191400000045 ], [ -67.028619799999746, -17.889477500000048 ], [ -67.027522299999745, -17.885702400000046 ], [ -67.027211799999748, -17.884683500000047 ], [ -67.026665799999748, -17.882706700000046 ], [ -67.025787799999748, -17.879700800000045 ], [ -67.02528459999975, -17.877846200000047 ], [ -67.024717099999748, -17.875869400000045 ], [ -67.023619699999756, -17.872068500000044 ], [ -67.022902299999757, -17.869612700000044 ], [ -67.022947599999753, -17.867167100000046 ], [ -67.022977899999745, -17.863045400000043 ], [ -67.022993099999738, -17.858988400000044 ], [ -67.023008199999737, -17.85478 ], [ -67.023046099999732, -17.850838200000045 ], [ -67.02307629999973, -17.846838600000044 ], [ -67.023000599999733, -17.842846100000042 ], [ -67.02309909999974, -17.838659 ], [ -67.023129299999738, -17.83442850000004 ], [ -67.023189899999736, -17.83104120000004 ], [ -67.023212599999738, -17.827379900000039 ], [ -67.023212599999738, -17.823985200000038 ], [ -67.022916399999744, -17.821122100000039 ], [ -67.022474099999741, -17.816847100000039 ], [ -67.022121600000261, -17.813982900000013 ] ] } },
{ "type": "Feature", "properties": { "id": 807195322.0, "tags.power": "line", "Type": "Way", "Country": "BO", "Length": 9714.6961379208806, "tags.cables": "6", "tags.voltage": "230000", "tags.circuits": "2", "tags.frequency": "50" }, "geometry": { "type": "LineString", "coordinates": [ [ -67.108617400000298, -17.811742100000014 ], [ -67.107936100000302, -17.811772700000013 ], [ -67.104616900000295, -17.811622100000012 ], [ -67.100855100000288, -17.811424800000012 ], [ -67.097506400000285, -17.811254300000012 ], [ -67.094018200000278, -17.811074300000012 ], [ -67.08941750000028, -17.810854700000011 ], [ -67.085842800000279, -17.810658100000012 ], [ -67.082763600000277, -17.810511200000011 ], [ -67.079422900000282, -17.810319700000012 ], [ -67.075623600000284, -17.810141 ], [ -67.071747800000281, -17.809958400000014 ], [ -67.06783440000028, -17.809746400000012 ], [ -67.063848700000278, -17.809543400000013 ], [ -67.059588000000275, -17.809289900000014 ], [ -67.055283700000274, -17.808975200000013 ], [ -67.051391200000268, -17.808691700000015 ], [ -67.047585100000262, -17.808406400000013 ], [ -67.042793300000255, -17.809478300000013 ], [ -67.038015000000257, -17.810474200000012 ], [ -67.033771700000258, -17.811421600000013 ], [ -67.029677300000259, -17.812319200000012 ], [ -67.026291000000256, -17.813072500000011 ], [ -67.02330170000026, -17.813739 ], [ -67.022121600000261, -17.813982900000013 ] ] } },
{ "type": "Feature", "properties": { "id": 807195324.0, "tags.power": "line", "Type": "Way", "Country": "BO", "Length": 13858.347929716168, "tags.cables": "6", "tags.voltage": "115000", "tags.circuits": null, "tags.frequency": "50" }, "geometry": { "type": "LineString", "coordinates": [ [ -67.110033600000293, -17.811989800000013 ], [ -67.110471500000287, -17.811956 ], [ -67.113536600000288, -17.811573600000013 ], [ -67.119841100000286, -17.810844500000012 ], [ -67.123082600000288, -17.810489500000013 ], [ -67.127366100000287, -17.809973700000015 ], [ -67.13002950000029, -17.811802100000016 ], [ -67.132710400000292, -17.813662400000016 ], [ -67.135204800000295, -17.815393800000017 ], [ -67.136933500000296, -17.816587600000016 ], [ -67.1383390000003, -17.81754 ], [ -67.139694800000299, -17.818495100000014 ], [ -67.1408629000003, -17.819291100000015 ], [ -67.142039800000305, -17.820098700000017 ], [ -67.143174300000311, -17.820877500000016 ], [ -67.14459520000031, -17.821855500000016 ], [ -67.145596400000315, -17.822546900000017 ], [ -67.146893900000322, -17.823457800000018 ], [ -67.148139100000321, -17.824314500000018 ], [ -67.14905710000032, -17.824940100000017 ], [ -67.14944870000032, -17.823936600000017 ], [ -67.150510200000326, -17.823592500000018 ], [ -67.154241800000335, -17.82498990000002 ], [ -67.156513600000338, -17.825858100000019 ], [ -67.159006700000333, -17.827336500000019 ], [ -67.160439000000338, -17.82829150000002 ], [ -67.163588600000338, -17.826849400000022 ], [ -67.165314600000343, -17.824529600000023 ], [ -67.166993700000347, -17.822285100000023 ], [ -67.168582200000344, -17.820152300000025 ], [ -67.169178400000348, -17.817040800000026 ], [ -67.170231800000352, -17.811703800000025 ], [ -67.171186700000334, -17.806830100000024 ], [ -67.175220700000338, -17.803809 ], [ -67.177743300000344, -17.801921800000024 ], [ -67.180024500000343, -17.800213300000024 ], [ -67.181919500000348, -17.797134700000026 ], [ -67.184053200000349, -17.793685700000026 ], [ -67.186236500000348, -17.790153600000025 ], [ -67.188401100000348, -17.786647 ], [ -67.190628600000352, -17.783049600000023 ], [ -67.192703300000346, -17.779688500000024 ], [ -67.194865200000351, -17.776209700000024 ] ] } },
{ "type": "Feature", "properties": { "id": 807241441.0, "tags.power": "line", "Type": "Way", "Country": "BO", "Length": 134.25470750049487, "tags.cables": "3", "tags.voltage": "230000", "tags.circuits": null, "tags.frequency": "50" }, "geometry": { "type": "LineString", "coordinates": [ [ -67.922158200000354, -16.573931500000029 ], [ -67.921238099999982, -16.574678799999987 ] ] } },
{ "type": "Feature", "properties": { "id": 807241442.0, "tags.power": "line", "Type": "Way", "Country": "BO", "Length": 141.3386462414781, "tags.cables": "3", "tags.voltage": "230000", "tags.circuits": null, "tags.frequency": "50" }, "geometry": { "type": "LineString", "coordinates": [ [ -67.922399600000347, -16.57418730000003 ], [ -67.921238099999982, -16.574678799999987 ] ] } },
{ "type": "Feature", "properties": { "id": 807285172.0, "tags.power": "line", "Type": "Way", "Country": "BO", "Length": 327.93697857936183, "tags.cables": "6", "tags.voltage": "115000", "tags.circuits": null, "tags.frequency": "50" }, "geometry": { "type": "LineString", "coordinates": [ [ -67.038433400000358, -17.711753100000024 ], [ -67.037125800000354, -17.713734500000022 ], [ -67.036648400000345, -17.71383550000002 ] ] } },
{ "type": "Feature", "properties": { "id": 807285173.0, "tags.power": "line", "Type": "Way", "Country": "BO", "Length": 31329.690567433801, "tags.cables": "3", "tags.voltage": "115000", "tags.circuits": null, "tags.frequency": "50" }, "geometry": { "type": "LineString", "coordinates": [ [ -67.0445117, -17.969191799999972 ], [ -67.044530499999709, -17.968694600000035 ], [ -67.044285499999717, -17.966330200000034 ], [ -67.044064399999741, -17.964008 ], [ -67.042854699999708, -17.960820400000031 ], [ -67.041796299999717, -17.957483 ], [ -67.041016699999716, -17.95383350000003 ], [ -67.040160699999717, -17.949780800000028 ], [ -67.039430899999701, -17.945857400000026 ], [ -67.038710499999752, -17.941487600000052 ], [ -67.037943099999751, -17.937047700000051 ], [ -67.037106499999751, -17.932088400000051 ], [ -67.036403199999739, -17.927696700000055 ], [ -67.035638599999729, -17.923417900000054 ], [ -67.035045399999731, -17.919605 ], [ -67.034386999999739, -17.915616600000053 ], [ -67.033434099999738, -17.90986050000005 ], [ -67.03308339999974, -17.908329700000049 ], [ -67.031954999999741, -17.90402710000005 ], [ -67.031366099999744, -17.901841600000051 ], [ -67.030102699999745, -17.897205800000048 ], [ -67.029048099999741, -17.893344300000045 ], [ -67.028095099999746, -17.889696600000047 ], [ -67.027292099999741, -17.886522700000047 ], [ -67.027597299999741, -17.882920700000046 ], [ -67.02797199999975, -17.878493300000045 ], [ -67.028287899999754, -17.874081100000044 ], [ -67.028742899999756, -17.868863700000045 ], [ -67.029006999999751, -17.865880700000044 ], [ -67.028867799999745, -17.862670700000045 ], [ -67.028653599999743, -17.858186700000044 ], [ -67.028450199999739, -17.853855500000044 ], [ -67.028257499999725, -17.849585400000045 ], [ -67.028107599999728, -17.845763500000043 ], [ -67.027913599999735, -17.841276900000043 ], [ -67.027736899999738, -17.837128800000041 ], [ -67.027533499999734, -17.83259830000004 ], [ -67.027334599999733, -17.827824200000041 ], [ -67.027160499999738, -17.824141200000039 ], [ -67.026456399999745, -17.822346600000039 ], [ -67.02445009999974, -17.817769700000039 ], [ -67.022860299999735, -17.814109 ], [ -67.023850699999741, -17.810869300000039 ], [ -67.025107199999738, -17.80662320000004 ], [ -67.026247899999291, -17.80239829999994 ], [ -67.027519499999286, -17.798210199999939 ], [ -67.028756199999293, -17.794025099999939 ], [ -67.02992699999929, -17.789771099999939 ], [ -67.03123419999929, -17.78560139999994 ], [ -67.032480399999287, -17.781253 ], [ -67.033787599999286, -17.776829899999939 ], [ -67.035051199999288, -17.77248139999994 ], [ -67.036323599999292, -17.768124499999939 ], [ -67.037561099999294, -17.763809 ], [ -67.038850799999295, -17.759493299999939 ], [ -67.040070899999293, -17.75515269999994 ], [ -67.04131709999929, -17.750894899999938 ], [ -67.042589499999295, -17.746554099999937 ], [ -67.043908199999294, -17.742266699999938 ], [ -67.044968099999295, -17.738287399999937 ], [ -67.045448699999298, -17.734202399999937 ], [ -67.045806099999297, -17.730046799999936 ], [ -67.046225199999299, -17.725832399999938 ], [ -67.046617399999292, -17.721894899999938 ], [ -67.045610299999296, -17.720624299999937 ], [ -67.043263299999296, -17.717819499999937 ], [ -67.040557799999291, -17.714616399999937 ], [ -67.038442800000354, -17.712293500000023 ], [ -67.037270700000349, -17.714066700000021 ], [ -67.036718100000343, -17.714174 ] ] } },
{ "type": "Feature", "properties": { "id": 807285174.0, "tags.power": "line", "Type": "Way", "Country": "BO", "Length": 47644.006170312226, "tags.cables": "3", "tags.voltage": "115000", "tags.circuits": null, "tags.frequency": "50" }, "geometry": { "type": "LineString", "coordinates": [ [ -67.276471400000389, -17.396446700000027 ], [ -67.276893599999767, -17.3967075 ], [ -67.27769559999976, -17.3973424 ], [ -67.277584500000387, -17.401172800000026 ], [ -67.276417800000388, -17.405037600000025 ], [ -67.275241600000385, -17.408888200000025 ], [ -67.274184800000384, -17.412417500000025 ], [ -67.27282430000038, -17.416584600000025 ], [ -67.271656200000379, -17.420101 ], [ -67.269339400000376, -17.425317200000023 ], [ -67.268465000000376, -17.428210200000024 ], [ -67.267012600000371, -17.432956 ], [ -67.265779500000377, -17.437095800000023 ], [ -67.264447700000375, -17.441378700000023 ], [ -67.262658000000371, -17.446873900000021 ], [ -67.261432300000365, -17.450644300000022 ], [ -67.258190900000372, -17.45495290000002 ], [ -67.255286000000368, -17.45881420000002 ], [ -67.25240660000037, -17.462885 ], [ -67.251321700000375, -17.464819200000022 ], [ -67.249169200000381, -17.468635300000024 ], [ -67.24677530000038, -17.471954900000025 ], [ -67.245094900000382, -17.474422600000025 ], [ -67.24343060000038, -17.475165800000024 ], [ -67.241107800000378, -17.479756800000025 ], [ -67.239848500000377, -17.482233300000026 ], [ -67.237452600000381, -17.486825400000026 ], [ -67.235904300000385, -17.489883800000026 ], [ -67.23407370000038, -17.493335400000028 ], [ -67.232188800000387, -17.496951300000028 ], [ -67.229573000000386, -17.501334 ], [ -67.227208600000381, -17.505255400000028 ], [ -67.224878400000378, -17.50908610000003 ], [ -67.222555000000384, -17.512887700000029 ], [ -67.220159800000374, -17.51559 ], [ -67.216648800000371, -17.519456800000029 ], [ -67.214262900000378, -17.522339400000028 ], [ -67.212000500000372, -17.525025100000029 ], [ -67.209561000000377, -17.527202900000027 ], [ -67.20577510000038, -17.530649400000026 ], [ -67.202331100000379, -17.533801 ], [ -67.199404200000373, -17.536456400000024 ], [ -67.196076900000378, -17.539437900000024 ], [ -67.19319750000038, -17.542086100000024 ], [ -67.189462600000383, -17.545495900000024 ], [ -67.186110500000382, -17.548579500000024 ], [ -67.182754400000377, -17.551636100000024 ], [ -67.180472500000377, -17.553732500000024 ], [ -67.177200800000378, -17.556725800000024 ], [ -67.173846700000382, -17.559798300000022 ], [ -67.17016070000038, -17.563161700000023 ], [ -67.168825600000375, -17.564387200000024 ], [ -67.165487000000368, -17.566572300000022 ], [ -67.16231390000037, -17.56862120000002 ], [ -67.160321000000366, -17.56992660000002 ], [ -67.155565500000364, -17.573028300000018 ], [ -67.153629600000357, -17.574297200000018 ], [ -67.149817500000353, -17.576782 ], [ -67.146887900000351, -17.578692700000019 ], [ -67.143576000000351, -17.580856500000021 ], [ -67.139139600000348, -17.583752200000021 ], [ -67.135992100000351, -17.585802800000021 ], [ -67.132701000000353, -17.58793780000002 ], [ -67.128084200000359, -17.590958600000022 ], [ -67.124396900000363, -17.593359500000023 ], [ -67.118985500000363, -17.596891600000024 ], [ -67.116672800000359, -17.598399400000023 ], [ -67.113977800000356, -17.600805800000025 ], [ -67.110989200000361, -17.603484500000025 ], [ -67.10779940000036, -17.606346600000027 ], [ -67.104464000000362, -17.609319300000028 ], [ -67.101789900000369, -17.611721100000029 ], [ -67.098075700000365, -17.615052200000029 ], [ -67.094796000000372, -17.617995900000029 ], [ -67.09144320000037, -17.620984300000028 ], [ -67.087892000000366, -17.624165 ], [ -67.084297200000364, -17.627393 ], [ -67.080677500000363, -17.630630500000031 ], [ -67.077605700000362, -17.633373300000031 ], [ -67.073600500000367, -17.636952500000032 ], [ -67.070187400000364, -17.640008400000031 ], [ -67.066034700000358, -17.643731900000031 ], [ -67.063117800000356, -17.646342300000029 ], [ -67.060180100000352, -17.648969800000028 ], [ -67.05682730000035, -17.65195960000003 ], [ -67.053063500000349, -17.655339800000029 ], [ -67.050395400000355, -17.657718600000027 ], [ -67.047901600000358, -17.659949200000028 ], [ -67.04423230000036, -17.663239800000028 ], [ -67.043565100000365, -17.667909800000029 ], [ -67.043089700000365, -17.671266600000028 ], [ -67.042447300000362, -17.675798400000026 ], [ -67.041654700000365, -17.681393700000026 ], [ -67.04179960000036, -17.685474800000026 ], [ -67.041923600000359, -17.688864 ], [ -67.042069800000363, -17.692916800000027 ], [ -67.042208600000365, -17.696928 ], [ -67.042769200000365, -17.701449500000027 ], [ -67.043293600000368, -17.705733200000026 ], [ -67.040720000000363, -17.708924600000024 ], [ -67.038433400000358, -17.711753100000024 ] ] } },
{ "type": "Feature", "properties": { "id": 807449510.0, "tags.power": "line", "Type": "Way", "Country": "BO", "Length": 1943.9512793050285, "tags.cables": "3", "tags.voltage": "115000", "tags.circuits": null, "tags.frequency": "50" }, "geometry": { "type": "LineString", "coordinates": [ [ -67.770446399999798, -16.395400099999978 ], [ -67.770548599999799, -16.399786099999979 ], [ -67.771041699999799, -16.407168 ], [ -67.7720151999998, -16.411496399999983 ], [ -67.772224099999121, -16.411997700000086 ] ] } },
{ "type": "Feature", "properties": { "id": 807464903.0, "tags.power": "line", "Type": "Way", "Country": "BO", "Length": 345.58078727000481, "tags.cables": "3", "tags.voltage": "115000", "tags.circuits": null, "tags.frequency": "50" }, "geometry": { "type": "LineString", "coordinates": [ [ -68.153379199999961, -16.370319600000066 ], [ -68.15160880000002, -16.368861100000082 ], [ -68.1510187, -16.368385100000069 ] ] } },
{ "type": "Feature", "properties": { "id": 807464904.0, "tags.power": "line", "Type": "Way", "Country": "BO", "Length": 9630.5551575188492, "tags.cables": "6", "tags.voltage": "115000", "tags.circuits": null, "tags.frequency": "50" }, "geometry": { "type": "LineString", "coordinates": [ [ -68.153379199999961, -16.370319600000066 ], [ -68.153690299999965, -16.371841100000065 ], [ -68.154242899999943, -16.374471100000065 ], [ -68.154924099999945, -16.377713600000064 ], [ -68.155508899999958, -16.380657500000066 ], [ -68.156136499999945, -16.383658 ], [ -68.156914299999968, -16.387337800000065 ], [ -68.157590299999953, -16.390703600000066 ], [ -68.158196399999952, -16.393544400000064 ], [ -68.158759699999948, -16.396318500000064 ], [ -68.159306899999962, -16.399066600000065 ], [ -68.159360499999949, -16.402159100000063 ], [ -68.159376599999945, -16.404665300000065 ], [ -68.159408799999952, -16.407464900000065 ], [ -68.159441, -16.410356700000065 ], [ -68.159478499999949, -16.413526800000067 ], [ -68.159505399999944, -16.416413300000062 ], [ -68.159549899999945, -16.419388 ], [ -68.159569699999949, -16.422238200000066 ], [ -68.159598199999948, -16.425187100000063 ], [ -68.159634099999934, -16.427826200000062 ], [ -68.159687699999964, -16.431402500000068 ], [ -68.159705499999959, -16.434479600000067 ], [ -68.159730699999969, -16.436737900000068 ], [ -68.159778899999949, -16.440195400000064 ], [ -68.159818099999939, -16.442722100000065 ], [ -68.159843299999963, -16.445438200000066 ], [ -68.159870099999964, -16.448782400000066 ], [ -68.159843299999949, -16.450974100000064 ], [ -68.159813699999972, -16.452746600000065 ] ] } },
{ "type": "Feature", "properties": { "id": 807464905.0, "tags.power": "line", "Type": "Way", "Country": "BO", "Length": 138.02304687200785, "tags.cables": "3", "tags.voltage": "115000", "tags.circuits": null, "tags.frequency": "60" }, "geometry": { "type": "LineString", "coordinates": [ [ -68.159813699999972, -16.452746600000065 ], [ -68.159931499999928, -16.453698500000058 ], [ -68.159986999999106, -16.453922800000079 ] ] } },
{ "type": "Feature", "properties": { "id": 807464906.0, "tags.power": "line", "Type": "Way", "Country": "BO", "Length": 138.3229103021076, "tags.cables": "3", "tags.voltage": "115000", "tags.circuits": null, "tags.frequency": "60" }, "geometry": { "type": "LineString", "coordinates": [ [ -68.159813699999972, -16.452746600000065 ], [ -68.159794599999103, -16.453714400000077 ], [ -68.1598642999991, -16.453927900000078 ] ] } },
{ "type": "Feature", "properties": { "id": 807635599.0, "tags.power": "line", "Type": "Way", "Country": "BO", "Length": 3109.3266560909951, "tags.cables": "3", "tags.voltage": "115000", "tags.circuits": null, "tags.frequency": "50" }, "geometry": { "type": "LineString", "coordinates": [ [ -65.68550169999962, -19.520279099999964 ], [ -65.685026899999627, -19.520362499999969 ], [ -65.685151699999622, -19.519935299999965 ], [ -65.686679199999617, -19.519846799999964 ], [ -65.689299699999623, -19.520006099999964 ], [ -65.693045399999619, -19.519899899999963 ], [ -65.697071399999615, -19.519812699999964 ], [ -65.701153099999615, -19.519678099999965 ], [ -65.703728599999621, -19.520083199999963 ], [ -65.706834599999624, -19.520574899999964 ], [ -65.711924000000451, -19.521593399999965 ] ] } },
{ "type": "Feature", "properties": { "id": 807644053.0, "tags.power": "line", "Type": "Way", "Country": "BO", "Length": 374.16845302642719, "tags.cables": "3", "tags.voltage": "115000", "tags.circuits": null, "tags.frequency": "50" }, "geometry": { "type": "LineString", "coordinates": [ [ -65.801053899999559, -19.6079797 ], [ -65.800922499999558, -19.6085456 ], [ -65.799512999999564, -19.6084048 ], [ -65.798263099999559, -19.6079797 ] ] } },
{ "type": "Feature", "properties": { "id": 807644054.0, "tags.power": "line", "Type": "Way", "Country": "BO", "Length": 824.30576678626585, "tags.cables": "3", "tags.voltage": "115000", "tags.circuits": null, "tags.frequency": "50" }, "geometry": { "type": "LineString", "coordinates": [ [ -65.800843399999565, -19.607938 ], [ -65.800742799999568, -19.6083561 ], [ -65.799144199999574, -19.6102739 ], [ -65.796432499999568, -19.6134915 ] ] } },
{ "type": "Feature", "properties": { "id": 807697667.0, "tags.power": "line", "Type": "Way", "Country": "BO", "Length": 7762.7449310399898, "tags.cables": "6", "tags.voltage": "115000", "tags.circuits": "2", "tags.frequency": "50" }, "geometry": { "type": "LineString", "coordinates": [ [ -65.218094799999591, -19.001252699999938 ], [ -65.217146099999596, -19.000748199999936 ], [ -65.215174399999597, -19.001557399999935 ], [ -65.214817899999602, -19.003644599999934 ], [ -65.214568499999601, -19.004833199999933 ], [ -65.213219899999601, -19.010551499999934 ], [ -65.211007999999595, -19.014880899999934 ], [ -65.208273499999592, -19.023585599999937 ], [ -65.207093999999586, -19.027917799999937 ], [ -65.20656899999959, -19.028981899999938 ], [ -65.20439289999959, -19.035413 ], [ -65.20254999999959, -19.041979899999937 ], [ -65.200624899999596, -19.04897 ], [ -65.200256999999596, -19.052277099999937 ], [ -65.199666999999593, -19.057735799999936 ], [ -65.199368499999593, -19.060356 ], [ -65.199105399999596, -19.062263299999934 ] ] } },
{ "type": "Feature", "properties": { "id": 807703559.0, "tags.power": "line", "Type": "Way", "Country": "BO", "Length": 183.18359041578475, "tags.cables": "3", "tags.voltage": null, "tags.circuits": null, "tags.frequency": "60" }, "geometry": { "type": "LineString", "coordinates": [ [ -66.139554099999302, -20.049639800000012 ], [ -66.141120499999303, -20.050113500000013 ] ] } },
{ "type": "Feature", "properties": { "id": 807738416.0, "tags.power": "line", "Type": "Way", "Country": "BO", "Length": 7205.6531443401691, "tags.cables": "3", "tags.voltage": "115000", "tags.circuits": null, "tags.frequency": "50" }, "geometry": { "type": "LineString", "coordinates": [ [ -67.154839899999402, -21.13366 ], [ -67.154456399999404, -21.133542400000017 ], [ -67.15247959999941, -21.129793400000018 ], [ -67.150120599999411, -21.126235700000016 ], [ -67.148566899999409, -21.123787500000017 ], [ -67.146511699999408, -21.120995300000018 ], [ -67.144324299999411, -21.118006600000019 ], [ -67.141475199999405, -21.114117100000019 ], [ -67.139583499999404, -21.111506100000017 ], [ -67.137140699999932, -21.1082019 ], [ -67.13451749999993, -21.104731199999989 ], [ -67.132331499999935, -21.101610799999989 ], [ -67.130529099999933, -21.099216099999989 ], [ -67.129193299999926, -21.097299199999988 ], [ -67.128018499999925, -21.095730199999988 ], [ -67.122756, -21.091532299999987 ], [ -67.119859199999922, -21.089229899999985 ], [ -67.115911, -21.086136699999987 ] ] } },
{ "type": "Feature", "properties": { "id": 807738417.0, "tags.power": "line", "Type": "Way", "Country": "BO", "Length": 168666.19094219242, "tags.cables": "3", "tags.voltage": "230000", "tags.circuits": "1", "tags.frequency": "50" }, "geometry": { "type": "LineString", "coordinates": [ [ -65.755545000000126, -21.427582800000263 ], [ -65.755692600000216, -21.4279207 ], [ -65.75754860000022, -21.4306622 ], [ -65.76006460000022, -21.4339479 ], [ -65.764640400000218, -21.434617 ], [ -65.767151000000212, -21.4346919 ], [ -65.769865300000205, -21.4347419 ], [ -65.772365200000209, -21.4348567 ], [ -65.777461400000206, -21.4349316 ], [ -65.780229400000209, -21.4351713 ], [ -65.782482500000214, -21.435411 ], [ -65.785266600000213, -21.4362748 ], [ -65.787857600000208, -21.4371237 ], [ -65.790673900000215, -21.438412 ], [ -65.792492500000208, -21.4392259 ], [ -65.796038300000205, -21.4412431 ], [ -65.7990585000002, -21.4428209 ], [ -65.8022342000002, -21.444918 ], [ -65.806686700000199, -21.4476392 ], [ -65.811385900000204, -21.45061 ], [ -65.822055800000214, -21.4508147 ], [ -65.826266800000226, -21.4508946 ], [ -65.830735399999867, -21.450959500000032 ], [ -65.834136499999872, -21.451009400000032 ], [ -65.839490199999872, -21.451079300000032 ], [ -65.845975799999877, -21.451229100000031 ], [ -65.849441199999873, -21.450615 ], [ -65.853228399999878, -21.449990900000032 ], [ -65.857772099999877, -21.449172 ], [ -65.861537899999874, -21.448557900000033 ], [ -65.864842399999873, -21.447993700000033 ], [ -65.870957799999886, -21.446920200000029 ], [ -65.873285999999879, -21.446550800000029 ], [ -65.87966, -21.445413399999968 ], [ -65.88078539999988, -21.44521260000003 ], [ -65.883542799999873, -21.44527250000003 ], [ -65.891825399999874, -21.445652 ], [ -65.89516209999988, -21.445761900000033 ], [ -65.901427699999886, -21.446031500000032 ], [ -65.908524, -21.44619889999997 ], [ -65.911817699999972, -21.446218899999966 ], [ -65.913942, -21.44632869999997 ], [ -65.918936299999984, -21.445839399999969 ], [ -65.922138899999979, -21.44547989999997 ], [ -65.927503299999984, -21.445270199999971 ], [ -65.931135, -21.44512539999997 ], [ -65.936832, -21.44489069999997 ], [ -65.94155809999998, -21.444701 ], [ -65.945050299999977, -21.44452619999997 ], [ -65.950999399999972, -21.44430149999997 ], [ -65.95436829999997, -21.443278 ], [ -65.95820919999997, -21.442129499999972 ], [ -65.963005, -21.440686499999973 ], [ -65.966465099999965, -21.439598 ], [ -65.971958199999975, -21.43799019999997 ], [ -65.975514799999971, -21.43690159999997 ], [ -65.98024089999997, -21.43546359999997 ], [ -65.983400499999973, -21.43451479999997 ], [ -65.985750099999976, -21.433735799999969 ], [ -65.989977299999978, -21.432507499999968 ], [ -65.99434519999997, -21.4312181 ], [ -66.000358699999964, -21.4323441 ], [ -66.004011899999966, -21.4330706 ], [ -66.008480399999968, -21.433932 ], [ -66.013099199999971, -21.4349107 ], [ -66.015711699999969, -21.4353252 ], [ -66.018458199999969, -21.4358894 ], [ -66.022427899999968, -21.4386607 ], [ -66.023828, -21.4397043 ], [ -66.027438299999972, -21.442086 ], [ -66.032051699999968, -21.4455113 ], [ -66.034873399999967, -21.4474835 ], [ -66.04001249999996, -21.4510484 ], [ -66.044497099999958, -21.4542338 ], [ -66.047039899999959, -21.4560811 ], [ -66.053520099999957, -21.4606493 ], [ -66.057307399999956, -21.460849 ], [ -66.061867099999958, -21.4586573 ], [ -66.06531109999996, -21.4569948 ], [ -66.070155099999965, -21.4546682 ], [ -66.075782399999966, -21.4519222 ], [ -66.078625499999973, -21.4505541 ], [ -66.08160279999997, -21.4490762 ], [ -66.085819199999975, -21.4470391 ], [ -66.089204199999969, -21.4454164 ], [ -66.094139399999975, -21.4430048 ], [ -66.096279799999976, -21.4419462 ], [ -66.100045699999981, -21.4401387 ], [ -66.10483069999998, -21.4378568 ], [ -66.109776699999983, -21.435435 ], [ -66.114486699999986, -21.433188 ], [ -66.118982099999982, -21.4309709 ], [ -66.124003199999976, -21.428534 ], [ -66.126883899999982, -21.4271058 ], [ -66.131347, -21.4249286 ], [ -66.134651499999975, -21.4233755 ], [ -66.138444199999981, -21.4214879 ], [ -66.143315099999981, -21.4191258 ], [ -66.147826499999979, -21.4169584 ], [ -66.150267399999976, -21.4157499 ], [ -66.151914199999979, -21.4149408 ], [ -66.155111399999981, -21.4134326 ], [ -66.160143199999979, -21.4109605 ], [ -66.164359699999977, -21.4089129 ], [ -66.168914099999981, -21.4066504 ], [ -66.174149699999987, -21.4041532 ], [ -66.179213799999985, -21.4017159 ], [ -66.182238600000105, -21.400198600000262 ], [ -66.187310200000098, -21.397736400000262 ], [ -66.191970800000092, -21.395467900000263 ], [ -66.195854900000086, -21.393578300000264 ], [ -66.199121200000093, -21.392001800000266 ], [ -66.204509100000095, -21.389376900000265 ], [ -66.206902300000095, -21.388210100000265 ], [ -66.211890500000095, -21.385795200000263 ], [ -66.21710020000009, -21.384415500000262 ], [ -66.220586900000086, -21.383505000000262 ], [ -66.224415200000081, -21.382514300000263 ], [ -66.228778200000079, -21.381367200000263 ], [ -66.235351, -21.379627500000261 ], [ -66.237199500000074, -21.379140000000262 ], [ -66.240999500000072, -21.378150600000261 ], [ -66.248358300000078, -21.37619270000026 ], [ -66.251138100000077, -21.375454300000261 ], [ -66.255591400000071, -21.37427560000026 ], [ -66.258614, -21.37347540000026 ], [ -66.261862300000061, -21.372626500000258 ], [ -66.267021100000065, -21.371483300000257 ], [ -66.270297700000071, -21.370393900000256 ], [ -66.27322, -21.369610800000256 ], [ -66.27787940000006, -21.368382100000257 ], [ -66.281833200000065, -21.367340000000258 ], [ -66.286626600000062, -21.366074600000257 ], [ -66.293164100000055, -21.364342600000256 ], [ -66.295465600000057, -21.363735500000256 ], [ -66.298544500000062, -21.362919400000255 ], [ -66.30164890000006, -21.362095400000253 ], [ -66.305870800000065, -21.361088800000253 ], [ -66.313547800000066, -21.359274000000255 ], [ -66.318769500000073, -21.358038700000254 ], [ -66.321777900000072, -21.357321100000252 ], [ -66.32748280000007, -21.355974100000253 ], [ -66.331559400000074, -21.356353900000254 ], [ -66.335989500000068, -21.356748200000254 ], [ -66.340411100000068, -21.357159500000254 ], [ -66.345205900000067, -21.357599700000254 ], [ -66.349657900000068, -21.358011100000255 ], [ -66.354648800000064, -21.358467100000254 ], [ -66.357733400000058, -21.358741100000255 ], [ -66.363079300000052, -21.359231300000257 ], [ -66.367344300000056, -21.359619600000258 ], [ -66.3712401, -21.358580500000247 ], [ -66.376331400000055, -21.357222600000259 ], [ -66.380564600000056, -21.356089800000259 ], [ -66.382713700000053, -21.35552140000026 ], [ -66.387508500000052, -21.354248600000261 ], [ -66.392503700000049, -21.352918600000262 ], [ -66.396741200000051, -21.349726300000263 ], [ -66.400738700000048, -21.346725900000262 ], [ -66.403131900000048, -21.34491750000026 ], [ -66.406004900000042, -21.342763300000261 ], [ -66.409202400000041, -21.340347600000261 ], [ -66.410448400000035, -21.336967100000262 ], [ -66.412358900000029, -21.331751700000261 ], [ -66.414146800000026, -21.32694090000026 ], [ -66.415624200000025, -21.322927900000259 ], [ -66.417088900000024, -21.31897520000026 ], [ -66.418579700000024, -21.314903400000262 ], [ -66.420155100000017, -21.31065140000026 ], [ -66.421657900000014, -21.306597200000262 ], [ -66.4254283, -21.303806200000263 ], [ -66.4301357, -21.300357800000263 ], [ -66.432638900000015, -21.298519900000262 ], [ -66.436440300000015, -21.29573470000026 ], [ -66.44051970000001, -21.292732500000259 ], [ -66.4432742, -21.290723500000258 ], [ -66.4466678, -21.288239900000256 ], [ -66.4501828, -21.285656300000255 ], [ -66.453896699999987, -21.282935300000254 ], [ -66.457308699999984, -21.280425900000253 ], [ -66.461142599999988, -21.277614700000253 ], [ -66.466754399999985, -21.273503000000254 ], [ -66.469011499999979, -21.271847500000256 ], [ -66.471267099999977, -21.270957300000255 ], [ -66.47484129999998, -21.269527900000256 ], [ -66.477592899999976, -21.268441100000256 ], [ -66.481292699999983, -21.266971600000257 ], [ -66.484955899999989, -21.265512000000257 ], [ -66.489482599999988, -21.263718300000257 ], [ -66.4924473, -21.262546600000256 ], [ -66.4963291, -21.261131700000256 ], [ -66.4999288, -21.259833700000257 ], [ -66.5030642, -21.258688300000259 ], [ -66.5065326, -21.257423200000257 ], [ -66.5107165, -21.255909600000258 ], [ -66.5146548, -21.254477500000259 ], [ -66.5186904, -21.253007200000258 ], [ -66.5236588, -21.251208100000259 ], [ -66.5275153, -21.249678600000259 ], [ -66.531365399999984, -21.248170100000259 ], [ -66.534899399999986, -21.246768200000258 ], [ -66.5383156, -21.245424100000257 ], [ -66.5413029, -21.245435900000256 ], [ -66.545893099999986, -21.245460900000257 ], [ -66.550072699999987, -21.245481900000257 ], [ -66.552959799999982, -21.245501700000258 ], [ -66.555472899999984, -21.245518800000259 ], [ -66.559302599999981, -21.245542400000257 ], [ -66.563798199999979, -21.245568700000256 ], [ -66.567237, -21.245585800000256 ], [ -66.570391499999971, -21.245604300000256 ], [ -66.573523399999971, -21.245618700000257 ], [ -66.576595299999966, -21.245629200000256 ], [ -66.57988869999997, -21.245660800000255 ], [ -66.58388349999997, -21.245676600000255 ], [ -66.587450699999977, -21.245696300000255 ], [ -66.590445, -21.245712100000254 ], [ -66.59341809999998, -21.245730500000253 ], [ -66.596389799999983, -21.245737100000252 ], [ -66.599470199999985, -21.245762100000253 ], [ -66.602456, -21.245769300000251 ], [ -66.605441899999988, -21.245797600000252 ], [ -66.6091022, -21.245817300000251 ], [ -66.612710299999989, -21.245838400000252 ], [ -66.616105299999987, -21.245847600000253 ], [ -66.619960399999982, -21.245863300000252 ], [ -66.622546299999982, -21.245884800000251 ], [ -66.626020499999981, -21.245899400000251 ], [ -66.629490199999978, -21.24506540000025 ], [ -66.634406599999977, -21.243873100000251 ], [ -66.639342299999981, -21.242669600000252 ], [ -66.643996099999981, -21.241539600000252 ], [ -66.647375099999977, -21.240718100000251 ], [ -66.651941899999983, -21.23959990000025 ], [ -66.656669399999984, -21.238456000000252 ], [ -66.661059099999989, -21.237382800000251 ], [ -66.6649208, -21.236442800000251 ], [ -66.6700975, -21.23519350000025 ], [ -66.6742746, -21.234180600000251 ], [ -66.6779355, -21.233285600000251 ], [ -66.6827499, -21.23209110000025 ], [ -66.6849143, -21.23158430000025 ], [ -66.6888638, -21.231279900000249 ], [ -66.6921669, -21.23102340000025 ], [ -66.696341, -21.230698900000249 ], [ -66.7005939, -21.230369600000248 ], [ -66.70471, -21.230052100000247 ], [ -66.70947910000001, -21.229687400000248 ], [ -66.713868800000014, -21.229349100000249 ], [ -66.716953300000014, -21.22910570000025 ], [ -66.721087200000014, -21.228777800000252 ], [ -66.723938100000012, -21.22856910000025 ], [ -66.727189900000013, -21.228320200000251 ], [ -66.7335938, -21.227815500000251 ], [ -66.736662700000011, -21.227572800000249 ], [ -66.741564200000013, -21.227208100000251 ], [ -66.744518400000018, -21.22697790000025 ], [ -66.750300600000017, -21.22649820000025 ], [ -66.755132100000012, -21.22613760000025 ], [ -66.758387700000014, -21.225888100000251 ], [ -66.761857400000011, -21.225639800000252 ], [ -66.765832100000011, -21.225320900000252 ], [ -66.770108900000011, -21.224982600000253 ], [ -66.774311200000014, -21.224663600000252 ], [ -66.779007400000012, -21.224301000000253 ], [ -66.7840294, -21.223907900000253 ], [ -66.7887182, -21.223555700000254 ], [ -66.7934531, -21.223184200000247 ], [ -66.7981017, -21.222819400000255 ], [ -66.8032575, -21.222422800000256 ], [ -66.8077076, -21.222069900000257 ], [ -66.8109095, -21.221818200000257 ], [ -66.8149869, -21.221499300000257 ], [ -66.8181796, -21.221246900000256 ], [ -66.8219115, -21.220952900000256 ], [ -66.8254295, -21.219112800000257 ], [ -66.828967, -21.217274000000256 ], [ -66.833535199999986, -21.214854100000256 ], [ -66.83688669999998, -21.213104100000255 ], [ -66.839666899999983, -21.211643100000256 ], [ -66.843110599999989, -21.209846500000257 ], [ -66.847647699999982, -21.207459800000255 ], [ -66.851963099999978, -21.205209000000256 ], [ -66.856196699999984, -21.202995600000257 ], [ -66.860171399999984, -21.200918100000258 ], [ -66.864170699999988, -21.198797600000258 ], [ -66.8680168, -21.196779600000259 ], [ -66.8717476, -21.194835100000258 ], [ -66.875279, -21.192976600000257 ], [ -66.8799589, -21.191801900000257 ], [ -66.884902, -21.190584100000258 ], [ -66.8896362, -21.189385100000258 ], [ -66.8944596, -21.18818470000026 ], [ -66.899340200000012, -21.18695160000026 ], [ -66.904374100000013, -21.185695000000258 ], [ -66.909055400000014, -21.184529900000257 ], [ -66.913251800000012, -21.183478500000255 ], [ -66.917675800000012, -21.182385500000255 ], [ -66.922513400000014, -21.181164900000255 ], [ -66.927278, -21.179970600000253 ], [ -66.931673700000019, -21.178851300000254 ], [ -66.936308900000014, -21.177708300000255 ], [ -66.940792400000021, -21.176580600000253 ], [ -66.945461900000026, -21.175425100000254 ], [ -66.950112, -21.174255800000253 ], [ -66.954226600000027, -21.173205700000253 ], [ -66.958497300000033, -21.172146000000254 ], [ -66.963311100000027, -21.170925300000253 ], [ -66.968154500000026, -21.169717100000252 ], [ -66.972780800000024, -21.168549100000252 ], [ -66.977552200000019, -21.167356100000251 ], [ -66.981969500000019, -21.166240800000253 ], [ -66.986432100000016, -21.165133800000252 ], [ -66.991204200000013, -21.163908900000251 ], [ -66.995718900000014, -21.16277970000025 ], [ -67.000331800000012, -21.16161990000025 ], [ -67.005133700000016, -21.160414400000249 ], [ -67.009908700000011, -21.159217200000249 ], [ -67.0145767, -21.15803800000025 ], [ -67.0191152, -21.156900500000251 ], [ -67.0239423, -21.15568800000025 ], [ -67.0286132, -21.15451570000025 ], [ -67.0332053, -21.153362800000249 ], [ -67.0381083, -21.152135100000248 ], [ -67.0427941, -21.150947500000246 ], [ -67.0477447, -21.149715500000244 ], [ -67.0520928, -21.148614000000244 ], [ -67.0569512, -21.147391700000245 ], [ -67.0615314, -21.146244300000244 ], [ -67.0662462, -21.145060900000246 ], [ -67.0709654, -21.143870500000247 ], [ -67.0757866, -21.142660700000246 ], [ -67.080636, -21.141442500000245 ], [ -67.0850511, -21.140318700000247 ], [ -67.08949, -21.139201800000247 ], [ -67.0937102, -21.138150100000246 ], [ -67.09753760000001, -21.137185800000246 ], [ -67.1023305, -21.135978700000248 ], [ -67.107266200000012, -21.134728600000248 ], [ -67.1106222, -21.133873900000246 ], [ -67.115881199999919, -21.134367599999987 ], [ -67.121588899999921, -21.134833 ], [ -67.125757099999916, -21.135158199999985 ], [ -67.128015499999918, -21.135353299999984 ], [ -67.134855099999925, -21.135938799999984 ], [ -67.13752659999993, -21.136163899999985 ], [ -67.141818099999924, -21.136559199999986 ], [ -67.149592199999404, -21.136200600000016 ], [ -67.15287789999941, -21.135575100000015 ], [ -67.15586449999941, -21.134907200000015 ], [ -67.156100599999405, -21.134259200000013 ] ] } },
{ "type": "Feature", "properties": { "id": 807738418.0, "tags.power": "line", "Type": "Way", "Country": "BO", "Length": 8532.8615796587292, "tags.cables": "3", "tags.voltage": "230000", "tags.circuits": null, "tags.frequency": "50" }, "geometry": { "type": "LineString", "coordinates": [ [ -67.156508299999402, -21.134383 ], [ -67.155840399999406, -21.136413200000014 ], [ -67.156197099999403, -21.137202500000015 ], [ -67.157636099999408, -21.137381400000017 ], [ -67.160565099999403, -21.134556900000018 ], [ -67.163532999999404, -21.131656 ], [ -67.166592699999399, -21.128717600000016 ], [ -67.168877299999394, -21.126510900000017 ], [ -67.172663199999391, -21.122768 ], [ -67.173640899999398, -21.121517 ], [ -67.176548299999965, -21.120649499999939 ], [ -67.181452099999959, -21.11956339999994 ], [ -67.184748200000314, -21.118853599999923 ], [ -67.187193, -21.118327199999939 ], [ -67.192370399999945, -21.11721609999994 ], [ -67.198615599999954, -21.115899799999941 ], [ -67.203503399999946, -21.114343299999941 ], [ -67.206164499999943, -21.114048 ], [ -67.208616499999948, -21.11592979999994 ], [ -67.209297799999945, -21.118142 ], [ -67.209775399999955, -21.119548399999939 ], [ -67.2110362, -21.123235599999948 ], [ -67.2106833, -21.125286799999948 ], [ -67.210704999999408, -21.126678500000015 ] ] } },
{ "type": "Feature", "properties": { "id": 807785821.0, "tags.power": "line", "Type": "Way", "Country": "BO", "Length": 4427.8447777074025, "tags.cables": "6", "tags.voltage": "230000", "tags.circuits": null, "tags.frequency": "50" }, "geometry": { "type": "LineString", "coordinates": [ [ -63.258528499999429, -17.7171194 ], [ -63.256583099999403, -17.717436600000035 ], [ -63.253073199999903, -17.719702599999948 ], [ -63.248617499999902, -17.722592099999947 ], [ -63.245346, -17.725219599999946 ], [ -63.243195, -17.726928299999944 ], [ -63.24069929999991, -17.728026899999943 ], [ -63.238236399999913, -17.729121699999943 ], [ -63.236619099999913, -17.730998399999944 ], [ -63.234138799999911, -17.733956199999945 ], [ -63.234118299999913, -17.736552199999945 ], [ -63.235222499999914, -17.740289899999944 ], [ -63.235784899999913, -17.742197799999943 ], [ -63.23591259999943, -17.742366600000011 ] ] } },
{ "type": "Feature", "properties": { "id": 807785822.0, "tags.power": "line", "Type": "Way", "Country": "BO", "Length": 363.54818869825766, "tags.cables": null, "tags.voltage": "230000", "tags.circuits": null, "tags.frequency": null }, "geometry": { "type": "LineString", "coordinates": [ [ -65.160217599999584, -16.999711 ], [ -65.163473999999582, -16.999474100000015 ] ] } },
{ "type": "Feature", "properties": { "id": 807785823.0, "tags.power": "line", "Type": "Way", "Country": "BO", "Length": 362.60461930568346, "tags.cables": "3", "tags.voltage": "230000", "tags.circuits": null, "tags.frequency": "50" }, "geometry": { "type": "LineString", "coordinates": [ [ -64.525073199999767, -17.208740100000014 ], [ -64.525943399999747, -17.21104750000001 ], [ -64.52623219999947, -17.2116459 ] ] } },
{ "type": "Feature", "properties": { "id": 807785824.0, "tags.power": "line", "Type": "Way", "Country": "BO", "Length": 741.50659970671813, "tags.cables": "6", "tags.voltage": "230000", "tags.circuits": "2", "tags.frequency": "50" }, "geometry": { "type": "LineString", "coordinates": [ [ -64.525073199999767, -17.208740100000014 ], [ -64.523562399999747, -17.205302500000013 ], [ -64.522407899999962, -17.202909699999918 ] ] } },
{ "type": "Feature", "properties": { "id": 807785825.0, "tags.power": "line", "Type": "Way", "Country": "BO", "Length": 5054.5024496552387, "tags.cables": "6", "tags.voltage": "230000", "tags.circuits": "2", "tags.frequency": "50" }, "geometry": { "type": "LineString", "coordinates": [ [ -64.6932865, -21.457751600000247 ], [ -64.6960014, -21.459141500000246 ], [ -64.6988302, -21.460553100000247 ], [ -64.7028649, -21.462585500000248 ], [ -64.7047547, -21.465194100000247 ], [ -64.707564100000013, -21.469068200000248 ], [ -64.711135200000015, -21.468308800000248 ], [ -64.714584500000015, -21.470161500000248 ], [ -64.7182941, -21.472111800000249 ], [ -64.7190829, -21.474587600000248 ], [ -64.7206346, -21.47635100000025 ], [ -64.723803699999479, -21.4802517 ], [ -64.726028599999481, -21.4830271 ] ] } },
{ "type": "Feature", "properties": { "id": 807794957.0, "tags.power": "line", "Type": "Way", "Country": "BO", "Length": 37014.374596466303, "tags.cables": "3", "tags.voltage": "230000", "tags.circuits": null, "tags.frequency": "50" }, "geometry": { "type": "LineString", "coordinates": [ [ -63.148810599999415, -17.535166100000033 ], [ -63.149168599999413, -17.535414200000034 ], [ -63.148711299999412, -17.536123900000035 ], [ -63.147898599999415, -17.537396300000037 ], [ -63.147420499999413, -17.538059400000037 ], [ -63.146781499999413, -17.538928300000038 ], [ -63.146156499999414, -17.539907800000037 ], [ -63.145358599999412, -17.541166100000037 ], [ -63.144535099999409, -17.542464 ], [ -63.143686199999408, -17.543777300000038 ], [ -63.142939199999411, -17.544958800000039 ], [ -63.142074199999414, -17.546289900000041 ], [ -63.141206499999413, -17.547663300000039 ], [ -63.140330799999411, -17.549044300000038 ], [ -63.139322299999414, -17.550389400000039 ], [ -63.138277499999411, -17.55193410000004 ], [ -63.13727169999941, -17.55383420000004 ], [ -63.137849699999407, -17.555163300000039 ], [ -63.13949529999941, -17.55612680000004 ], [ -63.14082559999941, -17.55690290000004 ], [ -63.14201919999941, -17.557599800000041 ], [ -63.143289899999409, -17.558569 ], [ -63.143781399999412, -17.559925600000042 ], [ -63.143568199999415, -17.561159400000044 ], [ -63.143273099999412, -17.562426500000043 ], [ -63.142901699999413, -17.563996 ], [ -63.142536199999412, -17.565488100000042 ], [ -63.142221699999411, -17.56686 ], [ -63.141890499999413, -17.568255500000042 ], [ -63.141537799999412, -17.569727100000041 ], [ -63.141274899999409, -17.570825400000039 ], [ -63.142209699999412, -17.57146720000004 ], [ -63.143502499999414, -17.57236920000004 ], [ -63.145035399999415, -17.57343360000004 ], [ -63.146210199999416, -17.574249300000041 ], [ -63.147569999999419, -17.574542100000041 ], [ -63.148610699999416, -17.574553600000041 ], [ -63.149490499999416, -17.57456510000004 ], [ -63.151000599999414, -17.574586800000041 ], [ -63.152346399999416, -17.57460280000004 ], [ -63.153800799999416, -17.574622600000041 ], [ -63.155678999999417, -17.574663500000039 ], [ -63.15778119999942, -17.57468910000004 ], [ -63.158457099999417, -17.575195400000041 ], [ -63.158213099999415, -17.57764110000004 ], [ -63.158121899999415, -17.578522 ], [ -63.158103099999416, -17.579324900000039 ], [ -63.158080299999412, -17.580644300000039 ], [ -63.158151399999412, -17.58169390000004 ], [ -63.158846699999408, -17.582105600000041 ], [ -63.160166999999412, -17.581914400000041 ], [ -63.161494699999409, -17.581732300000041 ], [ -63.16282579999941, -17.581552600000041 ], [ -63.164101799999408, -17.581378100000041 ], [ -63.165275999999409, -17.581223400000042 ], [ -63.166431999999411, -17.58106550000004 ], [ -63.167760999999409, -17.580891 ], [ -63.168880199999407, -17.581741800000039 ], [ -63.17008249999941, -17.582649200000038 ], [ -63.171255299999409, -17.583550200000037 ], [ -63.172491799999406, -17.584488600000036 ], [ -63.173704099999405, -17.585403900000035 ], [ -63.174875599999403, -17.586301400000035 ], [ -63.176218699999403, -17.587317800000029 ], [ -63.177449899999402, -17.588325100000031 ], [ -63.179108799999405, -17.58964510000003 ], [ -63.182338199999407, -17.591480200000031 ], [ -63.186019499999404, -17.592889 ], [ -63.188665499999402, -17.592688300000031 ], [ -63.191118399999404, -17.592502900000031 ], [ -63.194252599999402, -17.592975900000031 ], [ -63.202482899999403, -17.59425810000003 ], [ -63.205501699999402, -17.59475670000003 ], [ -63.208352899999404, -17.59213860000003 ], [ -63.211559499999403, -17.590402500000032 ], [ -63.214389199999403, -17.591216900000031 ], [ -63.217306099999405, -17.592054900000033 ], [ -63.219706699999406, -17.592738200000031 ], [ -63.223188199999406, -17.591378 ], [ -63.226510099999409, -17.59026190000003 ], [ -63.230094199999407, -17.589004 ], [ -63.233625999999404, -17.58778180000003 ], [ -63.236572399999403, -17.586737300000031 ], [ -63.2401290999994, -17.585465300000031 ], [ -63.2436239999994, -17.584221400000033 ], [ -63.247165799999394, -17.582963400000036 ], [ -63.250919599999392, -17.581628700000035 ], [ -63.253794899999392, -17.58062 ], [ -63.255373399999392, -17.581008600000036 ], [ -63.257000199999396, -17.580298500000037 ], [ -63.258078399999398, -17.580603400000037 ], [ -63.260859799999402, -17.581445900000038 ], [ -63.264327899999401, -17.581742500000036 ], [ -63.267394399999404, -17.582158600000035 ], [ -63.268656999999401, -17.584299400000035 ], [ -63.269064699999397, -17.587375300000033 ], [ -63.269155199999396, -17.589939800000032 ], [ -63.266378499999398, -17.592614200000032 ], [ -63.265813899999401, -17.594493400000029 ], [ -63.264760399999403, -17.598001300000035 ], [ -63.263749899999404, -17.601365700000031 ], [ -63.263527299999403, -17.605279900000031 ], [ -63.263315399999406, -17.608903800000032 ], [ -63.263131699999406, -17.612044500000032 ], [ -63.262920999999402, -17.615911200000035 ], [ -63.262718599999403, -17.619626900000032 ], [ -63.262497299999403, -17.622813400000034 ], [ -63.262273399999401, -17.627115600000035 ], [ -63.262152699999405, -17.630503900000036 ], [ -63.261916599999402, -17.634138900000035 ], [ -63.261712799999401, -17.637854200000035 ], [ -63.261492899999404, -17.641509400000036 ], [ -63.261056999999404, -17.649111 ], [ -63.260875899999405, -17.652316200000037 ], [ -63.260456199999403, -17.659799700000036 ], [ -63.260280499999404, -17.663920900000036 ], [ -63.260087399999406, -17.667428700000038 ], [ -63.259813099999405, -17.672088900000038 ], [ -63.259619299999407, -17.675241300000039 ], [ -63.260771299999405, -17.67699950000004 ], [ -63.259432899999403, -17.679723700000039 ], [ -63.259246499999406, -17.682371900000039 ], [ -63.25902789999941, -17.686412700000037 ], [ -63.25881999999941, -17.691103100000038 ], [ -63.258723499999412, -17.694076200000037 ], [ -63.258616199999409, -17.697888700000036 ], [ -63.258508899999406, -17.701545300000035 ], [ -63.258401599999402, -17.705251600000036 ], [ -63.258241999999399, -17.709006400000035 ], [ -63.258028799999401, -17.712794300000034 ], [ -63.258528499999429, -17.7171194 ] ] } },
{ "type": "Feature", "properties": { "id": 807818002.0, "tags.power": "line", "Type": "Way", "Country": "BO", "Length": 17273.029152968949, "tags.cables": "6", "tags.voltage": "230000", "tags.circuits": "2", "tags.frequency": "50" }, "geometry": { "type": "LineString", "coordinates": [ [ -63.14780739999928, -17.53385410000012 ], [ -63.148421599999281, -17.532892400000119 ], [ -63.150146299999278, -17.53324030000012 ], [ -63.151138699999279, -17.532710800000121 ], [ -63.151878999999276, -17.531558600000121 ], [ -63.15259919999928, -17.53042940000012 ], [ -63.153358299999283, -17.529249100000118 ], [ -63.153989899999281, -17.52802010000012 ], [ -63.154374799999282, -17.526928000000119 ], [ -63.160030199999284, -17.529777200000119 ], [ -63.161073599999284, -17.529925600000119 ], [ -63.163661299999283, -17.53072550000012 ], [ -63.165540799999285, -17.531347600000121 ], [ -63.167091199999284, -17.531861100000121 ], [ -63.168560299999285, -17.532349600000121 ], [ -63.171721999999285, -17.533405900000119 ], [ -63.174681799999284, -17.534378400000119 ], [ -63.175996099999281, -17.53482210000012 ], [ -63.177663099999279, -17.535338800000119 ], [ -63.179140999999277, -17.535621400000117 ], [ -63.180184399999277, -17.535700000000116 ], [ -63.181868799999279, -17.535613700000116 ], [ -63.183549199999277, -17.535389300000116 ], [ -63.185398599999274, -17.535144400000117 ], [ -63.187237899999275, -17.534905900000119 ], [ -63.188564899999278, -17.534820900000121 ], [ -63.189877899999281, -17.53509450000012 ], [ -63.191417499999282, -17.535311900000121 ], [ -63.19296779999928, -17.535672500000121 ], [ -63.194482599999283, -17.536082400000122 ], [ -63.196085799999281, -17.536514000000121 ], [ -63.197640199999285, -17.53692830000012 ], [ -63.199193899999287, -17.537340700000119 ], [ -63.200845399999288, -17.537778700000118 ], [ -63.202625099999288, -17.538259500000116 ], [ -63.204200899999286, -17.538687900000117 ], [ -63.205571499999287, -17.539054200000116 ], [ -63.207242499999289, -17.539497300000114 ], [ -63.20886719999929, -17.539937200000114 ], [ -63.210396799999288, -17.540345100000113 ], [ -63.212239399999291, -17.540920600000113 ], [ -63.217169299999291, -17.540944900000113 ], [ -63.220800399999291, -17.541809300000114 ], [ -63.225281599999292, -17.542380900000115 ], [ -63.229404299999295, -17.542910700000114 ], [ -63.232656399999293, -17.543328400000114 ], [ -63.236870199999295, -17.543851400000115 ], [ -63.241164399999292, -17.544701800000116 ], [ -63.245528299999293, -17.545517600000117 ], [ -63.248827499999294, -17.545746500000117 ], [ -63.253418099999294, -17.547000900000118 ], [ -63.257645399999291, -17.548010700000116 ], [ -63.261298399999298, -17.551059500000115 ], [ -63.263625199999296, -17.553838000000116 ], [ -63.265489299999295, -17.556023200000116 ], [ -63.267771899999296, -17.558763300000116 ], [ -63.269780899999297, -17.561187600000117 ], [ -63.271685199999297, -17.563542700000117 ], [ -63.273372399999296, -17.565580800000117 ], [ -63.275799799999298, -17.568625000000118 ], [ -63.277807399999297, -17.571157800000119 ], [ -63.279848499999297, -17.573011700000119 ], [ -63.281732799999297, -17.574710800000112 ], [ -63.281874999999296, -17.575134000000112 ] ] } },
{ "type": "Feature", "properties": { "id": 807818003.0, "tags.power": "line", "Type": "Way", "Country": "BO", "Length": 103331.72527283803, "tags.cables": "6", "tags.voltage": "230000", "tags.circuits": "2", "tags.frequency": "50" }, "geometry": { "type": "LineString", "coordinates": [ [ -62.644843599999113, -17.062704000000153 ], [ -62.648365299999114, -17.063878400000153 ], [ -62.651985699999116, -17.065082300000153 ], [ -62.655719999999114, -17.066314300000155 ], [ -62.659094199999117, -17.068357900000155 ], [ -62.662432899999118, -17.070367600000154 ], [ -62.665630699999113, -17.072292400000155 ], [ -62.668349099999112, -17.074992300000154 ], [ -62.671583899999113, -17.078202400000155 ], [ -62.674459199999113, -17.081071400000155 ], [ -62.677182999999111, -17.083764800000154 ], [ -62.680203199999113, -17.086767000000155 ], [ -62.683085899999114, -17.089570500000153 ], [ -62.686860999999112, -17.091805800000152 ], [ -62.690604499999111, -17.094086300000153 ], [ -62.694626199999114, -17.096542000000152 ], [ -62.698300899999111, -17.098803500000152 ], [ -62.701961999999114, -17.101015900000153 ], [ -62.705896499999113, -17.103409900000152 ], [ -62.709707799999116, -17.10573060000015 ], [ -62.712964099999112, -17.107736700000149 ], [ -62.716224399999113, -17.10971650000015 ], [ -62.720040599999116, -17.112043600000149 ], [ -62.723752099999118, -17.114309600000148 ], [ -62.726580599999117, -17.117511200000148 ], [ -62.729371299999116, -17.120670100000147 ], [ -62.732284999999116, -17.123954100000148 ], [ -62.735213299999117, -17.12727130000015 ], [ -62.738106299999117, -17.130552000000151 ], [ -62.741182099999115, -17.134028500000152 ], [ -62.744059699999113, -17.137405300000154 ], [ -62.747935899999113, -17.140081200000154 ], [ -62.751758199999117, -17.142739900000155 ], [ -62.755665399999117, -17.145458600000154 ], [ -62.759428299999115, -17.148058500000154 ], [ -62.763363199999112, -17.150795000000155 ], [ -62.765633099999114, -17.153770300000154 ], [ -62.767917499999115, -17.156768600000156 ], [ -62.769972599999114, -17.159467300000156 ], [ -62.772296399999114, -17.162511100000156 ], [ -62.775450899999115, -17.164648200000155 ], [ -62.779860199999113, -17.167596900000156 ], [ -62.787313499999115, -17.172528200000155 ], [ -62.791510799999116, -17.175361300000155 ], [ -62.793598399999119, -17.174578100000154 ], [ -62.798064299999119, -17.172911500000154 ], [ -62.802177999999117, -17.171389400000155 ], [ -62.805506499999119, -17.170150300000156 ], [ -62.809055399999117, -17.171189500000157 ], [ -62.813352099999115, -17.172443800000156 ], [ -62.817487199999114, -17.173652500000156 ], [ -62.820935199999113, -17.175978800000156 ], [ -62.82489079999911, -17.178619900000157 ], [ -62.828678599999108, -17.181161900000156 ], [ -62.832547099999111, -17.183746200000154 ], [ -62.836292099999113, -17.186251800000154 ], [ -62.840723499999115, -17.187395200000154 ], [ -62.845311599999114, -17.188554300000153 ], [ -62.849863799999113, -17.189722700000154 ], [ -62.854366999999115, -17.190863300000153 ], [ -62.858875099999118, -17.192011200000152 ], [ -62.862927999999116, -17.193033800000151 ], [ -62.867306199999113, -17.194125600000152 ], [ -62.871686499999115, -17.195231900000152 ], [ -62.876039899999114, -17.196321800000153 ], [ -62.880417399999111, -17.197431400000152 ], [ -62.884706499999112, -17.198452600000152 ], [ -62.88838789999911, -17.199394600000151 ], [ -62.893522999999107, -17.200701400000149 ], [ -62.896992399999107, -17.201569600000148 ], [ -62.901341599999107, -17.202659400000147 ], [ -62.905266799999104, -17.203645600000147 ], [ -62.909966099999103, -17.204782200000146 ], [ -62.914281499999106, -17.205828400000147 ], [ -62.918825399999108, -17.206931400000148 ], [ -62.923377699999108, -17.208038300000148 ], [ -62.927933999999105, -17.209141200000147 ], [ -62.933009699999104, -17.210391900000147 ], [ -62.937955599999107, -17.211056900000148 ], [ -62.942214999999109, -17.21160700000015 ], [ -62.947311399999109, -17.21229040000015 ], [ -62.95152389999911, -17.212828700000149 ], [ -62.95366599999911, -17.214861700000149 ], [ -62.956505599999112, -17.217504100000149 ], [ -62.959929499999113, -17.220713800000148 ], [ -62.96323449999911, -17.223817900000149 ], [ -62.967278499999111, -17.225329700000149 ], [ -62.971116699999108, -17.226772900000149 ], [ -62.974889899999106, -17.228152800000149 ], [ -62.976496199999104, -17.230640700000148 ], [ -62.979097799999103, -17.234780100000147 ], [ -62.981294499999102, -17.238280800000148 ], [ -62.982170299999105, -17.241526400000147 ], [ -62.983377299999106, -17.245864600000147 ], [ -62.984553399999108, -17.250075900000148 ], [ -62.986504699999109, -17.253864400000147 ], [ -62.988371599999113, -17.257449200000146 ], [ -62.990157899999112, -17.260875100000145 ], [ -62.991966399999114, -17.264346400000147 ], [ -62.993631999999117, -17.267573100000146 ], [ -62.995314499999118, -17.270860500000147 ], [ -62.997102099999118, -17.274278500000147 ], [ -62.998959599999118, -17.277870600000146 ], [ -63.000736499999121, -17.281301200000147 ], [ -63.002459899999124, -17.284608900000148 ], [ -63.004352199999126, -17.288262200000148 ], [ -63.005996299999126, -17.291434000000148 ], [ -63.008678599999122, -17.294330500000147 ], [ -63.011649099999126, -17.297520100000146 ], [ -63.014655899999127, -17.300748100000146 ], [ -63.017614299999124, -17.303935100000146 ], [ -63.020556699999126, -17.307111700000146 ], [ -63.023572899999124, -17.310295400000147 ], [ -63.026515199999125, -17.313467500000147 ], [ -63.029504599999122, -17.316683600000147 ], [ -63.03220289999912, -17.319575900000146 ], [ -63.033395099999119, -17.323103000000145 ], [ -63.034685299999119, -17.326860600000145 ], [ -63.036106799999118, -17.331002200000146 ], [ -63.037525699999115, -17.335167900000148 ], [ -63.038829299999115, -17.338972600000147 ], [ -63.039981899999113, -17.342615900000148 ], [ -63.042388599999114, -17.345867500000146 ], [ -63.044994299999317, -17.35005590000009 ], [ -63.04728559999932, -17.35365360000009 ], [ -63.046400499999322, -17.35761850000009 ], [ -63.045527399999322, -17.361427900000091 ], [ -63.04465099999932, -17.365221800000093 ], [ -63.043943599999317, -17.368225800000094 ], [ -63.044506799999319, -17.371242 ], [ -63.045356399999321, -17.375626400000094 ], [ -63.046190599999321, -17.380148300000094 ], [ -63.047016699999318, -17.384566300000095 ], [ -63.047869699999318, -17.389195500000096 ], [ -63.048627399999319, -17.393358700000096 ], [ -63.051427599999322, -17.396911300000095 ], [ -63.054163499999319, -17.400392200000095 ], [ -63.056877899999321, -17.403863500000096 ], [ -63.059513099999322, -17.407271900000097 ], [ -63.062271799999323, -17.410797400000096 ], [ -63.065003599999322, -17.414290900000097 ], [ -63.067849399999325, -17.417902 ], [ -63.070689899999323, -17.421527100000098 ], [ -63.073543799999321, -17.425157200000097 ], [ -63.077022599999324, -17.428159 ], [ -63.080453099999325, -17.431122400000095 ], [ -63.084095599999323, -17.434247 ], [ -63.087497999999322, -17.437171900000095 ], [ -63.091082699999319, -17.440282300000096 ], [ -63.093727399999317, -17.444309300000096 ], [ -63.096111899999315, -17.447916600000095 ], [ -63.098419899999314, -17.451445100000097 ], [ -63.102789199999314, -17.452091200000098 ], [ -63.107275899999316, -17.452759700000097 ], [ -63.111370999999316, -17.453327100000099 ], [ -63.115366099999314, -17.453865700000097 ], [ -63.119723399999316, -17.454461900000098 ], [ -63.124088599999318, -17.455015900000099 ], [ -63.128381499999321, -17.454961500000099 ], [ -63.133059299999324, -17.4549084000001 ], [ -63.137673399999322, -17.454853400000101 ], [ -63.141898499999321, -17.4548035000001 ], [ -63.145974099999322, -17.454757400000101 ], [ -63.150413199999321, -17.454715800000102 ], [ -63.154832099999318, -17.455464900000102 ], [ -63.158378699999318, -17.456060400000101 ], [ -63.162152499999316, -17.4567033000001 ], [ -63.166191299999312, -17.457392200000101 ], [ -63.17027159999931, -17.458083100000099 ], [ -63.174460499999313, -17.458795 ], [ -63.178644799999311, -17.4595114000001 ], [ -63.182928299999311, -17.460234200000098 ], [ -63.187046799999308, -17.4609366000001 ], [ -63.191262599999305, -17.461083100000099 ], [ -63.195467599999304, -17.461230800000099 ], [ -63.199409099999308, -17.461379200000099 ], [ -63.20334989999931, -17.461506500000098 ], [ -63.207656899999307, -17.4616568000001 ], [ -63.212248799999308, -17.4618283000001 ], [ -63.216989599999309, -17.461992000000102 ], [ -63.221640599999311, -17.462151900000102 ], [ -63.226001899999311, -17.462306700000102 ], [ -63.229905799999308, -17.464828200000102 ], [ -63.237068699999305, -17.469411800000103 ], [ -63.241994499999308, -17.472556200000103 ], [ -63.245097799999307, -17.474535100000104 ], [ -63.246145199999305, -17.477774100000104 ], [ -63.247448799999304, -17.482214100000103 ], [ -63.248679899999303, -17.486448100000104 ], [ -63.2500209999993, -17.490988900000104 ], [ -63.2508283999993, -17.495309600000105 ], [ -63.251514999999301, -17.498978000000104 ], [ -63.251886499999301, -17.501941500000104 ], [ -63.252555699999299, -17.505933300000105 ], [ -63.253171299999302, -17.509606500000107 ], [ -63.253738599999302, -17.512981700000108 ], [ -63.255988999999303, -17.516029400000107 ], [ -63.2588226999993, -17.519719000000109 ], [ -63.261204499999302, -17.522757600000109 ], [ -63.261553199999305, -17.52615050000011 ], [ -63.261856299999302, -17.52914680000011 ], [ -63.262237199999305, -17.532834900000111 ], [ -63.262592599999302, -17.536522900000111 ], [ -63.262974799999299, -17.53981830000011 ], [ -63.263295299999299, -17.54350110000011 ], [ -63.263587699999292, -17.546406300000115 ], [ -63.266067399999294, -17.550077400000113 ], [ -63.268680699999294, -17.553967000000114 ], [ -63.270733099999291, -17.557122800000112 ], [ -63.272229699999293, -17.559334900000113 ], [ -63.274194499999297, -17.562257700000114 ], [ -63.275904399999298, -17.566468100000115 ], [ -63.277552599999296, -17.570481500000117 ], [ -63.279884799999294, -17.572543700000118 ], [ -63.2822182999993, -17.574538200000113 ], [ -63.282380599999293, -17.574955000000113 ] ] } },
{ "type": "Feature", "properties": { "id": 807818004.0, "tags.power": "line", "Type": "Way", "Country": "BO", "Length": 64.458813668715564, "tags.cables": "3", "tags.voltage": "230000", "tags.circuits": null, "tags.frequency": "50" }, "geometry": { "type": "LineString", "coordinates": [ [ -63.147638399999281, -17.53438220000012 ], [ -63.14780739999928, -17.53385410000012 ] ] } },
{ "type": "Feature", "properties": { "id": 807818005.0, "tags.power": "line", "Type": "Way", "Country": "BO", "Length": 64.458979993440153, "tags.cables": "3", "tags.voltage": "230000", "tags.circuits": null, "tags.frequency": "50" }, "geometry": { "type": "LineString", "coordinates": [ [ -63.147379599999283, -17.53422620000012 ], [ -63.14780739999928, -17.53385410000012 ] ] } },
{ "type": "Feature", "properties": { "id": 807827305.0, "tags.power": "line", "Type": "Way", "Country": "BO", "Length": 150.01363239922063, "tags.cables": "3", "tags.voltage": "230000", "tags.circuits": null, "tags.frequency": "50" }, "geometry": { "type": "LineString", "coordinates": [ [ -63.145841399999256, -17.533329800000089 ], [ -63.146000999999259, -17.533042 ], [ -63.145517499999244, -17.532200600000095 ] ] } },
{ "type": "Feature", "properties": { "id": 807827306.0, "tags.power": "line", "Type": "Way", "Country": "BO", "Length": 122.35215231425082, "tags.cables": "3", "tags.voltage": "230000", "tags.circuits": null, "tags.frequency": "50" }, "geometry": { "type": "LineString", "coordinates": [ [ -63.145573099999254, -17.533171200000091 ], [ -63.145744799999257, -17.53288990000009 ], [ -63.145517499999244, -17.532200600000095 ] ] } },
{ "type": "Feature", "properties": { "id": 807827307.0, "tags.power": "line", "Type": "Way", "Country": "BO", "Length": 56888.000412072986, "tags.cables": "6", "tags.voltage": "230000", "tags.circuits": "2", "tags.frequency": "50" }, "geometry": { "type": "LineString", "coordinates": [ [ -63.145517499999244, -17.532200600000095 ], [ -63.143771999999245, -17.531860400000095 ], [ -63.142056799999246, -17.531676300000097 ], [ -63.140484999999245, -17.531442300000098 ], [ -63.138777799999247, -17.53112 ], [ -63.137065799999249, -17.530800300000099 ], [ -63.135348599999247, -17.530481900000098 ], [ -63.134015499999251, -17.531699900000099 ], [ -63.132689099999247, -17.5329282000001 ], [ -63.131374899999244, -17.531586800000099 ], [ -63.130001599999247, -17.530172400000097 ], [ -63.128627599999248, -17.528763100000099 ], [ -63.127297899999249, -17.527401200000099 ], [ -63.125905799999252, -17.5259727000001 ], [ -63.124614399999253, -17.524656800000098 ], [ -63.123296099999251, -17.523301800000098 ], [ -63.122003199999249, -17.5219743000001 ], [ -63.120651399999247, -17.5205899000001 ], [ -63.11935049999925, -17.5192522000001 ], [ -63.118019499999249, -17.5178857000001 ], [ -63.116740099999248, -17.516580600000101 ], [ -63.115455999999249, -17.515255600000099 ], [ -63.114096799999267, -17.516472500000095 ], [ -63.112727999999265, -17.517698100000096 ], [ -63.111364199999251, -17.518919100000097 ], [ -63.110054699999253, -17.520100800000098 ], [ -63.108776599999253, -17.521251800000098 ], [ -63.107389899999255, -17.522494200000096 ], [ -63.106003899999259, -17.523733400000097 ], [ -63.104593299999259, -17.524996900000097 ], [ -63.103193899999262, -17.526255 ], [ -63.101790099999263, -17.527516900000098 ], [ -63.100422799999265, -17.528740100000096 ], [ -63.099176299999264, -17.529550200000095 ], [ -63.097920999999268, -17.530362900000096 ], [ -63.096393499999266, -17.531259400000096 ], [ -63.095266999999268, -17.530118700000095 ], [ -63.093947999999266, -17.528797 ], [ -63.092622999999264, -17.527443400000092 ], [ -63.091159299999262, -17.526593 ], [ -63.089296399999263, -17.526084 ], [ -63.087414799999266, -17.525552 ], [ -63.085529199999264, -17.524922800000091 ], [ -63.083721399999263, -17.524291 ], [ -63.081764699999262, -17.523509600000089 ], [ -63.07982679999926, -17.522648900000089 ], [ -63.077365899999251, -17.522913700000089 ], [ -63.073255399999248, -17.523370200000087 ], [ -63.068459599999251, -17.523895800000087 ], [ -63.063552199999251, -17.524441900000088 ], [ -63.058784899999253, -17.524972600000087 ], [ -63.055705699999251, -17.527246400000088 ], [ -63.052686899999252, -17.529649400000089 ], [ -63.04967339999925, -17.532040700000088 ], [ -63.046708299999253, -17.534415500000087 ], [ -63.043724299999255, -17.536760800000089 ], [ -63.040535199999255, -17.538877100000089 ], [ -63.037150199999253, -17.541112400000088 ], [ -63.033727699999254, -17.54342240000009 ], [ -63.030047699999251, -17.54585970000009 ], [ -63.02626449999925, -17.548374900000091 ], [ -63.024323199999252, -17.549642700000092 ], [ -63.02239869999925, -17.550925800000091 ], [ -63.018662399999251, -17.553379600000092 ], [ -63.014804099999253, -17.555945800000092 ], [ -63.010910799999252, -17.558521 ], [ -63.007078599999254, -17.56104050000009 ], [ -63.003302099999253, -17.563466 ], [ -62.999475199999253, -17.565889600000091 ], [ -62.995770399999252, -17.568242700000091 ], [ -62.992146799999254, -17.570764 ], [ -62.988374199999257, -17.573431 ], [ -62.984506499999256, -17.576108200000093 ], [ -62.980605199999253, -17.578781600000092 ], [ -62.976552399999257, -17.581585200000092 ], [ -62.972168299999254, -17.583035600000091 ], [ -62.968036399999257, -17.584455400000092 ], [ -62.96359869999926, -17.585970300000092 ], [ -62.959024199999263, -17.587531200000093 ], [ -62.955545299999265, -17.590672300000094 ], [ -62.952150999999269, -17.593725100000093 ], [ -62.948701699999269, -17.596824500000093 ], [ -62.945268499999266, -17.599911 ], [ -62.941847299999267, -17.602984700000093 ], [ -62.938383199999265, -17.606073700000092 ], [ -62.935268499999268, -17.608861600000093 ], [ -62.934288799999266, -17.612546800000093 ], [ -62.933119399999264, -17.616630800000092 ], [ -62.932007599999267, -17.620673700000093 ], [ -62.930855599999269, -17.624812400000092 ], [ -62.929656699999271, -17.629046900000091 ], [ -62.928475799999269, -17.633274200000091 ], [ -62.927331199999266, -17.637371100000092 ], [ -62.926221399999264, -17.641345200000092 ], [ -62.925084799999262, -17.645380600000092 ], [ -62.921748199999264, -17.648952500000092 ], [ -62.918611299999263, -17.652355100000094 ], [ -62.915262599999267, -17.655949400000093 ], [ -62.91199899999927, -17.659349300000095 ], [ -62.909876699999266, -17.662848800000095 ], [ -62.907875099999266, -17.666143800000096 ], [ -62.905850699999263, -17.669532 ], [ -62.902138499999261, -17.672232 ], [ -62.89835529999926, -17.675003600000096 ], [ -62.894616299999257, -17.677759800000096 ], [ -62.890961799999253, -17.680439300000096 ], [ -62.887133599999252, -17.683236200000096 ], [ -62.883328199999255, -17.685970600000097 ], [ -62.879917799999255, -17.688402100000097 ], [ -62.876277999999253, -17.691103100000095 ], [ -62.872652999999254, -17.693799 ], [ -62.870690999999255, -17.697221800000094 ], [ -62.868541899999258, -17.701004200000092 ], [ -62.866484599999261, -17.704624300000091 ], [ -62.864223499999262, -17.708594400000091 ], [ -62.861904699999265, -17.712653700000093 ], [ -62.859575899999264, -17.716713700000092 ], [ -62.857307399999264, -17.720712200000094 ], [ -62.855233399999264, -17.724365700000092 ], [ -62.853421599999265, -17.727533800000092 ], [ -62.853426299999263, -17.731595300000091 ], [ -62.853428299999266, -17.736036100000092 ], [ -62.853424899999268, -17.740365 ], [ -62.853444399999269, -17.744681100000093 ], [ -62.853515399999267, -17.749369400000095 ], [ -62.853577099999271, -17.754056900000094 ], [ -62.85365489999927, -17.758356 ], [ -62.85371929999927, -17.762149900000097 ], [ -62.853668999999272, -17.766015800000098 ], [ -62.853519499999273, -17.769754 ], [ -62.853372599999275, -17.773740500000098 ], [ -62.853237799999278, -17.777643200000099 ], [ -62.853038099999274, -17.781578500000098 ], [ -62.853762199999274, -17.785306100000099 ], [ -62.854429399999276, -17.788862600000098 ], [ -62.855119399999275, -17.792699800000097 ], [ -62.854521899999277, -17.796953300000098 ], [ -62.853902999999278, -17.801497900000097 ], [ -62.853282099999277, -17.805959300000097 ], [ -62.853398799999276, -17.810412300000099 ], [ -62.853497299999276, -17.814418900000099 ], [ -62.853613999999276, -17.818811700000101 ], [ -62.853933899999248, -17.820830300000104 ], [ -62.854073999999251, -17.821494800000103 ], [ -62.853849399999248, -17.821555500000102 ] ] } },
{ "type": "Feature", "properties": { "id": 807831477.0, "tags.power": "line", "Type": "Way", "Country": "BO", "Length": 67733.157136942216, "tags.cables": "6", "tags.voltage": "230000", "tags.circuits": "2", "tags.frequency": "50" }, "geometry": { "type": "LineString", "coordinates": [ [ -62.85419669999925, -17.822819500000104 ], [ -62.854453499999252, -17.822751800000106 ], [ -62.854650699999254, -17.823339700000105 ], [ -62.855354099999253, -17.825759800000103 ], [ -62.856342499999244, -17.828667500000094 ], [ -62.857534699999242, -17.832980100000093 ], [ -62.857772799999239, -17.835266600000093 ], [ -62.857934399999237, -17.837650700000093 ], [ -62.858399699999239, -17.842352500000093 ], [ -62.858869099999239, -17.846969900000094 ], [ -62.859348099999238, -17.851876700000094 ], [ -62.858910699999235, -17.856501800000093 ], [ -62.858461399999236, -17.860877600000091 ], [ -62.857994699999239, -17.865660500000089 ], [ -62.85755219999924, -17.87018790000009 ], [ -62.857110899999242, -17.874647600000092 ], [ -62.856659699999241, -17.879220800000091 ], [ -62.856219099999244, -17.883784900000091 ], [ -62.855801999999244, -17.887893300000091 ], [ -62.855435899999243, -17.891728500000092 ], [ -62.855801999999244, -17.89616210000009 ], [ -62.856198999999243, -17.901060100000091 ], [ -62.85656109999924, -17.905528 ], [ -62.856954699999243, -17.910418100000093 ], [ -62.85691249999924, -17.915559500000093 ], [ -62.856857499999236, -17.920320500000091 ], [ -62.856805199999236, -17.924933300000092 ], [ -62.856750199999233, -17.929677400000092 ], [ -62.856758899999235, -17.933652700000092 ], [ -62.856772299999236, -17.937420500000091 ], [ -62.856786399999237, -17.941419800000091 ], [ -62.856801199999239, -17.945630200000092 ], [ -62.856674399999243, -17.950261500000092 ], [ -62.856546999999246, -17.954948200000093 ], [ -62.856429699999246, -17.959660900000092 ], [ -62.856325099999246, -17.964318 ], [ -62.856193599999244, -17.96901520000009 ], [ -62.856072299999241, -17.973677100000089 ], [ -62.85596769999924, -17.978259200000089 ], [ -62.855832199999242, -17.98298090000009 ], [ -62.85571959999924, -17.98773870000009 ], [ -62.855597499999242, -17.99236640000009 ], [ -62.855477499999239, -17.99690340000009 ], [ -62.855359499999238, -18.00174 ], [ -62.85524349999924, -18.006234 ], [ -62.85611179999924, -18.009773900000091 ], [ -62.857018399999241, -18.013741600000092 ], [ -62.85796929999924, -18.017520400000091 ], [ -62.857997399999242, -18.021878200000092 ], [ -62.858021299999244, -18.026402300000093 ], [ -62.858042999999242, -18.030513100000093 ], [ -62.858063099999242, -18.035109 ], [ -62.858079199999246, -18.039745600000096 ], [ -62.858091299999245, -18.044490500000094 ], [ -62.858094599999248, -18.049128800000094 ], [ -62.858130199999245, -18.053850500000095 ], [ -62.858154299999242, -18.057040700000094 ], [ -62.859386799999243, -18.058343100000094 ], [ -62.862307699999242, -18.058438100000096 ], [ -62.866784299999239, -18.058591800000094 ], [ -62.871515799999237, -18.058752400000095 ], [ -62.876279399999234, -18.058902900000096 ], [ -62.880837799999235, -18.059054 ], [ -62.885487999999235, -18.059215300000094 ], [ -62.889895599999235, -18.059353 ], [ -62.894402399999237, -18.059507900000092 ], [ -62.898772399999238, -18.059642400000094 ], [ -62.902717899999239, -18.059764800000092 ], [ -62.906919599999242, -18.059870600000092 ], [ -62.911231199999243, -18.059893600000091 ], [ -62.915757399999244, -18.060024900000091 ], [ -62.920617599999247, -18.060129500000091 ], [ -62.925466999999244, -18.060241700000091 ], [ -62.929931599999243, -18.060394700000092 ], [ -62.934489999999244, -18.060574500000094 ], [ -62.939313899999242, -18.060742800000092 ], [ -62.944105699999241, -18.060888100000092 ], [ -62.948178699999239, -18.061079400000093 ], [ -62.952478199999241, -18.061277 ], [ -62.95724319999924, -18.061422300000093 ], [ -62.961751299999243, -18.061570900000092 ], [ -62.966498099999242, -18.061713 ], [ -62.971330099999243, -18.061866 ], [ -62.975836199999243, -18.062003100000094 ], [ -62.980519399999245, -18.062148500000095 ], [ -62.985352699999247, -18.062304700000094 ], [ -62.990105599999261, -18.062471700000113 ], [ -62.995042199999261, -18.062626000000112 ], [ -62.999430299999261, -18.062764900000111 ], [ -63.004354199999263, -18.06292620000011 ], [ -63.009126499999262, -18.06307730000011 ], [ -63.013535999999263, -18.06322780000011 ], [ -63.016021099999264, -18.06331320000011 ], [ -63.018494799999267, -18.063394800000111 ], [ -63.02321209999927, -18.06354910000011 ], [ -63.028027999999267, -18.063713500000109 ], [ -63.032847899999268, -18.063864000000109 ], [ -63.037683999999267, -18.064015700000109 ], [ -63.042450299999267, -18.06416870000011 ], [ -63.047103899999264, -18.064317900000109 ], [ -63.051731999999262, -18.064465800000111 ], [ -63.056400399999262, -18.064641700000109 ], [ -63.061147899999263, -18.06481900000011 ], [ -63.065939699999262, -18.06499870000011 ], [ -63.070696599999259, -18.065142200000111 ], [ -63.075444799999261, -18.065282400000111 ], [ -63.079994499999259, -18.06541820000011 ], [ -63.084088899999259, -18.062942200000109 ], [ -63.088722999999256, -18.063014800000108 ], [ -63.093343799999253, -18.063147400000108 ], [ -63.098224799999251, -18.063271100000108 ], [ -63.102852899999249, -18.063397300000108 ], [ -63.107562199999251, -18.06352360000011 ], [ -63.11235399999925, -18.063606400000111 ], [ -63.116943199999248, -18.063750500000111 ], [ -63.12158009999925, -18.06386650000011 ], [ -63.126133199999252, -18.063976200000109 ], [ -63.130784799999255, -18.064059100000108 ], [ -63.135284899999256, -18.064185300000108 ], [ -63.139736699999254, -18.064302000000108 ], [ -63.144400999999256, -18.064426300000108 ], [ -63.149006399999259, -18.064534600000108 ], [ -63.153608999999257, -18.064649400000107 ], [ -63.158292199999259, -18.064752700000106 ], [ -63.162901599999259, -18.064858500000106 ], [ -63.167374099999257, -18.064972000000107 ], [ -63.171904399999256, -18.065089300000107 ], [ -63.175219599999259, -18.065184900000109 ], [ -63.178035899999259, -18.066360400000107 ], [ -63.181447699999261, -18.067728500000108 ], [ -63.185373099999261, -18.06748240000011 ], [ -63.189648499999258, -18.067203800000108 ], [ -63.193974899999255, -18.066931000000107 ], [ -63.198215499999257, -18.066637100000108 ], [ -63.202099399999256, -18.066537700000108 ], [ -63.205853099999253, -18.066419100000108 ], [ -63.209251499999255, -18.066528700000106 ], [ -63.213225799999258, -18.066696400000104 ], [ -63.216862199999255, -18.066771000000106 ] ] } },
{ "type": "Feature", "properties": { "id": 807841247.0, "tags.power": "line", "Type": "Way", "Country": "BO", "Length": 2221.9531488337843, "tags.cables": "3", "tags.voltage": "230000", "tags.circuits": null, "tags.frequency": "50" }, "geometry": { "type": "LineString", "coordinates": [ [ -63.630230899999233, -17.426543 ], [ -63.629988099999231, -17.426303700000094 ], [ -63.630346199999231, -17.424532800000094 ], [ -63.631292999999232, -17.423326100000093 ], [ -63.633304699999229, -17.420774700000091 ], [ -63.633234899999231, -17.41621930000009 ], [ -63.63316919999923, -17.411984900000089 ], [ -63.632050799999227, -17.40873840000009 ] ] } },
{ "type": "Feature", "properties": { "id": 807875709.0, "tags.power": "line", "Type": "Way", "Country": "BO", "Length": 50040.55480187777, "tags.cables": "6", "tags.voltage": "132000", "tags.circuits": "2", "tags.frequency": "50" }, "geometry": { "type": "LineString", "coordinates": [ [ -63.557929199999819, -21.693292299999921 ], [ -63.554709299999821, -21.693501699999921 ], [ -63.549968499999821, -21.693807 ], [ -63.546972399999824, -21.694002599999923 ], [ -63.543928199999826, -21.695218199999921 ], [ -63.541459099999827, -21.696246799999923 ], [ -63.538976799999823, -21.697291699999923 ], [ -63.535529499999825, -21.698735899999924 ], [ -63.533160399999822, -21.699728399999923 ], [ -63.529621199999823, -21.701229299999923 ], [ -63.525662299999823, -21.702892099999922 ], [ -63.521140099999826, -21.704806 ], [ -63.518220499999828, -21.706034599999924 ], [ -63.513331499999829, -21.708096099999924 ], [ -63.509449699999827, -21.709726499999924 ], [ -63.505113199999826, -21.711557399999926 ], [ -63.500234899999825, -21.713545399999926 ], [ -63.496607899999823, -21.715138299999925 ], [ -63.493685599999822, -21.716361799999923 ], [ -63.490670199999819, -21.717645699999924 ], [ -63.488506999999821, -21.720553599999924 ], [ -63.48847409999982, -21.722373899999923 ], [ -63.488442599999821, -21.725469799999924 ], [ -63.48838899999982, -21.729957299999924 ], [ -63.488354099999817, -21.733095399999925 ], [ -63.488301799999817, -21.736796599999924 ], [ -63.488241399999815, -21.741588899999922 ], [ -63.488207899999814, -21.74443219999992 ], [ -63.490341599999816, -21.748977 ], [ -63.492404199999818, -21.753336599999923 ], [ -63.494056499999822, -21.756836699999923 ], [ -63.495486099999823, -21.759905799999924 ], [ -63.49660519999982, -21.762252399999923 ], [ -63.498266199999819, -21.765794599999921 ], [ -63.499725299999817, -21.76890209999992 ], [ -63.501288999999815, -21.77223679999992 ], [ -63.502998899999817, -21.77586339999992 ], [ -63.504661899999817, -21.77941089999992 ], [ -63.506072799999821, -21.782434699999921 ], [ -63.507421899999819, -21.785289 ], [ -63.50963879999982, -21.78839349999992 ], [ -63.511172999999822, -21.790550399999919 ], [ -63.513285199999821, -21.793540299999918 ], [ -63.514525699999822, -21.79524379999992 ], [ -63.51639519999982, -21.79789479999992 ], [ -63.518750199999822, -21.801202099999919 ], [ -63.520933499999821, -21.804252799999919 ], [ -63.52292109999982, -21.80704249999992 ], [ -63.525186199999823, -21.810225699999918 ], [ -63.527295099999826, -21.813195799999917 ], [ -63.529000299999829, -21.815578299999917 ], [ -63.530188499999831, -21.819464099999916 ], [ -63.531265399999832, -21.822907199999914 ], [ -63.534001299999829, -21.825466199999916 ], [ -63.537378199999829, -21.828604799999916 ], [ -63.538376599999829, -21.831411499999916 ], [ -63.539556099999828, -21.834671299999915 ], [ -63.540776499999829, -21.838080399999914 ], [ -63.542214199999826, -21.842067599999915 ], [ -63.543172399999825, -21.844785099999914 ], [ -63.544276799999828, -21.847877799999914 ], [ -63.54579759999983, -21.852087499999914 ], [ -63.547030799999831, -21.855521099999915 ], [ -63.548376599999834, -21.859578199999916 ], [ -63.549594999999833, -21.863309699999917 ], [ -63.551006499999836, -21.867651 ], [ -63.552305999999838, -21.871562699999917 ], [ -63.553441899999839, -21.875205499999918 ], [ -63.554840699999836, -21.879729399999917 ], [ -63.555999399999834, -21.883450399999916 ], [ -63.557301599999832, -21.887575699999914 ], [ -63.559010199999832, -21.891877699999913 ], [ -63.56012999999983, -21.895282299999913 ], [ -63.561008399999828, -21.897934699999912 ], [ -63.562087999999825, -21.901240199999911 ], [ -63.563149499999824, -21.904431799999912 ], [ -63.564512099999824, -21.908565899999914 ], [ -63.565637899999821, -21.911989399999914 ], [ -63.566619599999818, -21.914963699999916 ], [ -63.568314799999818, -21.919146 ], [ -63.569437899999819, -21.921985799999916 ], [ -63.570675099999818, -21.925018299999916 ], [ -63.571636699999814, -21.927805099999915 ], [ -63.572686099999814, -21.930863599999917 ], [ -63.573343899999813, -21.932791299999916 ], [ -63.574929799999815, -21.936726799999917 ], [ -63.575565399999817, -21.938325299999917 ], [ -63.576193799999814, -21.939885899999918 ], [ -63.577618000000136, -21.943353399999967 ], [ -63.578822300000134, -21.946236199999966 ], [ -63.580926500000132, -21.951237899999967 ], [ -63.581839800000132, -21.953483099999968 ], [ -63.583450500000133, -21.957315399999967 ], [ -63.585049100000134, -21.961080399999968 ], [ -63.587237700000131, -21.966281799999969 ], [ -63.589262800000128, -21.972696299999971 ], [ -63.590259300000127, -21.975901899999972 ], [ -63.591750600000125, -21.980590399999972 ], [ -63.596266700000122, -21.983126099999971 ], [ -63.599708700000122, -21.985176799999973 ], [ -63.602661800000121, -21.986919699999973 ], [ -63.605130800000119, -21.988342299999974 ], [ -63.610532700000121, -21.991475399999974 ], [ -63.61501740000012, -21.994047 ], [ -63.619386000000119, -21.993402899999975 ], [ -63.622803800000121, -21.992914199999976 ], [ -63.63108990000012, -21.991698599999978 ], [ -63.632018300000119, -21.99188269999998 ], [ -63.635741500000123, -21.992620699999978 ], [ -63.640148300000121, -21.993471299999982 ], [ -63.643210100000118, -21.994076799999981 ], [ -63.645927200000116, -21.994623399999981 ], [ -63.649226300000116, -21.996031599999981 ], [ -63.651272100000114, -21.996910799999981 ], [ -63.653490300000115, -21.997870099999982 ], [ -63.656536600000116, -21.999175099999981 ] ] } },
{ "type": "Feature", "properties": { "id": 857438293.0, "tags.power": "line", "Type": "Way", "Country": "BO", "Length": 833.27955799271604, "tags.cables": null, "tags.voltage": "115000", "tags.circuits": null, "tags.frequency": null }, "geometry": { "type": "LineString", "coordinates": [ [ -68.093775500000149, -16.525036699999976 ], [ -68.091455300000064, -16.527165700000015 ], [ -68.090387800000059, -16.529498100000016 ], [ -68.089288300000064, -16.530634700000014 ] ] } },
{ "type": "Feature", "properties": { "id": 888321251.0, "tags.power": "line", "Type": "Way", "Country": "BO", "Length": 1864.0588584662912, "tags.cables": null, "tags.voltage": null, "tags.circuits": null, "tags.frequency": null }, "geometry": { "type": "LineString", "coordinates": [ [ -68.088400299999762, -16.561457700000048 ], [ -68.087178399999758, -16.560573800000046 ], [ -68.08506879999976, -16.559380400000048 ], [ -68.080734399999756, -16.559717500000048 ], [ -68.079633499999758, -16.557888700000049 ], [ -68.078319299999762, -16.55791640000005 ], [ -68.075097399999763, -16.558026900000051 ], [ -68.073425799999768, -16.55792740000005 ] ] } },
{ "type": "Feature", "properties": { "id": 946550356.0, "tags.power": "line", "Type": "Way", "Country": "BO", "Length": 50926.30350176317, "tags.cables": "3", "tags.voltage": "230000", "tags.circuits": "1", "tags.frequency": "50" }, "geometry": { "type": "LineString", "coordinates": [ [ -65.367694400000104, -21.407994900000269 ], [ -65.374416400000101, -21.413492900000268 ], [ -65.377920200000105, -21.416778400000268 ], [ -65.381600100000099, -21.41898810000027 ], [ -65.386464800000127, -21.421815100000043 ], [ -65.391569800000099, -21.42504950000027 ], [ -65.403244100000123, -21.428234100000044 ], [ -65.406249500000101, -21.42905390000027 ], [ -65.414724800000101, -21.431345400000268 ], [ -65.4162125000001, -21.431267200000267 ], [ -65.421265300000101, -21.430916900000266 ], [ -65.430639900000102, -21.430278500000266 ], [ -65.438229300000103, -21.429771800000267 ], [ -65.443526300000102, -21.429436400000267 ], [ -65.450141600000109, -21.428974400000268 ], [ -65.457455200000112, -21.428437700000266 ], [ -65.462306200000114, -21.428128600000267 ], [ -65.464770600000108, -21.428009300000266 ], [ -65.467731300000111, -21.427791300000266 ], [ -65.471802200000113, -21.427521200000264 ], [ -65.477338700000118, -21.427156000000263 ], [ -65.482062700000114, -21.424885600000263 ], [ -65.486196300000117, -21.422856000000262 ], [ -65.494804, -21.418682399999977 ], [ -65.499288599999986, -21.416579899999977 ], [ -65.502593099999984, -21.414926899999976 ], [ -65.508102399999984, -21.412250099999977 ], [ -65.511428299999977, -21.410592 ], [ -65.515285299999974, -21.408744099999975 ], [ -65.51928719999998, -21.406736399999975 ], [ -65.522495099999986, -21.405188199999976 ], [ -65.526899299999982, -21.403055599999977 ], [ -65.530799199999976, -21.401222599999976 ], [ -65.538931699999978, -21.397211899999977 ], [ -65.541109599999984, -21.396138099999977 ], [ -65.543850799999987, -21.394824399999976 ], [ -65.5515488, -21.391038399999974 ], [ -65.5535336, -21.390089299999975 ], [ -65.5626907, -21.385621299999976 ], [ -65.5672343, -21.385196699999977 ], [ -65.5717995, -21.384757199999978 ], [ -65.5763699, -21.384375099999978 ], [ -65.5852642, -21.383503399999977 ], [ -65.5893787, -21.383131299999977 ], [ -65.5940323, -21.382726699999978 ], [ -65.5983936, -21.382302099999979 ], [ -65.6027709, -21.381892499999978 ], [ -65.6072046, -21.381500299999978 ], [ -65.6114667, -21.381050799999979 ], [ -65.6153532, -21.380641199999978 ], [ -65.6193228, -21.380291499999977 ], [ -65.6241052, -21.380014299999978 ], [ -65.6293141, -21.379612099999978 ], [ -65.6376423, -21.378565599999977 ], [ -65.6400456, -21.378365799999976 ], [ -65.6445571, -21.377891299999977 ], [ -65.6476362, -21.377611499999976 ], [ -65.652351599999989, -21.377191899999975 ], [ -65.657817899999984, -21.376597499999974 ], [ -65.665719699999983, -21.375823199999974 ], [ -65.667908399999988, -21.375653299999975 ], [ -65.6709232, -21.375338599999974 ], [ -65.678943, -21.374369499999975 ], [ -65.691667399999986, -21.372985799999974 ], [ -65.695749699999979, -21.372488699999973 ], [ -65.697511899999981, -21.372268899999973 ], [ -65.704520499999987, -21.371404699999974 ], [ -65.709643599999978, -21.370945099999972 ], [ -65.71846, -21.369918499999972 ], [ -65.725605399999978, -21.369119199999972 ], [ -65.729639399999982, -21.36866459999997 ], [ -65.735591199999973, -21.367523099999971 ], [ -65.739011099999971, -21.369074199999972 ], [ -65.743163099999975, -21.372568599999973 ], [ -65.74531159999998, -21.377014599999974 ], [ -65.746996, -21.380526299999975 ], [ -65.747248099999979, -21.384275099999975 ], [ -65.748168099999972, -21.387966499999976 ], [ -65.749458299999972, -21.393336 ], [ -65.750775199999978, -21.397049599999978 ], [ -65.751891, -21.400181199999977 ], [ -65.753224099999969, -21.403864699999978 ], [ -65.754323799999966, -21.406761399999979 ], [ -65.75572659999996, -21.410741799999979 ], [ -65.755230399999959, -21.413071599999977 ], [ -65.754447199999973, -21.416914499999969 ], [ -65.753556699999976, -21.420672499999966 ], [ -65.75433449999997, -21.424622599999967 ], [ -65.754855700000221, -21.4262179 ], [ -65.754978500000121, -21.426700200000262 ] ] } },
{ "type": "Feature", "properties": { "id": 953892088.0, "tags.power": "line", "Type": "Way", "Country": "BO", "Length": 5234.7679843300821, "tags.cables": null, "tags.voltage": null, "tags.circuits": null, "tags.frequency": null }, "geometry": { "type": "LineString", "coordinates": [ [ -65.3274725, -17.575529099999986 ], [ -65.329515500000298, -17.573878800000056 ], [ -65.332820400000301, -17.571478700000057 ], [ -65.336536700000309, -17.568668700000057 ], [ -65.338857000000303, -17.566899500000059 ], [ -65.341875700000301, -17.564411 ], [ -65.345691300000297, -17.561247700000056 ], [ -65.3495853000003, -17.558090900000057 ], [ -65.352073300000299, -17.556056900000058 ], [ -65.3547377000003, -17.553891600000057 ], [ -65.356817100000299, -17.552148 ], [ -65.360386000000304, -17.549214 ], [ -65.362673699999888, -17.5473272 ], [ -65.363432799999885, -17.5466569 ] ] } },
{ "type": "Feature", "properties": { "id": 983741578.0, "tags.power": "line", "Type": "Way", "Country": "BO", "Length": 3979.7731266887326, "tags.cables": null, "tags.voltage": null, "tags.circuits": null, "tags.frequency": null }, "geometry": { "type": "LineString", "coordinates": [ [ -65.710105599998826, -19.516383499999975 ], [ -65.70879659999882, -19.512159599999976 ], [ -65.708396399998819, -19.506720199999975 ], [ -65.70810769999882, -19.501732099999977 ], [ -65.708137199998816, -19.497347 ], [ -65.70813959999883, -19.492453099999977 ], [ -65.708170799998825, -19.490051499999979 ], [ -65.708217599998832, -19.487046699999979 ], [ -65.70830739999883, -19.484262499999979 ], [ -65.707387399998822, -19.483188499999976 ] ] } },
{ "type": "Feature", "properties": { "id": 997306231.0, "tags.power": "line", "Type": "Way", "Country": "BO", "Length": 4616.727642152824, "tags.cables": null, "tags.voltage": null, "tags.circuits": null, "tags.frequency": null }, "geometry": { "type": "LineString", "coordinates": [ [ -65.903202400000538, -17.387524900000074 ], [ -65.910537100000553, -17.388538600000082 ], [ -65.914999400000553, -17.389242600000092 ], [ -65.918345500000555, -17.38977140000009 ], [ -65.925836400000549, -17.391507900000089 ], [ -65.928206200000545, -17.391996100000089 ], [ -65.93242540000054, -17.39293590000009 ], [ -65.938889300000525, -17.393774100000076 ], [ -65.94359880000053, -17.391766700000076 ] ] } },
{ "type": "Feature", "properties": { "id": 1012924459.0, "tags.power": "line", "Type": "Way", "Country": "BO", "Length": 16834.246809404656, "tags.cables": null, "tags.voltage": null, "tags.circuits": null, "tags.frequency": null }, "geometry": { "type": "LineString", "coordinates": [ [ -65.262855700000046, -17.023922 ], [ -65.266269400000041, -17.024019 ], [ -65.272375100000048, -17.0246308 ], [ -65.27404490000005, -17.0248173 ], [ -65.278160800000052, -17.0252351 ], [ -65.282565500000047, -17.0257649 ], [ -65.284496700000048, -17.0260036 ], [ -65.293298200000052, -17.0274473 ], [ -65.298479300000054, -17.0286037 ], [ -65.305361400000052, -17.0300995 ], [ -65.307003800000047, -17.0304987 ], [ -65.312104300000044, -17.0314896 ], [ -65.316211100000046, -17.0324347 ], [ -65.323409200000043, -17.0346206 ], [ -65.331243200000046, -17.0369632 ], [ -65.333950800000039, -17.0379069 ], [ -65.338710500000033, -17.0395445 ], [ -65.34312690000003, -17.0416408 ], [ -65.34627530000003, -17.0431515 ], [ -65.348982900000024, -17.044416 ], [ -65.351981400000028, -17.045777 ], [ -65.356633500000029, -17.0480415 ], [ -65.360304700000029, -17.0496081 ], [ -65.363016200000033, -17.0507905 ], [ -65.365977300000026, -17.0520773 ], [ -65.368969700000022, -17.0532671 ], [ -65.371197400000028, -17.0542332 ], [ -65.377615200000022, -17.0569149 ], [ -65.383299500000021, -17.0572991 ], [ -65.388582, -17.0575079 ], [ -65.393649900000028, -17.057549 ], [ -65.397715200000022, -17.0579928 ], [ -65.402962600000023, -17.0584814 ], [ -65.407913400000027, -17.0588096 ] ] } },
{ "type": "Feature", "properties": { "id": 1067258502.0, "tags.power": "line", "Type": "Way", "Country": "BO", "Length": 152.94130464059555, "tags.cables": "3", "tags.voltage": "230000", "tags.circuits": "1", "tags.frequency": "50" }, "geometry": { "type": "LineString", "coordinates": [ [ -63.216862199999255, -18.066771000000106 ], [ -63.217365099999256, -18.066068500000107 ], [ -63.217330299999254, -18.065613300000106 ] ] } },
{ "type": "Feature", "properties": { "id": 1067258503.0, "tags.power": "line", "Type": "Way", "Country": "BO", "Length": 179.18489642754199, "tags.cables": "3", "tags.voltage": "230000", "tags.circuits": "1", "tags.frequency": "50" }, "geometry": { "type": "LineString", "coordinates": [ [ -63.216862199999255, -18.066771000000106 ], [ -63.217689699999255, -18.066046800000105 ], [ -63.217662899999254, -18.065586500000105 ] ] } },
{ "type": "Feature", "properties": { "id": 1067264857.0, "tags.power": "line", "Type": "Way", "Country": "BO", "Length": 14408.286833007754, "tags.cables": "6", "tags.voltage": "230000", "tags.circuits": "2", "tags.frequency": "50" }, "geometry": { "type": "LineString", "coordinates": [ [ -63.218610999999285, -18.06797460000011 ], [ -63.219714799999288, -18.070399500000111 ], [ -63.219797899999286, -18.073738600000109 ], [ -63.219898499999289, -18.076929700000107 ], [ -63.219992399999292, -18.080244500000106 ], [ -63.217292699999291, -18.082894900000106 ], [ -63.21371199999929, -18.082917900000105 ], [ -63.210221099999288, -18.082971400000105 ], [ -63.20661749999929, -18.083007100000106 ], [ -63.202942899999293, -18.083040900000107 ], [ -63.198561499999293, -18.083111700000106 ], [ -63.194189499999297, -18.083161400000108 ], [ -63.190406899999296, -18.08321110000011 ], [ -63.186713499999293, -18.08327040000011 ], [ -63.182855199999295, -18.083338000000111 ], [ -63.178931799999297, -18.08338960000011 ], [ -63.175251799999295, -18.083452000000111 ], [ -63.171375999999292, -18.083505600000112 ], [ -63.167100499999293, -18.083552100000094 ], [ -63.163208699999295, -18.083621 ], [ -63.159289299999294, -18.083673900000093 ], [ -63.154996399999291, -18.083746500000093 ], [ -63.150500399999288, -18.083828100000094 ], [ -63.148968799999288, -18.085207500000095 ], [ -63.148779699999288, -18.088944700000095 ], [ -63.148583199999287, -18.092976900000096 ], [ -63.148410899999284, -18.096497900000095 ], [ -63.148259399999283, -18.099541300000094 ], [ -63.14691419999928, -18.100666900000096 ], [ -63.143564199999282, -18.100571300000095 ], [ -63.139774899999281, -18.100484 ], [ -63.13627259999928, -18.100394800000092 ], [ -63.132321699999281, -18.100306800000091 ], [ -63.128405699999284, -18.10021310000009 ], [ -63.124284399999283, -18.10011310000009 ], [ -63.120309599999565, -18.100004400000117 ] ] } },
{ "type": "Feature", "properties": { "id": 1067264858.0, "tags.power": "line", "Type": "Way", "Country": "BO", "Length": 235.73125172575087, "tags.cables": "3", "tags.voltage": "230000", "tags.circuits": "1", "tags.frequency": "50" }, "geometry": { "type": "LineString", "coordinates": [ [ -63.218612399999287, -18.065961400000109 ], [ -63.218610999999285, -18.06797460000011 ] ] } },
{ "type": "Feature", "properties": { "id": 1067264859.0, "tags.power": "line", "Type": "Way", "Country": "BO", "Length": 287.9109655823832, "tags.cables": "3", "tags.voltage": "230000", "tags.circuits": "1", "tags.frequency": "50" }, "geometry": { "type": "LineString", "coordinates": [ [ -63.218180499999285, -18.065554600000109 ], [ -63.218204699999283, -18.066045500000108 ], [ -63.218610999999285, -18.06797460000011 ] ] } },
{ "type": "Feature", "properties": { "id": 1067286517.0, "tags.power": "line", "Type": "Way", "Country": "BO", "Length": 22594.698280083052, "tags.cables": "6", "tags.voltage": "230000", "tags.circuits": "2", "tags.frequency": "50" }, "geometry": { "type": "LineString", "coordinates": [ [ -62.64135139999911, -17.059514200000155 ], [ -62.640078699999108, -17.058629600000156 ], [ -62.639719199999107, -17.055452500000158 ], [ -62.639287399999105, -17.051513800000158 ], [ -62.640589899999107, -17.047907500000157 ], [ -62.641962599999104, -17.044107000000157 ], [ -62.643480599999101, -17.039903800000157 ], [ -62.644920499999103, -17.035917100000159 ], [ -62.646364199999105, -17.031919500000157 ], [ -62.647883199999107, -17.027713400000156 ], [ -62.649322699999104, -17.023727600000157 ], [ -62.650716899999104, -17.019866900000157 ], [ -62.652105099999105, -17.016022600000156 ], [ -62.653415299999104, -17.012394500000156 ], [ -62.654527899999103, -17.009313500000154 ], [ -62.655721299999101, -17.006008500000153 ], [ -62.656128999999098, -17.002234200000153 ], [ -62.656699599999101, -16.997265100000153 ], [ -62.657255499999103, -16.992525500000152 ], [ -62.657527799999102, -16.990118100000153 ], [ -62.658186299999102, -16.984426000000152 ], [ -62.658720099999108, -16.979767300000152 ], [ -62.6592027999991, -16.975555200000152 ], [ -62.659574299999107, -16.972354600000152 ], [ -62.660105399999104, -16.967779500000152 ], [ -62.660703499999101, -16.962601100000153 ], [ -62.661245299999102, -16.957888200000152 ], [ -62.661792499999102, -16.953100700000153 ], [ -62.6622148999991, -16.949442700000152 ], [ -62.662758099999103, -16.944794200000153 ], [ -62.663281099999104, -16.940220700000154 ], [ -62.663715599999101, -16.936428400000153 ], [ -62.664187699999104, -16.932393500000153 ], [ -62.664632299999106, -16.928486800000151 ], [ -62.665141199999105, -16.92406300000015 ], [ -62.665645499999108, -16.91968590000015 ], [ -62.666037099999109, -16.91629160000015 ], [ -62.666547999999111, -16.911884800000148 ], [ -62.667084499999113, -16.907211000000149 ], [ -62.66761019999911, -16.902608400000151 ], [ -62.66814459999911, -16.89799340000015 ], [ -62.668487099999105, -16.895036100000151 ], [ -62.669004899999102, -16.89050770000015 ], [ -62.669588299999099, -16.885500400000151 ], [ -62.670037599999098, -16.88156190000015 ], [ -62.670419799999095, -16.878235500000152 ], [ -62.670909299999096, -16.873962000000152 ], [ -62.671429699999095, -16.869497100000153 ] ] } },
{ "type": "Feature", "properties": { "id": 1067286519.0, "tags.power": "line", "Type": "Way", "Country": "BO", "Length": 427.13698707472099, "tags.cables": "3", "tags.voltage": "230000", "tags.circuits": "1", "tags.frequency": "50" }, "geometry": { "type": "LineString", "coordinates": [ [ -62.641356699999108, -17.061207900000152 ], [ -62.64180869999911, -17.061527100000152 ], [ -62.644843599999113, -17.062704000000153 ] ] } },
{ "type": "Feature", "properties": { "id": 1067286520.0, "tags.power": "line", "Type": "Way", "Country": "BO", "Length": 436.4776268576145, "tags.cables": "3", "tags.voltage": "230000", "tags.circuits": "1", "tags.frequency": "50" }, "geometry": { "type": "LineString", "coordinates": [ [ -62.64116229999911, -17.061495000000154 ], [ -62.641695999999108, -17.061846300000152 ], [ -62.644843599999113, -17.062704000000153 ] ] } },
{ "type": "Feature", "properties": { "id": 1067288042.0, "tags.power": "line", "Type": "Way", "Country": "BO", "Length": 27472.669580723228, "tags.cables": "3", "tags.voltage": "230000", "tags.circuits": null, "tags.frequency": "50" }, "geometry": { "type": "LineString", "coordinates": [ [ -63.281480699999115, -17.575241400000145 ], [ -63.281326399999116, -17.574799000000144 ], [ -63.280245499999118, -17.574108700000146 ], [ -63.27796429999912, -17.572616600000146 ], [ -63.274374, -17.574066199999955 ], [ -63.270382199999929, -17.575427399999956 ], [ -63.266912399999427, -17.576928 ], [ -63.263175699999927, -17.578378899999958 ], [ -63.259091299999923, -17.580029099999958 ], [ -63.256351799999429, -17.5811698 ], [ -63.253061499999923, -17.582496799999955 ], [ -63.249829499999919, -17.583842899999954 ], [ -63.246259799999919, -17.585329399999953 ], [ -63.243250599999918, -17.586432699999953 ], [ -63.23994739999943, -17.58783720000001 ], [ -63.236471099999918, -17.589207699999953 ], [ -63.232821199999918, -17.590681099999951 ], [ -63.230072399999429, -17.5918063 ], [ -63.226982199999917, -17.593014699999951 ], [ -63.223188099999916, -17.59459029999995 ], [ -63.219686099999919, -17.595986199999949 ], [ -63.215774299999431, -17.5976052 ], [ -63.211258499999914, -17.599408899999947 ], [ -63.208622699999431, -17.6007592 ], [ -63.205715299999433, -17.6023396 ], [ -63.202560899999909, -17.604061699999946 ], [ -63.199643199999912, -17.605623099999946 ], [ -63.193231, -17.609123199999946 ], [ -63.189573699999912, -17.611114599999947 ], [ -63.187391899999909, -17.612313 ], [ -63.185933699999907, -17.615663499999947 ], [ -63.184657899999912, -17.618733299999949 ], [ -63.183186099999915, -17.622138 ], [ -63.181830199999915, -17.625305 ], [ -63.180285899999916, -17.628706099999945 ], [ -63.17887, -17.632196299999944 ], [ -63.177372499999919, -17.635556799999943 ], [ -63.176073699999925, -17.638557099999943 ], [ -63.17486, -17.641429799999944 ], [ -63.173461099999429, -17.6446174 ], [ -63.172005, -17.647990699999944 ], [ -63.170395299999925, -17.651608399999947 ], [ -63.168959499999929, -17.655012099999947 ], [ -63.167522799999944, -17.658313599999939 ], [ -63.166080699999931, -17.661746199999943 ], [ -63.164731499999931, -17.664825699999945 ], [ -63.163287299999844, -17.668150699999899 ], [ -63.163191099999942, -17.668372299999938 ], [ -63.161928399999937, -17.671263799999945 ], [ -63.159285, -17.673911599999936 ], [ -63.15733629999994, -17.675869099999936 ], [ -63.155987299999893, -17.6771749 ], [ -63.15501729999994, -17.678150199999937 ], [ -63.152372, -17.680751199999936 ], [ -63.149872099999946, -17.683281499999936 ], [ -63.147355499999946, -17.68578 ], [ -63.144844499999948, -17.688294299999939 ], [ -63.142168699999431, -17.6908966 ], [ -63.13957189999995, -17.693439599999937 ], [ -63.136888199999952, -17.696091699999936 ], [ -63.134164999999427, -17.6988425 ], [ -63.132204699999434, -17.7007964 ], [ -63.130506299999951, -17.702489099999937 ], [ -63.12825229999995, -17.704736899999936 ], [ -63.126215, -17.706768899999936 ], [ -63.126503699999837, -17.7084724 ], [ -63.126849699999951, -17.710513399999936 ], [ -63.127261699999949, -17.714135899999935 ], [ -63.129372199999949, -17.717280899999935 ], [ -63.131525699999948, -17.720603899999936 ], [ -63.135872, -17.727064799999937 ] ] } },
{ "type": "Feature", "properties": { "id": 1067571283.0, "tags.power": "line", "Type": "Way", "Country": "BO", "Length": 48215.184568140954, "tags.cables": "3", "tags.voltage": "230000", "tags.circuits": "1", "tags.frequency": "50" }, "geometry": { "type": "LineString", "coordinates": [ [ -65.018984099999983, -21.355925800000243 ], [ -65.014366199999984, -21.355211300000242 ], [ -65.010758299999978, -21.357537500000241 ], [ -65.00612839999998, -21.360529700000242 ], [ -65.002764699999986, -21.362701800000242 ], [ -64.99929419999998, -21.364936000000242 ], [ -64.994867099999979, -21.367792700000241 ], [ -64.992105199999983, -21.368827700000242 ], [ -64.988001, -21.370353500000242 ], [ -64.984696, -21.371606000000241 ], [ -64.981286899999986, -21.37286720000024 ], [ -64.977737799999986, -21.374201600000241 ], [ -64.9741886, -21.375532300000241 ], [ -64.9707115, -21.376818300000242 ], [ -64.9670609, -21.377127700000241 ], [ -64.9630541, -21.37745320000024 ], [ -64.9608045, -21.377647000000241 ], [ -64.954444099999989, -21.37814520000024 ], [ -64.950822799999983, -21.378447200000242 ], [ -64.946220899999986, -21.378823600000242 ], [ -64.941948599999989, -21.379192600000241 ], [ -64.9369077, -21.37958770000024 ], [ -64.932027, -21.379982800000239 ], [ -64.9270995, -21.380373000000237 ], [ -64.9240974, -21.380612800000236 ], [ -64.9219626, -21.380605300000237 ], [ -64.9171378, -21.380464900000238 ], [ -64.915770200000011, -21.380422700000238 ], [ -64.909947500000015, -21.381615400000239 ], [ -64.906489, -21.382271400000239 ], [ -64.90153220000002, -21.383240500000237 ], [ -64.898584800000023, -21.383839400000237 ], [ -64.89196680000002, -21.383533700000239 ], [ -64.887707200000023, -21.383269700000238 ], [ -64.880795, -21.382895100000237 ], [ -64.875818100000018, -21.382601900000235 ], [ -64.869276200000016, -21.382370800000235 ], [ -64.862979800000019, -21.382271400000235 ], [ -64.859849100000019, -21.382190500000235 ], [ -64.853819700000017, -21.382060300000234 ], [ -64.849230600000013, -21.381942100000234 ], [ -64.8448682, -21.381898600000234 ], [ -64.840257, -21.382943100000233 ], [ -64.835121300000012, -21.384078100000234 ], [ -64.8312381, -21.384956100000235 ], [ -64.827853600000012, -21.385707500000233 ], [ -64.822227, -21.386931600000235 ], [ -64.820058700000018, -21.387438200000236 ], [ -64.815161400000022, -21.388528500000238 ], [ -64.809787300000025, -21.389732100000238 ], [ -64.805563500000019, -21.390690900000237 ], [ -64.801565, -21.391074400000239 ], [ -64.79803160000003, -21.391442300000239 ], [ -64.794744200000025, -21.391798000000239 ], [ -64.790859700000027, -21.39081880000024 ], [ -64.787476500000025, -21.389847900000241 ], [ -64.778235600000031, -21.38714060000024 ], [ -64.775146900000024, -21.386235700000242 ], [ -64.768556600000025, -21.382260500000243 ], [ -64.764565900000022, -21.379810900000244 ], [ -64.761700800000028, -21.378047500000243 ], [ -64.756471900000022, -21.374957300000244 ], [ -64.752710400000026, -21.374073200000243 ], [ -64.749244300000029, -21.373262700000243 ], [ -64.744596900000033, -21.372195200000242 ], [ -64.742217500000038, -21.373257800000243 ], [ -64.740436500000044, -21.375964500000244 ], [ -64.738742300000041, -21.378508200000244 ], [ -64.734866900000043, -21.378897800000242 ], [ -64.730824400000046, -21.379291000000244 ], [ -64.726297500000044, -21.379753000000242 ], [ -64.722354700000039, -21.379716800000242 ], [ -64.718494800000045, -21.379687800000241 ], [ -64.714423800000048, -21.379667300000239 ], [ -64.710619700000052, -21.37962750000024 ], [ -64.706305200000045, -21.37955760000024 ], [ -64.702380500000046, -21.379538300000238 ], [ -64.698497300000042, -21.379505700000237 ], [ -64.694518300000041, -21.379467100000237 ], [ -64.692037900000045, -21.380412700000239 ], [ -64.689608, -21.381336600000239 ], [ -64.686464400000048, -21.382499300000237 ], [ -64.683893300000051, -21.385343200000236 ], [ -64.685206700000052, -21.393080000000236 ], [ -64.687939700000058, -21.399097900000235 ], [ -64.689083400000058, -21.401582200000234 ], [ -64.691146700000061, -21.406110500000235 ], [ -64.692540400000055, -21.409183100000234 ], [ -64.693590900000061, -21.411479100000236 ], [ -64.693470400000066, -21.415472800000234 ], [ -64.693313700000061, -21.420527600000234 ], [ -64.693194500000061, -21.424093100000235 ], [ -64.693037800000056, -21.428987200000236 ], [ -64.692938700000056, -21.432095500000237 ], [ -64.69274570000006, -21.438186500000239 ], [ -64.692599400000063, -21.442645500000239 ], [ -64.692482100000063, -21.446174300000241 ], [ -64.6924925, -21.454511200000248 ], [ -64.6932865, -21.457751600000247 ] ] } },
{ "type": "Feature", "properties": { "id": 1067571284.0, "tags.power": "line", "Type": "Way", "Country": "BO", "Length": 26365.653259176557, "tags.cables": "3", "tags.voltage": "230000", "tags.circuits": "1", "tags.frequency": "50" }, "geometry": { "type": "LineString", "coordinates": [ [ -64.6932865, -21.457751600000247 ], [ -64.692284, -21.458386900000246 ], [ -64.6895859, -21.460897300000244 ], [ -64.688086, -21.462662700000244 ], [ -64.6874734, -21.462902500000244 ], [ -64.683629, -21.464316500000244 ], [ -64.68083, -21.465255500000243 ], [ -64.6775795, -21.465825700000241 ], [ -64.6724769, -21.467436100000242 ], [ -64.6690198, -21.472163600000243 ], [ -64.6672103, -21.474706900000243 ], [ -64.667813900000013, -21.481897800000244 ], [ -64.667632600000019, -21.485804100000244 ], [ -64.667469400000016, -21.488003700000245 ], [ -64.667589800000016, -21.494388800000245 ], [ -64.663514800000016, -21.498616700000245 ], [ -64.662954100000022, -21.499162500000246 ], [ -64.65657880000002, -21.503989000000246 ], [ -64.649711400000015, -21.507574100000244 ], [ -64.644808800000021, -21.511364000000246 ], [ -64.643600300000017, -21.512350900000246 ], [ -64.630891300000016, -21.516609400000245 ], [ -64.627357100000012, -21.518717100000245 ], [ -64.62566360000001, -21.519591200000246 ], [ -64.619425600000014, -21.522728300000246 ], [ -64.6173059, -21.523848300000246 ], [ -64.6156648, -21.524681500000245 ], [ -64.61068130000001, -21.528372700000244 ], [ -64.6065073, -21.531506000000242 ], [ -64.602758200000011, -21.534321800000242 ], [ -64.600051100000016, -21.536427200000244 ], [ -64.596634200000011, -21.538880800000243 ], [ -64.594538500000013, -21.540468800000244 ], [ -64.591046500000019, -21.543466300000244 ], [ -64.587671, -21.545562600000245 ], [ -64.584916, -21.547410700000245 ], [ -64.581834600000022, -21.549811100000245 ], [ -64.575609600000021, -21.554658200000244 ], [ -64.574749500000024, -21.559741800000243 ], [ -64.573554, -21.563562300000243 ], [ -64.572906400000036, -21.566356300000244 ], [ -64.572137, -21.569696600000245 ], [ -64.571453100000042, -21.572706800000244 ], [ -64.570681100000044, -21.575981800000243 ], [ -64.569971300000049, -21.579120700000242 ], [ -64.568999900000051, -21.583306200000241 ], [ -64.567915700000057, -21.588076900000242 ], [ -64.568234400000051, -21.590715800000243 ], [ -64.568642400000044, -21.593903700000244 ], [ -64.569170200000045, -21.598127900000243 ], [ -64.569746600000045, -21.602686200000242 ], [ -64.570163, -21.606003300000243 ], [ -64.570616300000054, -21.609671500000243 ], [ -64.571131900000054, -21.613750100000242 ], [ -64.571624700000058, -21.617698600000242 ] ] } },
{ "type": "Feature", "properties": { "id": 1067571285.0, "tags.power": "line", "Type": "Way", "Country": "BO", "Length": 392.24073921690513, "tags.cables": "3", "tags.voltage": "230000", "tags.circuits": "1", "tags.frequency": "50" }, "geometry": { "type": "LineString", "coordinates": [ [ -64.726028599999481, -21.4830271 ], [ -64.727758599999476, -21.48525960000001 ], [ -64.7279196, -21.485764200000247 ] ] } },
{ "type": "Feature", "properties": { "id": 1067571286.0, "tags.power": "line", "Type": "Way", "Country": "BO", "Length": 390.25840877883593, "tags.cables": "3", "tags.voltage": "230000", "tags.circuits": "1", "tags.frequency": "50" }, "geometry": { "type": "LineString", "coordinates": [ [ -64.726028599999481, -21.4830271 ], [ -64.727352299999481, -21.4851361 ], [ -64.727471599999475, -21.4853732 ], [ -64.727476399999986, -21.485931200000248 ] ] } },
{ "type": "Feature", "properties": { "id": 1067571287.0, "tags.power": "line", "Type": "Way", "Country": "BO", "Length": 248.31327630018893, "tags.cables": "3", "tags.voltage": "230000", "tags.circuits": "1", "tags.frequency": "50" }, "geometry": { "type": "LineString", "coordinates": [ [ -63.562351299999897, -21.6928313 ], [ -63.562349199999893, -21.6923467 ], [ -63.561991499999891, -21.6907938 ] ] } },
{ "type": "Feature", "properties": { "id": 1067571288.0, "tags.power": "line", "Type": "Way", "Country": "BO", "Length": 389.39249438403471, "tags.cables": "3", "tags.voltage": "230000", "tags.circuits": "1", "tags.frequency": "50" }, "geometry": { "type": "LineString", "coordinates": [ [ -64.725879300000216, -21.483158500000023 ], [ -64.727352299999481, -21.4851361 ], [ -64.7273344, -21.485984700000248 ] ] } },
{ "type": "Feature", "properties": { "id": 1067571289.0, "tags.power": "line", "Type": "Way", "Country": "BO", "Length": 421.88979965856208, "tags.cables": "3", "tags.voltage": "230000", "tags.circuits": "1", "tags.frequency": "50" }, "geometry": { "type": "LineString", "coordinates": [ [ -64.725879300000216, -21.483158500000023 ], [ -64.727279800000062, -21.485395600000082 ], [ -64.7268729, -21.485616200000248 ], [ -64.7271683, -21.486033100000249 ] ] } },
{ "type": "Feature", "properties": { "id": 1067603091.0, "tags.power": "line", "Type": "Way", "Country": "BO", "Length": 10662.220288614726, "tags.cables": "3", "tags.voltage": "230000", "tags.circuits": "1", "tags.frequency": "50" }, "geometry": { "type": "LineString", "coordinates": [ [ -65.26040300000011, -21.312957200000263 ], [ -65.262131500000109, -21.315524000000263 ], [ -65.264389800000103, -21.318891200000262 ], [ -65.266780800000106, -21.322449800000264 ], [ -65.269715500000103, -21.326822400000264 ], [ -65.27172560000011, -21.329817800000264 ], [ -65.274945200000104, -21.334597800000264 ], [ -65.277464300000105, -21.338356100000265 ], [ -65.2791402000001, -21.340865300000264 ], [ -65.280653200000103, -21.343778300000263 ], [ -65.282413100000099, -21.347179700000265 ], [ -65.284065, -21.349708600000266 ], [ -65.286833600000094, -21.353945000000266 ], [ -65.288218500000099, -21.356091100000267 ], [ -65.293071300000094, -21.363489600000268 ], [ -65.294857900000096, -21.366191000000267 ], [ -65.296210800000097, -21.368299600000267 ], [ -65.2978667000001, -21.370822000000267 ], [ -65.2994865000001, -21.373323200000268 ], [ -65.300487200000106, -21.374866300000267 ], [ -65.304632700000113, -21.381202900000268 ], [ -65.307468100000108, -21.385558900000269 ], [ -65.310575600000107, -21.388823900000268 ] ] } },
{ "type": "Feature", "properties": { "id": 1092391549.0, "tags.power": "line", "Type": "Way", "Country": "BO", "Length": 204.51551379910381, "tags.cables": null, "tags.voltage": null, "tags.circuits": null, "tags.frequency": null }, "geometry": { "type": "LineString", "coordinates": [ [ -68.116349300000465, -16.51635620000004 ], [ -68.117253500000459, -16.514822900000041 ] ] } },
{ "type": "Feature", "properties": { "id": 1095439623.0, "tags.power": "line", "Type": "Way", "Country": "BO", "Length": 18513.08411192186, "tags.cables": null, "tags.voltage": null, "tags.circuits": null, "tags.frequency": null }, "geometry": { "type": "LineString", "coordinates": [ [ -63.6909067, -15.453704500000054 ], [ -63.6934994, -15.450413200000053 ], [ -63.6964861, -15.446632 ], [ -63.6998559, -15.442349300000053 ], [ -63.70319480000019, -15.438093500000038 ], [ -63.7064683, -15.433920900000054 ], [ -63.7093986, -15.430196500000054 ], [ -63.7119527, -15.426975300000052 ], [ -63.7183697, -15.418802 ], [ -63.7220549, -15.414113 ], [ -63.72537890000001, -15.40990780000006 ], [ -63.728457200000015, -15.40598290000006 ], [ -63.7316313, -15.401980600000062 ], [ -63.734402400000015, -15.39839570000006 ], [ -63.746179900000023, -15.383417 ], [ -63.754534200000023, -15.372827100000064 ], [ -63.757105600000024, -15.369531900000064 ], [ -63.759516100000027, -15.366458100000065 ], [ -63.762409500000025, -15.362795500000065 ], [ -63.765251500000026, -15.359151 ], [ -63.767998500000026, -15.355663400000065 ], [ -63.773449300000067, -15.34875110000003 ], [ -63.776446400000061, -15.344900300000031 ], [ -63.779843400000061, -15.34055560000003 ], [ -63.783203200000059, -15.336311800000026 ], [ -63.786263200000057, -15.332395700000026 ], [ -63.788897600000055, -15.329048200000026 ], [ -63.791353600000058, -15.325913300000026 ] ] } },
{ "type": "Feature", "properties": { "id": 1096439504.0, "tags.power": "line", "Type": "Way", "Country": "BO", "Length": 10192.272032531069, "tags.cables": null, "tags.voltage": null, "tags.circuits": null, "tags.frequency": null }, "geometry": { "type": "LineString", "coordinates": [ [ -63.622879800000163, -15.596248399999954 ], [ -63.619038500000165, -15.597859899999953 ], [ -63.615805000000165, -15.599210199999952 ], [ -63.612557600000166, -15.600569499999953 ], [ -63.604996900000167, -15.603732299999953 ], [ -63.600363000000165, -15.605677599999952 ], [ -63.595348600000165, -15.607773499999952 ], [ -63.591522900000164, -15.609371199999952 ], [ -63.586812000000158, -15.61133859999995 ], [ -63.582463800000163, -15.613154099999951 ], [ -63.569681600000202, -15.61845729999996 ], [ -63.562019300000202, -15.62166189999996 ], [ -63.558171100000202, -15.623277299999961 ], [ -63.554286200000199, -15.624870499999961 ], [ -63.542871700000184, -15.629601199999954 ], [ -63.541279700000196, -15.633527899999962 ] ] } },
{ "type": "Feature", "properties": { "id": 1119514308.0, "tags.power": "line", "Type": "Way", "Country": "BO", "Length": 2156.7899412968509, "tags.cables": null, "tags.voltage": null, "tags.circuits": null, "tags.frequency": null }, "geometry": { "type": "LineString", "coordinates": [ [ -65.726292599999852, -17.491760900000205 ], [ -65.722981799999857, -17.491716200000205 ], [ -65.72163139999985, -17.491719100000203 ], [ -65.716199599999925, -17.491648200000249 ], [ -65.706920400000655, -17.49147729999995 ] ] } },
{ "type": "Feature", "properties": { "id": 1124929571.0, "tags.power": "line", "Type": "Way", "Country": "BO", "Length": 2168.3618512336179, "tags.cables": "4", "tags.voltage": "115000", "tags.circuits": null, "tags.frequency": null }, "geometry": { "type": "LineString", "coordinates": [ [ -66.117389600001204, -17.4327333 ], [ -66.116548800001198, -17.4321854 ], [ -66.116139500001196, -17.4322092 ], [ -66.1161720000012, -17.4329402 ], [ -66.116224400001201, -17.4337592 ], [ -66.116269300001207, -17.4351926 ], [ -66.116339200001207, -17.436726 ], [ -66.116424000001203, -17.438514099999988 ], [ -66.1164590000012, -17.439349799999988 ], [ -66.116536300001201, -17.441052199999987 ], [ -66.116573800001206, -17.441923599999988 ], [ -66.116608700001208, -17.442745 ], [ -66.116653600001214, -17.443592599999988 ], [ -66.116701000001214, -17.444483 ], [ -66.116733500001217, -17.445335399999987 ], [ -66.11676840000122, -17.445994899999988 ], [ -66.116808400001219, -17.446890099999987 ], [ -66.116888200001213, -17.448618599999985 ], [ -66.117634400001208, -17.448973299999984 ] ] } },
{ "type": "Feature", "properties": { "id": 1124929572.0, "tags.power": "line", "Type": "Way", "Country": "BO", "Length": 546.92635385255096, "tags.cables": null, "tags.voltage": "115000", "tags.circuits": null, "tags.frequency": null }, "geometry": { "type": "LineString", "coordinates": [ [ -66.117638300001218, -17.4285071 ], [ -66.11788410000122, -17.428943899999989 ], [ -66.117584400001221, -17.429853 ], [ -66.117335300001216, -17.4306304 ], [ -66.116893799999431, -17.431431700000033 ], [ -66.11770330000121, -17.4327415 ] ] } },
{ "type": "Feature", "properties": { "id": 1132100019.0, "tags.power": "line", "Type": "Way", "Country": "BO", "Length": 1802.0200132388495, "tags.cables": null, "tags.voltage": "115000", "tags.circuits": null, "tags.frequency": null }, "geometry": { "type": "LineString", "coordinates": [ [ -66.229287800001075, -17.407769599999956 ], [ -66.230086900001083, -17.410176899999946 ], [ -66.231210300001081, -17.410144099999947 ], [ -66.232090100001088, -17.410082699999947 ], [ -66.232980600001085, -17.410036599999948 ], [ -66.233838900001089, -17.409970099999949 ], [ -66.234718600001088, -17.409903499999949 ], [ -66.235614500001091, -17.409862599999951 ], [ -66.236478200001088, -17.40980109999995 ], [ -66.237363300001093, -17.40975 ], [ -66.238259100001088, -17.40970389999995 ], [ -66.239144300001087, -17.409642499999951 ], [ -66.240002600001091, -17.40958619999995 ], [ -66.240844800001085, -17.409529799999952 ], [ -66.241799700001081, -17.409473499999951 ], [ -66.242657800001069, -17.409392 ], [ -66.243594600001074, -17.409298499999952 ] ] } },
{ "type": "Feature", "properties": { "id": 1134182172.0, "tags.power": "line", "Type": "Way", "Country": "BO", "Length": 6792.7373810693825, "tags.cables": null, "tags.voltage": "115000", "tags.circuits": null, "tags.frequency": null }, "geometry": { "type": "LineString", "coordinates": [ [ -66.114775499999496, -17.380658199999981 ], [ -66.114920299999497, -17.380575 ], [ -66.11515289999943, -17.380508100000039 ], [ -66.119474599999435, -17.379994500000038 ], [ -66.121821799999509, -17.379712 ], [ -66.132227399999962, -17.378459599999967 ], [ -66.137689099999207, -17.37777679999996 ], [ -66.140504100000044, -17.376303300000085 ], [ -66.141570699999491, -17.376580099999977 ], [ -66.142710299999493, -17.376843 ], [ -66.144153799999486, -17.377201 ], [ -66.145602099999493, -17.377563499999976 ], [ -66.146888899999496, -17.377867099999975 ], [ -66.14847959999949, -17.378270399999973 ], [ -66.149984799999487, -17.378632899999975 ], [ -66.151333299999493, -17.378963699999975 ], [ -66.152610599999491, -17.379267399999975 ], [ -66.154030399999485, -17.379625299999976 ], [ -66.15799129999948, -17.380589099999977 ], [ -66.159615099999485, -17.380984199999975 ], [ -66.160456199999487, -17.381377299999976 ], [ -66.161860000000118, -17.382075600000025 ], [ -66.162475099997778, -17.3826187 ], [ -66.163004300000111, -17.383326800000031 ], [ -66.163356700000122, -17.384133600000027 ], [ -66.164705, -17.3871852 ], [ -66.166284800000014, -17.3906638 ], [ -66.165429, -17.3927232 ] ] } },
{ "type": "Feature", "properties": { "id": 1154462319.0, "tags.power": "line", "Type": "Way", "Country": "BO", "Length": 22934.427963250069, "tags.cables": "6", "tags.voltage": "132000", "tags.circuits": "2", "tags.frequency": "50" }, "geometry": { "type": "LineString", "coordinates": [ [ -63.656536600000116, -21.999175099999981 ], [ -63.657120999999393, -22.001271199999977 ], [ -63.658121799999392, -22.004653899999976 ], [ -63.659189099999395, -22.008000199999977 ], [ -63.660211599999393, -22.011422299999978 ], [ -63.661259099999391, -22.014821199999979 ], [ -63.66332079999939, -22.021456899999979 ], [ -63.664376599999393, -22.025040599999979 ], [ -63.66548229999939, -22.028570099999978 ], [ -63.666604599999388, -22.032215199999978 ], [ -63.667560599999391, -22.035413299999977 ], [ -63.668283799999394, -22.037517 ], [ -63.669248199999394, -22.040961499999977 ], [ -63.669871699999398, -22.042726099999978 ], [ -63.670844299999395, -22.045962399999979 ], [ -63.671742199999393, -22.048867399999978 ], [ -63.67263999999939, -22.051857 ], [ -63.67345469999939, -22.054469 ], [ -63.674477299999388, -22.057951599999978 ], [ -63.676571299999388, -22.064717099999978 ], [ -63.678062499999385, -22.069451499999978 ], [ -63.678976299999384, -22.072536399999979 ], [ -63.679745800000802, -22.075121299999651 ], [ -63.680314400000803, -22.076965599999649 ], [ -63.681196900000806, -22.079868699999651 ], [ -63.682237600000803, -22.083099799999651 ], [ -63.682865200000805, -22.08521739999965 ], [ -63.683605500000802, -22.08766049999965 ], [ -63.684659600000799, -22.089976799999651 ], [ -63.685480400000799, -22.09271319999965 ], [ -63.686193800000801, -22.095183499999649 ], [ -63.687111100000799, -22.098240299999649 ], [ -63.687921200000801, -22.100998799999648 ], [ -63.6888599000008, -22.104120099999648 ], [ -63.689812699999386, -22.109965299999978 ], [ -63.690369899999389, -22.113179599999977 ], [ -63.691128499999387, -22.118209499999978 ], [ -63.691614299999387, -22.121691599999977 ], [ -63.69219660000018, -22.125418 ], [ -63.692725000000181, -22.129130099999941 ], [ -63.693710999999389, -22.136172 ], [ -63.693457200000182, -22.139349 ], [ -63.693164900000184, -22.142814799999943 ], [ -63.692818900000184, -22.146474199999943 ], [ -63.692539900000185, -22.150136099999944 ], [ -63.692250200000181, -22.153494799999944 ], [ -63.691998100000184, -22.156441 ], [ -63.691676300000182, -22.159978399999943 ], [ -63.693529799999389, -22.163258699999979 ], [ -63.695014799999392, -22.16593589999998 ], [ -63.696331399999394, -22.168301299999978 ], [ -63.698123299999395, -22.171528399999978 ], [ -63.699806299999395, -22.17453549999998 ], [ -63.701023999999393, -22.17672649999998 ], [ -63.702677299999394, -22.179770199999979 ], [ -63.704290999999394, -22.182630399999979 ] ] } },
{ "type": "Feature", "properties": { "id": 1165556269.0, "tags.power": "line", "Type": "Way", "Country": "BO", "Length": 33654.109679808935, "tags.cables": null, "tags.voltage": null, "tags.circuits": null, "tags.frequency": null }, "geometry": { "type": "LineString", "coordinates": [ [ -65.960801999999006, -17.465281199999733 ], [ -65.964843999998934, -17.465818499999756 ], [ -65.967046499998929, -17.466148499999758 ], [ -65.973269599999739, -17.468124899999893 ], [ -65.979535199999745, -17.470506599999894 ], [ -65.984871899999746, -17.472286899999894 ], [ -65.986550599999745, -17.472857199999893 ], [ -65.99201649999975, -17.474556099999894 ], [ -65.993738399999742, -17.475200699999892 ], [ -66.001868399999751, -17.477669799999894 ], [ -66.007741499999753, -17.479340499999893 ], [ -66.011410799999751, -17.480542799999892 ], [ -66.014539399999748, -17.482233299999891 ], [ -66.017985499999753, -17.48422269999989 ], [ -66.020903699999749, -17.48626109999989 ], [ -66.025336899999743, -17.489048499999889 ], [ -66.030658399999737, -17.492347599999889 ], [ -66.035653699999742, -17.495437899999889 ], [ -66.037829499999745, -17.496763999999889 ], [ -66.044028399999746, -17.496125299999889 ], [ -66.047780999999745, -17.495669799999888 ], [ -66.051759199999751, -17.495235899999887 ], [ -66.056767499999751, -17.494707899999888 ], [ -66.057990599999755, -17.494617899999888 ], [ -66.066051099999754, -17.493689599999886 ], [ -66.070126999999758, -17.493259399999886 ], [ -66.076539099999763, -17.495143599999885 ], [ -66.080187499999766, -17.497181999999885 ], [ -66.082670499999765, -17.498546399999885 ], [ -66.084886299999766, -17.499799099999883 ], [ -66.086773699999767, -17.500879799999883 ], [ -66.088633199999762, -17.501948199999884 ], [ -66.094734699999762, -17.507725199999882 ], [ -66.097006399999756, -17.509115099999882 ], [ -66.100030499999761, -17.50978959999988 ], [ -66.103053799999756, -17.510520499999881 ], [ -66.104841199999754, -17.510960399999881 ], [ -66.109427699999756, -17.51219029999988 ], [ -66.115142899999753, -17.513855299999879 ], [ -66.11617709999976, -17.514612499999878 ], [ -66.120708999999763, -17.517726899999879 ], [ -66.12505629999977, -17.52067349999988 ], [ -66.131515099999774, -17.525052299999881 ], [ -66.137158399999777, -17.528858199999881 ], [ -66.139385799999772, -17.531047499999882 ], [ -66.145838399999775, -17.537302999999884 ], [ -66.149151099999784, -17.540444799999882 ], [ -66.152121899999784, -17.543309299999883 ], [ -66.154063999999778, -17.546674299999882 ], [ -66.156301999999783, -17.552555899999881 ], [ -66.160217299999786, -17.554600499999882 ], [ -66.16376419999979, -17.55646059999988 ], [ -66.167804899999794, -17.559353399999882 ], [ -66.171086399999794, -17.561718199999881 ], [ -66.173939299999788, -17.563800699999881 ], [ -66.177991499999791, -17.566802699999879 ], [ -66.180512599999787, -17.568588299999881 ], [ -66.182405999999787, -17.569960399999882 ], [ -66.186052499999789, -17.572709499999881 ], [ -66.189604999999787, -17.57530019999988 ], [ -66.19445969999974, -17.578804599999891 ], [ -66.196116199999736, -17.580753399999892 ], [ -66.196998099999732, -17.580677699999892 ], [ -66.197956899999738, -17.580798999999892 ], [ -66.199107599999735, -17.580508399999893 ], [ -66.203681799999728, -17.580225699999893 ], [ -66.205763199999723, -17.580025299999892 ], [ -66.210814299999726, -17.577030599999894 ], [ -66.214629499999731, -17.574645399999895 ], [ -66.217191499999728, -17.573004799999893 ], [ -66.219253299999721, -17.572031199999891 ] ] } },
{ "type": "Feature", "properties": { "id": 1179885196.0, "tags.power": "line", "Type": "Way", "Country": "BO", "Length": 6242.287528083405, "tags.cables": null, "tags.voltage": null, "tags.circuits": null, "tags.frequency": null }, "geometry": { "type": "LineString", "coordinates": [ [ -64.183985, -19.510641900000024 ], [ -64.184422699999914, -19.509776200000026 ], [ -64.189952899999923, -19.49883730000003 ], [ -64.190084599999921, -19.495451700000029 ], [ -64.190253399999918, -19.491254700000027 ], [ -64.190372399999916, -19.488121500000027 ], [ -64.190611599999912, -19.482144600000026 ], [ -64.190759299999911, -19.478163600000027 ], [ -64.190842699999905, -19.476204300000024 ], [ -64.190960499999917, -19.473438800000025 ], [ -64.191125, -19.469573800000024 ], [ -64.194574399999908, -19.459587100000025 ] ] } },
{ "type": "Feature", "properties": { "id": 1186876818.0, "tags.power": "line", "Type": "Way", "Country": "BO", "Length": 7369.878962110467, "tags.cables": null, "tags.voltage": null, "tags.circuits": null, "tags.frequency": null }, "geometry": { "type": "LineString", "coordinates": [ [ -67.568020799998578, -14.409222899999961 ], [ -67.604262899998574, -14.35555549999996 ] ] } },
{ "type": "Feature", "properties": { "id": 1191338256.0, "tags.power": "line", "Type": "Way", "Country": "BO", "Length": 2062.7148398719132, "tags.cables": null, "tags.voltage": null, "tags.circuits": null, "tags.frequency": null }, "geometry": { "type": "LineString", "coordinates": [ [ -67.885059300000549, -17.2640966 ], [ -67.886083500000552, -17.263295 ], [ -67.887130700000554, -17.2625192 ], [ -67.888149700000554, -17.2616941 ], [ -67.88918750000056, -17.2609093 ], [ -67.890211200000564, -17.2601245 ], [ -67.891249100000564, -17.2593442 ], [ -67.893301200000565, -17.2577611 ], [ -67.894324900000569, -17.2569674 ], [ -67.895374600000565, -17.2561893 ], [ -67.896392400000565, -17.2553772 ], [ -67.897416600000568, -17.2546021 ], [ -67.898447300000569, -17.2538024 ], [ -67.899503700000565, -17.253015 ] ] } },
{ "type": "Feature", "properties": { "id": 1200958215.0, "tags.power": "line", "Type": "Way", "Country": "BO", "Length": 12382.730966254805, "tags.cables": null, "tags.voltage": null, "tags.circuits": null, "tags.frequency": null }, "geometry": { "type": "LineString", "coordinates": [ [ -66.395495800000063, -11.223743899999967 ], [ -66.400205800000066, -11.207379199999966 ], [ -66.385928400000068, -11.194084099999962 ], [ -66.371062300000062, -11.180802899999966 ], [ -66.369703700000059, -11.179829399999965 ], [ -66.369127, -11.179524099999965 ], [ -66.367517700000064, -11.177678299999965 ], [ -66.364873100000068, -11.173781199999965 ], [ -66.363566800000072, -11.171931399999965 ], [ -66.353945700000068, -11.160713599999964 ], [ -66.351829500000065, -11.158361 ], [ -66.347194600000066, -11.156937399999963 ], [ -66.346119, -11.156537399999962 ], [ -66.34418790000008, -11.155326899999963 ], [ -66.342358600000082, -11.154190099999964 ], [ -66.341562, -11.153705899999963 ], [ -66.337232900000075, -11.151890099999964 ], [ -66.334346800000077, -11.150845299999963 ], [ -66.331002100000077, -11.149466399999962 ], [ -66.329948, -11.148766399999962 ] ] } },
{ "type": "Feature", "properties": { "id": 1214288898.0, "tags.power": "line", "Type": "Way", "Country": "BO", "Length": 576.4756069961345, "tags.cables": null, "tags.voltage": null, "tags.circuits": null, "tags.frequency": null }, "geometry": { "type": "LineString", "coordinates": [ [ -63.227221700000293, -17.786983899999935 ], [ -63.232252000000294, -17.785812399999934 ] ] } },
{ "type": "Feature", "properties": { "id": 1219425417.0, "tags.power": "line", "Type": "Way", "Country": "BO", "Length": 24734.823691377809, "tags.cables": null, "tags.voltage": null, "tags.circuits": null, "tags.frequency": null }, "geometry": { "type": "LineString", "coordinates": [ [ -65.806320900000387, -17.329677699999984 ], [ -65.805771000000348, -17.326483199999977 ], [ -65.806646500000355, -17.325206 ], [ -65.80786240000036, -17.323409299999977 ], [ -65.809472700000356, -17.320995899999978 ], [ -65.811532600000362, -17.317733199999978 ], [ -65.812012800000346, -17.316977499999979 ], [ -65.812980400000356, -17.315338499999978 ], [ -65.814935600000354, -17.312067499999976 ], [ -65.816375800000358, -17.309592599999974 ], [ -65.817713500000352, -17.30728609999996 ], [ -65.819155400000341, -17.304832 ], [ -65.822127000000336, -17.303901799999981 ], [ -65.824299400000086, -17.303260300000019 ], [ -65.825058500000083, -17.30170320000002 ], [ -65.827649200000081, -17.296635800000018 ], [ -65.82972550000008, -17.29230590000002 ], [ -65.829289900000077, -17.287122400000019 ], [ -65.828997500000071, -17.283187900000019 ], [ -65.828734600000075, -17.280000600000019 ], [ -65.828063, -17.271938700000018 ], [ -65.827488, -17.260750100000017 ], [ -65.827141100000077, -17.258142300000017 ], [ -65.826764400000073, -17.254554700000018 ], [ -65.826561200000071, -17.251497100000016 ], [ -65.826090400000069, -17.245083700000016 ], [ -65.826655400000064, -17.242082800000016 ], [ -65.827493, -17.238087800000017 ], [ -65.829173100000062, -17.230443100000016 ], [ -65.830124600000062, -17.226078600000015 ], [ -65.830615300000062, -17.223882200000016 ], [ -65.831814700000066, -17.218490300000017 ], [ -65.832885200000064, -17.213320800000016 ], [ -65.833925900000068, -17.209973700000017 ], [ -65.831760100000068, -17.204557800000018 ], [ -65.830873, -17.202498300000016 ], [ -65.829009500000069, -17.198066900000015 ], [ -65.828102600000065, -17.195344600000016 ], [ -65.82499360000007, -17.187320600000017 ], [ -65.822929100000067, -17.183430200000018 ], [ -65.821884400000073, -17.181552900000018 ], [ -65.819318800000076, -17.179156200000019 ], [ -65.816507100000081, -17.177491600000018 ], [ -65.816502900000074, -17.177491600000018 ], [ -65.809416200000072, -17.171972100000019 ], [ -65.801022800000069, -17.16849430000002 ], [ -65.798335800000075, -17.167384700000021 ], [ -65.792302, -17.16492090000002 ], [ -65.790585200000066, -17.16425420000002 ], [ -65.779701200000062, -17.160611200000019 ], [ -65.773281500000067, -17.158014 ] ] } },
{ "type": "Feature", "properties": { "id": 1219452631.0, "tags.power": "line", "Type": "Way", "Country": "BO", "Length": 9964.2384016236774, "tags.cables": null, "tags.voltage": null, "tags.circuits": null, "tags.frequency": null }, "geometry": { "type": "LineString", "coordinates": [ [ -65.84400960000049, -17.404713400000059 ], [ -65.841423000000489, -17.402114900000058 ], [ -65.836920800000485, -17.397401700000056 ], [ -65.831326800000483, -17.391683900000057 ], [ -65.827341900000476, -17.385317300000057 ], [ -65.825914000000481, -17.383057300000058 ], [ -65.82276560000048, -17.378023500000058 ], [ -65.821634200000474, -17.376217700000058 ], [ -65.820572700000412, -17.374362499999972 ], [ -65.818940600000388, -17.363077899999976 ], [ -65.818573200000387, -17.360525199999977 ], [ -65.817506100000386, -17.357953499999976 ], [ -65.814917100000386, -17.355387699999977 ], [ -65.814447900000388, -17.354688099999976 ], [ -65.812922100000392, -17.350979799999976 ], [ -65.810394200000403, -17.345803699999976 ], [ -65.808298300000388, -17.341018099999975 ], [ -65.807685900000394, -17.338326799999976 ], [ -65.807391400000398, -17.336255 ], [ -65.806320900000387, -17.329677699999984 ] ] } },
{ "type": "Feature", "properties": { "id": 1219613500.0, "tags.power": "line", "Type": "Way", "Country": "BO", "Length": 8644.5385798012358, "tags.cables": null, "tags.voltage": null, "tags.circuits": null, "tags.frequency": null }, "geometry": { "type": "LineString", "coordinates": [ [ -65.772351099999469, -17.157463000000153 ], [ -65.772041800000068, -17.158160500000012 ], [ -65.768366, -17.160123500000012 ], [ -65.763771400000067, -17.162517100000013 ], [ -65.760435100000066, -17.16418920000001 ], [ -65.748945500000062, -17.164575100000011 ], [ -65.746731200000056, -17.164611700000012 ], [ -65.74425320000006, -17.163205300000012 ], [ -65.744248200000058, -17.163205300000012 ], [ -65.742107200000063, -17.16200250000001 ], [ -65.739485400000063, -17.157205500000011 ], [ -65.738266200000069, -17.1555528 ], [ -65.736809200000067, -17.15300980000001 ], [ -65.733825600000074, -17.14789050000001 ], [ -65.732710500000067, -17.14587310000001 ], [ -65.726235500000072, -17.140996200000011 ], [ -65.725035600000069, -17.1400901 ], [ -65.718743600000067, -17.135129 ], [ -65.713095300000063, -17.1307046 ] ] } },
{ "type": "Feature", "properties": { "id": 1231796690.0, "tags.power": "line", "Type": "Way", "Country": "BO", "Length": 12757.207526020055, "tags.cables": "3", "tags.voltage": null, "tags.circuits": null, "tags.frequency": null }, "geometry": { "type": "LineString", "coordinates": [ [ -67.375558199999006, -20.5676606 ], [ -67.375071899998972, -20.5681959 ], [ -67.374126299998977, -20.56819 ], [ -67.373168999998981, -20.568184 ], [ -67.372199299998982, -20.5681779 ], [ -67.371235899998979, -20.5681719 ], [ -67.370276399998986, -20.5681658 ], [ -67.369303999998991, -20.5681597 ], [ -67.368352799998988, -20.5681538 ], [ -67.367380499998987, -20.5681477 ], [ -67.366571199998987, -20.5681426 ], [ -67.365762099998989, -20.5681375 ], [ -67.364697299998994, -20.5681308 ], [ -67.363717899998989, -20.5681247 ], [ -67.362745499998994, -20.5681186 ], [ -67.361794199998997, -20.5681126 ], [ -67.347369499999132, -20.568022100000018 ], [ -67.337831399999658, -20.567949200000076 ], [ -67.318549199999836, -20.567801900000017 ], [ -67.301320299999134, -20.567670300000017 ], [ -67.261225999999127, -20.567367600000019 ] ] } },
{ "type": "Feature", "properties": { "id": 1232096062.0, "tags.power": "line", "Type": "Way", "Country": "BO", "Length": 1970.278354040835, "tags.cables": "3", "tags.voltage": null, "tags.circuits": null, "tags.frequency": null }, "geometry": { "type": "LineString", "coordinates": [ [ -67.375643499999001, -20.5678842 ], [ -67.375288099998983, -20.5682968 ], [ -67.374733099998977, -20.5689411 ], [ -67.374128299998972, -20.5696431 ], [ -67.373515399998979, -20.5703546 ], [ -67.372930199998976, -20.571034 ], [ -67.372316499998973, -20.5717465 ], [ -67.371727899999001, -20.5724296 ], [ -67.371098999998978, -20.5731586 ], [ -67.370509099998984, -20.5738423 ], [ -67.369896399998979, -20.5745524 ], [ -67.369286199998982, -20.5752597 ], [ -67.368671699998984, -20.5759718 ], [ -67.368079499998984, -20.5766582 ], [ -67.367473399998985, -20.5773607 ], [ -67.366871299998991, -20.5780585 ], [ -67.366245499998996, -20.5787838 ], [ -67.365684199998995, -20.5794343 ], [ -67.365110499998991, -20.5801348 ], [ -67.364661599998996, -20.5808664 ] ] } },
{ "type": "Feature", "properties": { "id": 1232096063.0, "tags.power": "line", "Type": "Way", "Country": "BO", "Length": 33912.12617894834, "tags.cables": "3", "tags.voltage": "115000", "tags.circuits": null, "tags.frequency": null }, "geometry": { "type": "LineString", "coordinates": [ [ -67.170454599999871, -20.92119750000003 ], [ -67.19605839999987, -20.911917100000029 ], [ -67.2001415, -20.910391999999813 ], [ -67.2184267, -20.902647999999814 ], [ -67.2310081, -20.895897399999814 ], [ -67.2436078, -20.889095099999814 ], [ -67.2601323, -20.880099099999814 ], [ -67.2736307, -20.872764799999814 ], [ -67.2887613, -20.864556099999813 ], [ -67.3073583, -20.854496099999814 ], [ -67.3199213, -20.847743299999813 ], [ -67.321363300000229, -20.8469705 ], [ -67.328908, -20.842926999999811 ], [ -67.3405356, -20.836550799999813 ], [ -67.349724099999989, -20.831545599999814 ], [ -67.352841899999987, -20.829848599999814 ], [ -67.356051399999984, -20.828151599999813 ], [ -67.3592976, -20.826385999999815 ], [ -67.3624522, -20.824654699999815 ], [ -67.3656984, -20.822940499999817 ], [ -67.3687062, -20.821277699999818 ], [ -67.3720991, -20.819477699999819 ], [ -67.3723742, -20.815757699999818 ], [ -67.372832699999989, -20.812071899999818 ], [ -67.373162799999989, -20.808368799999819 ], [ -67.3735113, -20.804545699999817 ], [ -67.3738231, -20.800328099999817 ], [ -67.3709437, -20.796916299999818 ], [ -67.3683394, -20.793795799999817 ], [ -67.3662302, -20.791206799999816 ], [ -67.3635159, -20.788120499999817 ], [ -67.3615352, -20.785737199999815 ], [ -67.3597378, -20.783679599999815 ], [ -67.3581972, -20.781861999999816 ], [ -67.357555299999987, -20.777746699999817 ], [ -67.3570973, -20.775110399999818 ], [ -67.356422399999872, -20.771100600000029 ], [ -67.356094899999874, -20.769094100000029 ], [ -67.355586399999879, -20.766547700000029 ], [ -67.354431499999876, -20.763429 ], [ -67.353259399999871, -20.760664800000026 ], [ -67.351606799999985, -20.756841099999821 ], [ -67.351037, -20.755387999999822 ] ] } },
{ "type": "Feature", "properties": { "id": 1232096064.0, "tags.power": "line", "Type": "Way", "Country": "BO", "Length": 12991.553271265817, "tags.cables": "3", "tags.voltage": null, "tags.circuits": null, "tags.frequency": null }, "geometry": { "type": "LineString", "coordinates": [ [ -67.395681099998995, -20.5679241 ], [ -67.395663399998995, -20.5688225 ], [ -67.395476799998988, -20.5868568 ], [ -67.39526349999899, -20.6048723 ], [ -67.395067999998986, -20.6220291 ], [ -67.395055399998995, -20.6231919 ], [ -67.39487259999899, -20.6400737 ], [ -67.394632399998983, -20.6590365 ], [ -67.394390799998988, -20.6771441 ] ] } },
{ "type": "Feature", "properties": { "id": 1232096065.0, "tags.power": "line", "Type": "Way", "Country": "BO", "Length": 6366.2874649179703, "tags.cables": "3", "tags.voltage": null, "tags.circuits": null, "tags.frequency": null }, "geometry": { "type": "LineString", "coordinates": [ [ -67.395055399998995, -20.6231919 ], [ -67.414225499998992, -20.6233406 ], [ -67.433106799999024, -20.623485200000019 ], [ -67.452242799999027, -20.623632 ] ] } },
{ "type": "Feature", "properties": { "id": 1232096067.0, "tags.power": "line", "Type": "Way", "Country": "BO", "Length": 1054.6813892721157, "tags.cables": "3", "tags.voltage": null, "tags.circuits": null, "tags.frequency": null }, "geometry": { "type": "LineString", "coordinates": [ [ -67.385264499998996, -20.59539620000001 ], [ -67.375808899999001, -20.59483830000001 ] ] } },
{ "type": "Feature", "properties": { "id": 1232096068.0, "tags.power": "line", "Type": "Way", "Country": "BO", "Length": 2508.9701948458942, "tags.cables": "3", "tags.voltage": null, "tags.circuits": null, "tags.frequency": null }, "geometry": { "type": "LineString", "coordinates": [ [ -67.398574999998999, -20.567956800000012 ], [ -67.395681099998995, -20.5679241 ], [ -67.386597699999001, -20.567808400000011 ], [ -67.379853399999007, -20.5677047 ], [ -67.376958599999, -20.5676674 ], [ -67.376038799999009, -20.5676607 ] ] } },
{ "type": "Feature", "properties": { "id": 1232096069.0, "tags.power": "line", "Type": "Way", "Country": "BO", "Length": 2935.2554568651831, "tags.cables": "3", "tags.voltage": null, "tags.circuits": null, "tags.frequency": null }, "geometry": { "type": "LineString", "coordinates": [ [ -67.381215599998995, -20.5663876 ], [ -67.376047999999003, -20.5663897 ], [ -67.367195299998997, -20.5663888 ], [ -67.362496099998992, -20.56637370000001 ], [ -67.360568799998987, -20.56637550000001 ], [ -67.356151399998993, -20.5663283 ], [ -67.354848499998994, -20.56635970000001 ] ] } },
{ "type": "Feature", "properties": { "id": 1232096073.0, "tags.power": "line", "Type": "Way", "Country": "BO", "Length": 151.18880574720339, "tags.cables": "3", "tags.voltage": null, "tags.circuits": null, "tags.frequency": null }, "geometry": { "type": "LineString", "coordinates": [ [ -67.376038799999009, -20.5676607 ], [ -67.376043599999008, -20.5675059 ], [ -67.376030299999002, -20.5672962 ], [ -67.376047999999003, -20.5663897 ] ] } },
{ "type": "Feature", "properties": { "id": 1232096078.0, "tags.power": "line", "Type": "Way", "Country": "BO", "Length": 6474.3023193812942, "tags.cables": "3", "tags.voltage": null, "tags.circuits": null, "tags.frequency": null }, "geometry": { "type": "LineString", "coordinates": [ [ -67.414735299999066, -20.572020600000013 ], [ -67.41167339999906, -20.57201 ], [ -67.406008699999063, -20.571956900000014 ], [ -67.401217299999061, -20.571898500000014 ], [ -67.400400799999062, -20.571941 ], [ -67.398580599998994, -20.57189060000001 ], [ -67.398574999998999, -20.567956800000012 ], [ -67.398559899999057, -20.56168430000001 ], [ -67.398551299998999, -20.558088 ], [ -67.398551299998999, -20.550907700000014 ], [ -67.398551299998999, -20.54906110000001 ], [ -67.398544099999015, -20.543230600000019 ], [ -67.398542399999002, -20.54185750000001 ], [ -67.398524599999007, -20.532561800000011 ] ] } },
{ "type": "Feature", "properties": { "id": 1232096079.0, "tags.power": "line", "Type": "Way", "Country": "BO", "Length": 4277.2286729574944, "tags.cables": "3", "tags.voltage": null, "tags.circuits": null, "tags.frequency": null }, "geometry": { "type": "LineString", "coordinates": [ [ -67.434287999999, -20.532969500000014 ], [ -67.415006899999, -20.532736500000013 ], [ -67.402573999999007, -20.532604500000016 ], [ -67.398524599999007, -20.532561800000011 ], [ -67.395867899999004, -20.532528500000012 ] ] } },
{ "type": "Feature", "properties": { "id": 1232096080.0, "tags.power": "line", "Type": "Way", "Country": "BO", "Length": 150.67678120450483, "tags.cables": "3", "tags.voltage": null, "tags.circuits": null, "tags.frequency": null }, "geometry": { "type": "LineString", "coordinates": [ [ -67.402573999999007, -20.532604500000016 ], [ -67.402773999999013, -20.533210800000017 ], [ -67.402965699999015, -20.533817800000019 ] ] } },
{ "type": "Feature", "properties": { "id": 1232096081.0, "tags.power": "line", "Type": "Way", "Country": "BO", "Length": 400.56160181538002, "tags.cables": "3", "tags.voltage": null, "tags.circuits": null, "tags.frequency": null }, "geometry": { "type": "LineString", "coordinates": [ [ -67.398542399999002, -20.54185750000001 ], [ -67.402140699999009, -20.541863700000018 ] ] } },
{ "type": "Feature", "properties": { "id": 1232096082.0, "tags.power": "line", "Type": "Way", "Country": "BO", "Length": 1481.3438301391047, "tags.cables": "3", "tags.voltage": null, "tags.circuits": null, "tags.frequency": null }, "geometry": { "type": "LineString", "coordinates": [ [ -67.398544099999015, -20.543230600000019 ], [ -67.407149499999008, -20.543308300000017 ], [ -67.411850799999002, -20.543326 ] ] } },
{ "type": "Feature", "properties": { "id": 1232096084.0, "tags.power": "line", "Type": "Way", "Country": "BO", "Length": 8212.4661012056204, "tags.cables": "3", "tags.voltage": null, "tags.circuits": null, "tags.frequency": null }, "geometry": { "type": "LineString", "coordinates": [ [ -67.398551299998999, -20.550907700000014 ], [ -67.405236499999006, -20.550976700000014 ], [ -67.414824999999013, -20.551061700000012 ], [ -67.426312999999013, -20.551151900000011 ], [ -67.433992999999006, -20.551223 ], [ -67.453156099999006, -20.551380200000011 ], [ -67.472321699999, -20.551571400000011 ] ] } },
{ "type": "Feature", "properties": { "id": 1232096085.0, "tags.power": "line", "Type": "Way", "Country": "BO", "Length": 255.1915953003402, "tags.cables": "3", "tags.voltage": null, "tags.circuits": null, "tags.frequency": null }, "geometry": { "type": "LineString", "coordinates": [ [ -67.405236499999006, -20.550976700000014 ], [ -67.406018999999006, -20.552994300000012 ] ] } },
{ "type": "Feature", "properties": { "id": 1232096089.0, "tags.power": "line", "Type": "Way", "Country": "BO", "Length": 816.16689287747784, "tags.cables": "3", "tags.voltage": null, "tags.circuits": null, "tags.frequency": null }, "geometry": { "type": "LineString", "coordinates": [ [ -67.398559899999057, -20.56168430000001 ], [ -67.40587829999906, -20.562098400000011 ] ] } },
{ "type": "Feature", "properties": { "id": 1232096092.0, "tags.power": "line", "Type": "Way", "Country": "BO", "Length": 23459.979059550686, "tags.cables": "3", "tags.voltage": null, "tags.circuits": null, "tags.frequency": null }, "geometry": { "type": "LineString", "coordinates": [ [ -67.510407499999019, -20.588001200000019 ], [ -67.491175499999017, -20.587832100000018 ], [ -67.472020899999023, -20.587629200000016 ], [ -67.452788899999021, -20.587450500000017 ], [ -67.433618899999018, -20.587262100000018 ], [ -67.414572599999019, -20.587073700000019 ], [ -67.414735299999066, -20.572020600000013 ], [ -67.4147835, -20.569056999999813 ], [ -67.433855, -20.569265299999813 ], [ -67.4528348, -20.569487399999815 ], [ -67.4537582, -20.569498199999813 ], [ -67.472067599999988, -20.569671999999816 ], [ -67.4912318, -20.569878599999814 ], [ -67.510436, -20.570076499999814 ] ] } },
{ "type": "Feature", "properties": { "id": 1232096093.0, "tags.power": "line", "Type": "Way", "Country": "BO", "Length": 19252.13327684933, "tags.cables": "3", "tags.voltage": null, "tags.circuits": null, "tags.frequency": null }, "geometry": { "type": "LineString", "coordinates": [ [ -67.413628399999041, -20.677387700000015 ], [ -67.413850399999035, -20.659449100000014 ], [ -67.41403629999904, -20.641374400000014 ], [ -67.414225499998992, -20.6233406 ], [ -67.414391899999032, -20.605205600000019 ], [ -67.433455999999026, -20.605381200000018 ], [ -67.452608299999028, -20.605555800000019 ], [ -67.471800499999034, -20.605755400000017 ], [ -67.49090389999904, -20.605955 ], [ -67.510193899999038, -20.606154700000015 ] ] } },
{ "type": "Feature", "properties": { "id": 1232096094.0, "tags.power": "line", "Type": "Way", "Country": "BO", "Length": 2119.3889269262709, "tags.cables": "3", "tags.voltage": null, "tags.circuits": null, "tags.frequency": null }, "geometry": { "type": "LineString", "coordinates": [ [ -67.432888299999036, -20.659621800000014 ], [ -67.413850399999035, -20.659449100000014 ] ] } },
{ "type": "Feature", "properties": { "id": 1232305576.0, "tags.power": "line", "Type": "Way", "Country": "BO", "Length": 25726.505932468441, "tags.cables": "3", "tags.voltage": null, "tags.circuits": null, "tags.frequency": null }, "geometry": { "type": "LineString", "coordinates": [ [ -67.261595399999663, -20.531237100000077 ], [ -67.26643459999967, -20.531268300000075 ], [ -67.280734099999677, -20.531420800000074 ], [ -67.295129799999671, -20.531569800000074 ], [ -67.299906099999674, -20.531618300000073 ], [ -67.309554999999676, -20.531715300000073 ], [ -67.319052299999683, -20.531812300000073 ], [ -67.328549499999681, -20.531895400000074 ], [ -67.338216899999679, -20.531995900000073 ], [ -67.338028799999648, -20.549108500000077 ], [ -67.338012399999641, -20.550068900000078 ], [ -67.337979499999648, -20.553597100000076 ], [ -67.337828599999654, -20.567056900000075 ], [ -67.337831399999658, -20.567949200000076 ], [ -67.337816699999664, -20.568836900000075 ], [ -67.33763969999967, -20.581412500000077 ], [ -67.3375522, -20.587005399999832 ], [ -67.3373302, -20.604153199999832 ], [ -67.337141, -20.62233389999983 ], [ -67.3369487, -20.64048459999983 ], [ -67.336745400000012, -20.658543999999829 ], [ -67.336534300000011, -20.67658479999983 ] ] } },
{ "type": "Feature", "properties": { "id": 1232305577.0, "tags.power": "line", "Type": "Way", "Country": "BO", "Length": 11020.027270932118, "tags.cables": "3", "tags.voltage": null, "tags.circuits": null, "tags.frequency": null }, "geometry": { "type": "LineString", "coordinates": [ [ -67.356067900000014, -20.676717499999832 ], [ -67.3562607, -20.658737899999831 ], [ -67.3564403, -20.640642799999831 ], [ -67.3564602, -20.639747799999832 ], [ -67.3564807999999, -20.6379509 ], [ -67.3564912, -20.63704289999983 ], [ -67.3565068, -20.636136399999831 ], [ -67.3565171, -20.634328199999832 ], [ -67.3565275, -20.633334399999832 ], [ -67.3565531, -20.632533899999832 ], [ -67.3566065, -20.631653999999831 ], [ -67.3567049, -20.62946259999983 ], [ -67.3567203, -20.628893899999827 ], [ -67.3567438, -20.628026299999828 ], [ -67.3567293, -20.627113699999828 ], [ -67.3567035, -20.626197599999831 ], [ -67.356683499999988, -20.625320899999828 ], [ -67.356673199999989, -20.624864899999828 ], [ -67.3566194, -20.62250169999983 ], [ -67.3566207, -20.62163159999983 ], [ -67.3554101, -20.621614999999831 ], [ -67.3554366, -20.61712429999983 ], [ -67.356762, -20.61712429999983 ], [ -67.3567948, -20.615325599999831 ], [ -67.3567807, -20.614428899999833 ], [ -67.3568042, -20.612618099999832 ], [ -67.3568301, -20.61171839999983 ], [ -67.3568743, -20.604481499999832 ], [ -67.3570422, -20.587276999999833 ], [ -67.3570324, -20.586438199999829 ] ] } },
{ "type": "Feature", "properties": { "id": 1232305578.0, "tags.power": "line", "Type": "Way", "Country": "BO", "Length": 22945.993402967855, "tags.cables": "3", "tags.voltage": null, "tags.circuits": null, "tags.frequency": null }, "geometry": { "type": "LineString", "coordinates": [ [ -67.351037, -20.755387999999822 ], [ -67.3511665, -20.755005299999823 ], [ -67.351347799999985, -20.754133399999823 ], [ -67.35194869999998, -20.751532299999823 ], [ -67.352772299999984, -20.748030099999824 ], [ -67.3539585, -20.742779099999822 ], [ -67.3541605, -20.741916799999821 ], [ -67.354740699999979, -20.739281599999821 ], [ -67.355554, -20.735759699999821 ], [ -67.356139299999981, -20.733129199999823 ], [ -67.357139, -20.728812699999821 ], [ -67.357543099999987, -20.727068599999821 ], [ -67.3583511, -20.723420499999822 ], [ -67.3590297, -20.720436099999823 ], [ -67.3592887, -20.719447799999823 ], [ -67.359438899999986, -20.718502999999824 ], [ -67.359563199999982, -20.717548499999825 ], [ -67.359899899999974, -20.715658999999825 ], [ -67.36065619999998, -20.711148199999826 ], [ -67.361075799999981, -20.708488099999826 ], [ -67.361806099999981, -20.704059499999826 ], [ -67.363075199999983, -20.696078899999826 ], [ -67.364520399999989, -20.687225599999827 ], [ -67.375023599998983, -20.6768966 ], [ -67.375169599998983, -20.6587982 ], [ -67.375352499998982, -20.6408204 ], [ -67.375543699998985, -20.6227472 ], [ -67.375734899998989, -20.6028665 ], [ -67.375808899999001, -20.59483830000001 ], [ -67.375892899998988, -20.5857071 ], [ -67.376042499998988, -20.5685458 ], [ -67.376022599999132, -20.56820190000002 ], [ -67.3758004, -20.567684199999814 ] ] } },
{ "type": "Feature", "properties": { "id": 1232305584.0, "tags.power": "line", "Type": "Way", "Country": "BO", "Length": 106.41631718408391, "tags.cables": "3", "tags.voltage": null, "tags.circuits": null, "tags.frequency": null }, "geometry": { "type": "LineString", "coordinates": [ [ -67.433992999999006, -20.551223 ], [ -67.434055500000028, -20.551171199999814 ], [ -67.43408490000003, -20.550354699999815 ] ] } },
{ "type": "Feature", "properties": { "id": 1232609241.0, "tags.power": "line", "Type": "Way", "Country": "BO", "Length": 2123.0691637627847, "tags.cables": "3", "tags.voltage": null, "tags.circuits": null, "tags.frequency": null }, "geometry": { "type": "LineString", "coordinates": [ [ -67.433107, -20.641570799999911 ], [ -67.41403629999904, -20.641374400000014 ] ] } },
{ "type": "Feature", "properties": { "id": 1233777901.0, "tags.power": "line", "Type": "Way", "Country": "BO", "Length": 747.68861414914136, "tags.cables": "3", "tags.voltage": null, "tags.circuits": null, "tags.frequency": null }, "geometry": { "type": "LineString", "coordinates": [ [ -67.347178, -20.763036099999823 ], [ -67.3478462, -20.762479099999823 ], [ -67.348504099999985, -20.761437699999824 ], [ -67.3493691, -20.760270399999825 ], [ -67.350488, -20.759606899999824 ], [ -67.351031899999981, -20.759199999999822 ], [ -67.351969399999987, -20.758909399999823 ] ] } },
{ "type": "Feature", "properties": { "id": 1233777903.0, "tags.power": "line", "Type": "Way", "Country": "BO", "Length": 11970.726457955405, "tags.cables": "3", "tags.voltage": null, "tags.circuits": null, "tags.frequency": null }, "geometry": { "type": "LineString", "coordinates": [ [ -67.325189299999849, -20.829954700000016 ], [ -67.32590499999985, -20.830454300000017 ], [ -67.327837399999837, -20.82963070000002 ], [ -67.329115399999836, -20.829271700000021 ], [ -67.330404999999843, -20.828943500000019 ], [ -67.334270299999844, -20.82794220000002 ], [ -67.335563799999846, -20.827596300000021 ], [ -67.337947199999832, -20.826981400000019 ], [ -67.339102299999837, -20.82669150000002 ], [ -67.34054659999984, -20.826328900000021 ], [ -67.341867199999839, -20.825997300000022 ], [ -67.343171199999844, -20.825643500000023 ], [ -67.344447399999851, -20.825312900000021 ], [ -67.345748899999847, -20.82495560000002 ], [ -67.347056899999842, -20.82463180000002 ], [ -67.348375799999843, -20.824294900000019 ], [ -67.349681799999843, -20.823949100000021 ], [ -67.350896099999844, -20.823627 ], [ -67.352097499999843, -20.82319050000002 ], [ -67.353147399999841, -20.82279310000002 ], [ -67.354332699999844, -20.822197 ], [ -67.355537299999838, -20.82158590000002 ], [ -67.356699999999833, -20.820998900000021 ], [ -67.357898099999829, -20.820402800000021 ], [ -67.359076899999835, -20.819800700000023 ], [ -67.359853199999833, -20.819403300000022 ], [ -67.36061969999983, -20.819039 ], [ -67.361392699999826, -20.818015500000023 ], [ -67.362175399999828, -20.816994900000022 ], [ -67.36296119999983, -20.815989400000021 ], [ -67.364568399999825, -20.814035500000021 ], [ -67.365328499999819, -20.81294560000002 ], [ -67.366890999999811, -20.810942600000018 ], [ -67.367253099999814, -20.810456 ], [ -67.367681599999813, -20.80990940000002 ], [ -67.368452699999821, -20.808925700000021 ], [ -67.369207099999826, -20.807920700000022 ], [ -67.369999299999833, -20.806901600000021 ], [ -67.370753699999838, -20.805942500000022 ], [ -67.369980399999847, -20.804934 ], [ -67.369203299999853, -20.80391490000002 ], [ -67.36838679999984, -20.802837 ], [ -67.367637899999849, -20.80184850000002 ], [ -67.366860799999856, -20.80081880000002 ], [ -67.36607989999986, -20.799792600000021 ], [ -67.365314199999858, -20.79875580000002 ], [ -67.364940699999863, -20.798304400000021 ], [ -67.364518199999864, -20.797740200000021 ], [ -67.364069299999869, -20.797105500000022 ], [ -67.36364679999987, -20.79651650000002 ], [ -67.362816899999871, -20.795508 ], [ -67.362005899999872, -20.794481800000021 ], [ -67.361221299999869, -20.793483700000021 ], [ -67.360410199999862, -20.792485700000022 ], [ -67.359633199999863, -20.791487700000022 ], [ -67.358822099999855, -20.790465 ], [ -67.358016799999859, -20.789445800000024 ], [ -67.357211399999855, -20.788426600000026 ], [ -67.35642299999985, -20.787432100000025 ], [ -67.355645899999857, -20.786416400000025 ], [ -67.35480469999986, -20.785386600000024 ], [ -67.354031399999855, -20.784392100000023 ], [ -67.35375979999985, -20.783178800000023 ], [ -67.353495699999854, -20.781940900000023 ], [ -67.353235399999861, -20.780710100000025 ], [ -67.352971399999859, -20.779514500000026 ], [ -67.352722399999863, -20.778266 ], [ -67.352428199999864, -20.777059800000028 ], [ -67.351994399999867, -20.775878200000029 ], [ -67.351568299999869, -20.774662 ], [ -67.35121, -20.773661299999819 ], [ -67.350318199999876, -20.771324900000025 ], [ -67.349872499999876, -20.770169200000023 ], [ -67.349433499999876, -20.768974 ], [ -67.348191, -20.765584899999823 ], [ -67.347683499999988, -20.764280699999823 ], [ -67.347178, -20.763036099999823 ] ] } },
{ "type": "Feature", "properties": { "id": 1233777904.0, "tags.power": "line", "Type": "Way", "Country": "BO", "Length": 1204.583763531223, "tags.cables": "3", "tags.voltage": null, "tags.circuits": null, "tags.frequency": null }, "geometry": { "type": "LineString", "coordinates": [ [ -67.347178, -20.763036099999823 ], [ -67.346888299999875, -20.762144 ], [ -67.34659109999987, -20.761299300000022 ], [ -67.34621959999987, -20.760359500000021 ], [ -67.345875499999863, -20.759423300000019 ], [ -67.346446399999863, -20.758944300000021 ], [ -67.347905099999863, -20.75775580000002 ], [ -67.348636399999862, -20.75713780000002 ], [ -67.349312999999867, -20.756556400000019 ], [ -67.350028599999874, -20.75597130000002 ], [ -67.351037, -20.755387999999822 ] ] } },
{ "type": "Feature", "properties": { "id": 1233787539.0, "tags.power": "line", "Type": "Way", "Country": "BO", "Length": 2161.7326405597692, "tags.cables": "3", "tags.voltage": null, "tags.circuits": null, "tags.frequency": null }, "geometry": { "type": "LineString", "coordinates": [ [ -67.318549199999836, -20.567801900000017 ], [ -67.318517499999842, -20.568683800000017 ], [ -67.318508799999847, -20.569582400000016 ], [ -67.318500099999852, -20.570489 ], [ -67.318488599999853, -20.571390200000018 ], [ -67.318479899999858, -20.572302300000018 ], [ -67.318456799999851, -20.573195400000017 ], [ -67.318442299999845, -20.574096600000018 ], [ -67.318471199999848, -20.575000500000019 ], [ -67.318448099999841, -20.57587460000002 ], [ -67.318439399999846, -20.57679480000002 ], [ -67.318419199999852, -20.577712200000018 ], [ -67.318419199999852, -20.578597100000017 ], [ -67.318396099999845, -20.579506400000017 ], [ -67.31838739999985, -20.580402200000016 ], [ -67.318378699999855, -20.581303400000017 ], [ -67.318381599999853, -20.58221 ], [ -67.318358499999846, -20.583103 ], [ -67.318352699999849, -20.58399870000002 ], [ -67.318349799999851, -20.584970200000019 ], [ -67.318349799999851, -20.585979600000019 ] ] } },
{ "type": "Feature", "properties": { "id": 1234514294.0, "tags.power": "line", "Type": "Way", "Country": "BO", "Length": 8528.7931094430242, "tags.cables": "3", "tags.voltage": null, "tags.circuits": null, "tags.frequency": null }, "geometry": { "type": "LineString", "coordinates": [ [ -67.261400899999657, -20.549346900000074 ], [ -67.262421099999656, -20.549366700000075 ], [ -67.27100119999966, -20.549454100000077 ], [ -67.281536099999656, -20.549549200000076 ], [ -67.290127999999655, -20.549631 ], [ -67.299713699999657, -20.549721700000077 ], [ -67.300639299999659, -20.549730500000077 ], [ -67.309257099999655, -20.549812300000077 ], [ -67.318774699999651, -20.549893100000077 ], [ -67.319824999999653, -20.549902 ], [ -67.328427799999645, -20.549986700000076 ], [ -67.338012399999641, -20.550068900000078 ] ] } },
{ "type": "Feature", "properties": { "id": 1234514295.0, "tags.power": "line", "Type": "Way", "Country": "BO", "Length": 2169.8572479943518, "tags.cables": "3", "tags.voltage": null, "tags.circuits": null, "tags.frequency": null }, "geometry": { "type": "LineString", "coordinates": [ [ -67.3570422, -20.587276999999833 ], [ -67.3375522, -20.587005399999832 ] ] } },
{ "type": "Feature", "properties": { "id": 1235065921.0, "tags.power": "line", "Type": "Way", "Country": "BO", "Length": 4309.957499439718, "tags.cables": null, "tags.voltage": null, "tags.circuits": null, "tags.frequency": null }, "geometry": { "type": "LineString", "coordinates": [ [ -67.348375799999843, -20.824294900000019 ], [ -67.348048300000173, -20.823442400000019 ], [ -67.347626200000178, -20.822331800000018 ], [ -67.347188400000178, -20.821235800000018 ], [ -67.346763600000173, -20.820162300000018 ], [ -67.346344700000174, -20.819047 ], [ -67.345910800000169, -20.817979600000019 ], [ -67.345480000000165, -20.816867100000017 ], [ -67.345067200000159, -20.815765800000019 ], [ -67.344601700000155, -20.814577400000019 ], [ -67.344246700000156, -20.813300200000018 ], [ -67.342918900000157, -20.813469900000019 ], [ -67.34168340000015, -20.813551700000019 ], [ -67.340423500000156, -20.813636800000019 ], [ -67.339167100000154, -20.81371530000002 ], [ -67.337942200000157, -20.813777400000021 ], [ -67.336671700000153, -20.81386580000002 ], [ -67.335450300000147, -20.813927900000021 ], [ -67.334211900000142, -20.814013100000022 ], [ -67.333314000000144, -20.814059 ], [ -67.332390600000139, -20.814124800000023 ], [ -67.331406600000136, -20.814180400000023 ], [ -67.330248200000142, -20.814253300000022 ], [ -67.329211800000138, -20.814305500000021 ], [ -67.328258200000136, -20.814361900000019 ], [ -67.32729460000013, -20.814423500000018 ], [ -67.326353800000135, -20.814497200000019 ], [ -67.325375400000141, -20.81455740000002 ], [ -67.324422800000136, -20.814612600000018 ], [ -67.323439600000142, -20.814675600000019 ], [ -67.322497900000144, -20.814724100000017 ], [ -67.321535500000138, -20.814772600000016 ], [ -67.320814300000137, -20.815112100000015 ], [ -67.319711800000135, -20.815192100000015 ], [ -67.319006200000132, -20.815514600000014 ], [ -67.318308300000126, -20.815832300000014 ] ] } },
{ "type": "Feature", "properties": { "id": 1235065922.0, "tags.power": "line", "Type": "Way", "Country": "BO", "Length": 2206.0005957380458, "tags.cables": null, "tags.voltage": null, "tags.circuits": null, "tags.frequency": null }, "geometry": { "type": "LineString", "coordinates": [ [ -67.323344900000208, -20.8296319 ], [ -67.323044000000209, -20.8306018 ], [ -67.322660000000212, -20.8317777 ], [ -67.322299400000219, -20.8329391 ], [ -67.322143800000219, -20.8335452 ], [ -67.321936200000223, -20.8340883 ], [ -67.321547500000221, -20.8352936 ], [ -67.321213700000214, -20.8364394 ], [ -67.320866100000217, -20.837562 ], [ -67.320513300000215, -20.8387257 ], [ -67.320119500000217, -20.8399294 ], [ -67.319780000000222, -20.841048 ], [ -67.319403400000226, -20.8422058 ], [ -67.319053400000229, -20.8433865 ], [ -67.320032200000227, -20.8451296 ], [ -67.320899400000229, -20.8462959 ], [ -67.321363300000229, -20.8469705 ] ] } },
{ "type": "Feature", "properties": { "id": 1236662450.0, "tags.power": "line", "Type": "Way", "Country": "BO", "Length": 21102.344959855513, "tags.cables": null, "tags.voltage": null, "tags.circuits": null, "tags.frequency": null }, "geometry": { "type": "LineString", "coordinates": [ [ -65.587496199999975, -17.008059199999906 ], [ -65.58328469999995, -17.0084827999999 ], [ -65.580982499999948, -17.009596199999901 ], [ -65.575403899999927, -17.012368899999906 ], [ -65.572571799999949, -17.014295699999909 ], [ -65.568993899999924, -17.016780599999912 ], [ -65.563891799999936, -17.019201599999906 ], [ -65.560970299999923, -17.020520599999912 ], [ -65.554830799999905, -17.023648199999911 ], [ -65.553782899999902, -17.024184599999913 ], [ -65.542954099999932, -17.026784599999907 ], [ -65.5396436999999, -17.027005799999912 ], [ -65.530519999999896, -17.028312899999911 ], [ -65.520919499999906, -17.02997459999991 ], [ -65.513551799999902, -17.03174419999991 ], [ -65.508452499999905, -17.03268119999991 ], [ -65.502726599999903, -17.033857899999909 ], [ -65.500005099999896, -17.034380199999909 ], [ -65.497000499999899, -17.03499619999991 ], [ -65.493942399999895, -17.037059099999908 ], [ -65.49138219999989, -17.038744799999908 ], [ -65.489069599999894, -17.04007659999991 ], [ -65.482115399999898, -17.044860299999911 ], [ -65.476986899999901, -17.047831199999912 ], [ -65.4707563999999, -17.050442799999914 ], [ -65.4682750999999, -17.051428599999912 ], [ -65.464164600000061, -17.055093099999898 ], [ -65.462148300000067, -17.056797199999899 ], [ -65.458817100000061, -17.057476999999899 ], [ -65.455250400000068, -17.058061299999899 ], [ -65.450685200000066, -17.058025599999898 ], [ -65.445814300000066, -17.058012999999896 ], [ -65.443419800000072, -17.058069299999897 ], [ -65.43857790000007, -17.058184199999896 ], [ -65.434577200000064, -17.058404399999898 ], [ -65.431267500000061, -17.058638899999899 ], [ -65.424623, -17.059040999999898 ], [ -65.418449800000062, -17.059457499999898 ], [ -65.410718700000061, -17.058997899999898 ] ] } }
]
}
