{
"type": "FeatureCollection",
"crs": { "type": "name", "properties": { "name": "urn:ogc:def:crs:OGC:1.3:CRS84" } },
"features": [
{ "type": "Feature", "properties": { "id": 1440120268, "tags.power": "generator", "Type": "Node", "Country": "BO", "Area": null, "tags.name": null, "tags.generator:type": null, "tags.generator:method": null, "tags.generator:source": "hydro", "tags.generator:output:electricity": null }, "geometry": { "type": "Point", "coordinates": [ -68.444102700000016, -15.7893809 ] } },
{ "type": "Feature", "properties": { "id": 1794678556, "tags.power": "generator", "Type": "Node", "Country": "BO", "Area": null, "tags.name": "Hidroelectrica Boliviana", "tags.generator:type": null, "tags.generator:method": null, "tags.generator:source": "hydro", "tags.generator:output:electricity": null }, "geometry": { "type": "Point", "coordinates": [ -67.7724581, -16.412242199999909 ] } },
{ "type": "Feature", "properties": { "id": 1948792449, "tags.power": "generator", "Type": "Node", "Country": "BO", "Area": null, "tags.name": null, "tags.generator:type": null, "tags.generator:method": null, "tags.generator:source": null, "tags.generator:output:electricity": null }, "geometry": { "type": "Point", "coordinates": [ -60.976972400000278, -16.356194500000012 ] } },
{ "type": "Feature", "properties": { "id": 2503270686, "tags.power": "generator", "Type": "Node", "Country": "BO", "Area": null, "tags.name": null, "tags.generator:type": "horizontal_axis", "tags.generator:method": "wind_turbine", "tags.generator:source": "wind", "tags.generator:output:electricity": "1.5 MW" }, "geometry": { "type": "Point", "coordinates": [ -65.284599399999919, -17.628878400000083 ] } },
{ "type": "Feature", "properties": { "id": 2607448836, "tags.power": "generator", "Type": "Node", "Country": "BO", "Area": null, "tags.name": null, "tags.generator:type": "horizontal_axis", "tags.generator:method": "wind_turbine", "tags.generator:source": "wind", "tags.generator:output:electricity": "1.5 MW" }, "geometry": { "type": "Point", "coordinates": [ -65.283500300000028, -17.6297865 ] } },
{ "type": "Feature", "properties": { "id": 3578835155, "tags.power": "generator", "Type": "Node", "Country": "BO", "Area": null, "tags.name": "Planta de Generación San Joaquin", "tags.generator:type": null, "tags.generator:method": "run-of-the-river", "tags.generator:source": "hydro", "tags.generator:output:electricity": "yes" }, "geometry": { "type": "Point", "coordinates": [ -65.822666700000042, -17.266880799999878 ] } },
{ "type": "Feature", "properties": { "id": 4675250992, "tags.power": "generator", "Type": "Node", "Country": "BO", "Area": null, "tags.name": "Antigua Planta Generadora de Electricidad Lupi Lupi", "tags.generator:type": null, "tags.generator:method": null, "tags.generator:source": null, "tags.generator:output:electricity": null }, "geometry": { "type": "Point", "coordinates": [ -66.509951299999699, -18.3720869 ] } },
{ "type": "Feature", "properties": { "id": 5091091767, "tags.power": "generator", "Type": "Node", "Country": "BO", "Area": null, "tags.name": null, "tags.generator:type": "pelton_turbine", "tags.generator:method": "water-storage", "tags.generator:source": "hydro", "tags.generator:output:electricity": "40 NW" }, "geometry": { "type": "Point", "coordinates": [ -66.262651299999575, -17.313921900000029 ] } },
{ "type": "Feature", "properties": { "id": 5091091768, "tags.power": "generator", "Type": "Node", "Country": "BO", "Area": null, "tags.name": null, "tags.generator:type": "pelton_turbine", "tags.generator:method": "water-storage", "tags.generator:source": "hydro", "tags.generator:output:electricity": "40 NW" }, "geometry": { "type": "Point", "coordinates": [ -66.262578099999573, -17.313871300000027 ] } },
{ "type": "Feature", "properties": { "id": 5091091769, "tags.power": "generator", "Type": "Node", "Country": "BO", "Area": null, "tags.name": null, "tags.generator:type": "pelton_turbine", "tags.generator:method": "water-storage", "tags.generator:source": "hydro", "tags.generator:output:electricity": "40 NW" }, "geometry": { "type": "Point", "coordinates": [ -66.262499699999566, -17.313817 ] } },
{ "type": "Feature", "properties": { "id": 5112046113, "tags.power": "generator", "Type": "Node", "Country": "BO", "Area": null, "tags.name": null, "tags.generator:type": "horizontal_axis", "tags.generator:method": "wind_turbine", "tags.generator:source": "wind", "tags.generator:output:electricity": "3 MW" }, "geometry": { "type": "Point", "coordinates": [ -65.278620200000063, -17.63537320000005 ] } },
{ "type": "Feature", "properties": { "id": 5112046114, "tags.power": "generator", "Type": "Node", "Country": "BO", "Area": null, "tags.name": null, "tags.generator:type": "horizontal_axis", "tags.generator:method": "wind_turbine", "tags.generator:source": "wind", "tags.generator:output:electricity": "3 MW" }, "geometry": { "type": "Point", "coordinates": [ -65.280361400000061, -17.63567570000005 ] } },
{ "type": "Feature", "properties": { "id": 5112046115, "tags.power": "generator", "Type": "Node", "Country": "BO", "Area": null, "tags.name": null, "tags.generator:type": "horizontal_axis", "tags.generator:method": "wind_turbine", "tags.generator:source": "wind", "tags.generator:output:electricity": "3 MW" }, "geometry": { "type": "Point", "coordinates": [ -65.279333500000064, -17.631718 ] } },
{ "type": "Feature", "properties": { "id": 5112046116, "tags.power": "generator", "Type": "Node", "Country": "BO", "Area": null, "tags.name": null, "tags.generator:type": "horizontal_axis", "tags.generator:method": "wind_turbine", "tags.generator:source": "wind", "tags.generator:output:electricity": "3 MW" }, "geometry": { "type": "Point", "coordinates": [ -65.276844500000067, -17.633746300000048 ] } },
{ "type": "Feature", "properties": { "id": 5112046117, "tags.power": "generator", "Type": "Node", "Country": "BO", "Area": null, "tags.name": null, "tags.generator:type": "horizontal_axis", "tags.generator:method": "wind_turbine", "tags.generator:source": "wind", "tags.generator:output:electricity": "3 MW" }, "geometry": { "type": "Point", "coordinates": [ -65.274634100000071, -17.633465400000048 ] } },
{ "type": "Feature", "properties": { "id": 5112046118, "tags.power": "generator", "Type": "Node", "Country": "BO", "Area": null, "tags.name": null, "tags.generator:type": "horizontal_axis", "tags.generator:method": "wind_turbine", "tags.generator:source": "wind", "tags.generator:output:electricity": "3 MW" }, "geometry": { "type": "Point", "coordinates": [ -65.274927500000075, -17.629775300000048 ] } },
{ "type": "Feature", "properties": { "id": 5123436490, "tags.power": "generator", "Type": "Node", "Country": "BO", "Area": null, "tags.name": "VHE-08", "tags.generator:type": "combined_cycle", "tags.generator:method": "combustion", "tags.generator:source": "gas", "tags.generator:output:electricity": "10.58 MW" }, "geometry": { "type": "Point", "coordinates": [ -66.116686400000404, -17.430579100000092 ] } },
{ "type": "Feature", "properties": { "id": 5123436491, "tags.power": "generator", "Type": "Node", "Country": "BO", "Area": null, "tags.name": "VHE-07", "tags.generator:type": "combined_cycle", "tags.generator:method": "combustion", "tags.generator:source": "gas", "tags.generator:output:electricity": "10.58 MW" }, "geometry": { "type": "Point", "coordinates": [ -66.116771800000407, -17.430613300000093 ] } },
{ "type": "Feature", "properties": { "id": 5123436492, "tags.power": "generator", "Type": "Node", "Country": "BO", "Area": null, "tags.name": "VHE-06", "tags.generator:type": "combined_cycle", "tags.generator:method": "combustion", "tags.generator:source": "gas", "tags.generator:output:electricity": "10.58 MW" }, "geometry": { "type": "Point", "coordinates": [ -66.116857100000402, -17.430656700000092 ] } },
{ "type": "Feature", "properties": { "id": 5123436493, "tags.power": "generator", "Type": "Node", "Country": "BO", "Area": null, "tags.name": "VHE-05", "tags.generator:type": "combined_cycle", "tags.generator:method": "combustion", "tags.generator:source": "gas", "tags.generator:output:electricity": "10.58 MW" }, "geometry": { "type": "Point", "coordinates": [ -66.116946600000404, -17.430691600000092 ] } },
{ "type": "Feature", "properties": { "id": 5123436494, "tags.power": "generator", "Type": "Node", "Country": "BO", "Area": null, "tags.name": "VHE-01", "tags.generator:type": "combined_cycle", "tags.generator:method": "combustion", "tags.generator:source": "gas", "tags.generator:output:electricity": "18.52 MW" }, "geometry": { "type": "Point", "coordinates": [ -66.117052100000407, -17.430464500000092 ] } },
{ "type": "Feature", "properties": { "id": 5123436495, "tags.power": "generator", "Type": "Node", "Country": "BO", "Area": null, "tags.name": "VHE-02", "tags.generator:type": "combined_cycle", "tags.generator:method": "combustion", "tags.generator:source": "gas", "tags.generator:output:electricity": "18.63 MW" }, "geometry": { "type": "Point", "coordinates": [ -66.117135400000407, -17.430301600000092 ] } },
{ "type": "Feature", "properties": { "id": 5123436496, "tags.power": "generator", "Type": "Node", "Country": "BO", "Area": null, "tags.name": "VHE-03", "tags.generator:type": "combined_cycle", "tags.generator:method": "combustion", "tags.generator:source": "gas", "tags.generator:output:electricity": "18.63 MW" }, "geometry": { "type": "Point", "coordinates": [ -66.117212600000414, -17.430140600000094 ] } },
{ "type": "Feature", "properties": { "id": 5123436497, "tags.power": "generator", "Type": "Node", "Country": "BO", "Area": null, "tags.name": "VHE-04", "tags.generator:type": "combined_cycle", "tags.generator:method": "combustion", "tags.generator:source": "gas", "tags.generator:output:electricity": "18.63 MW" }, "geometry": { "type": "Point", "coordinates": [ -66.117283800000408, -17.429964100000095 ] } },
{ "type": "Feature", "properties": { "id": 6418500811, "tags.power": "generator", "Type": "Node", "Country": "BO", "Area": null, "tags.name": null, "tags.generator:type": "steam_generator", "tags.generator:method": "thermal", "tags.generator:source": "geothermal", "tags.generator:output:electricity": null }, "geometry": { "type": "Point", "coordinates": [ -67.757321100000141, -22.4265803 ] } },
{ "type": "Feature", "properties": { "id": 6659224640, "tags.power": "generator", "Type": "Node", "Country": "BO", "Area": null, "tags.name": null, "tags.generator:type": "horizontal_axis", "tags.generator:method": "wind_turbine", "tags.generator:source": "wind", "tags.generator:output:electricity": "3 MW" }, "geometry": { "type": "Point", "coordinates": [ -65.272343599999815, -17.630853799999958 ] } },
{ "type": "Feature", "properties": { "id": 6659224641, "tags.power": "generator", "Type": "Node", "Country": "BO", "Area": null, "tags.name": null, "tags.generator:type": "horizontal_axis", "tags.generator:method": "wind_turbine", "tags.generator:source": "wind", "tags.generator:output:electricity": "3 MW" }, "geometry": { "type": "Point", "coordinates": [ -65.270845999999821, -17.631606 ] } },
{ "type": "Feature", "properties": { "id": 6734018736, "tags.power": "generator", "Type": "Node", "Country": "BO", "Area": null, "tags.name": null, "tags.generator:type": "combined_cycle", "tags.generator:method": "combustion", "tags.generator:source": "gas", "tags.generator:output:electricity": "60 MW" }, "geometry": { "type": "Point", "coordinates": [ -63.559057900000056, -21.6948719 ] } },
{ "type": "Feature", "properties": { "id": 6734018737, "tags.power": "generator", "Type": "Node", "Country": "BO", "Area": null, "tags.name": null, "tags.generator:type": "combined_cycle", "tags.generator:method": "combustion", "tags.generator:source": "gas", "tags.generator:output:electricity": "60 MW" }, "geometry": { "type": "Point", "coordinates": [ -63.559351800000059, -21.6948253 ] } },
{ "type": "Feature", "properties": { "id": 6734018738, "tags.power": "generator", "Type": "Node", "Country": "BO", "Area": null, "tags.name": null, "tags.generator:type": "combined_cycle", "tags.generator:method": "combustion", "tags.generator:source": "gas", "tags.generator:output:electricity": "60 MW" }, "geometry": { "type": "Point", "coordinates": [ -63.559929, -21.6947337 ] } },
{ "type": "Feature", "properties": { "id": 6734018741, "tags.power": "generator", "Type": "Node", "Country": "BO", "Area": null, "tags.name": null, "tags.generator:type": "combined_cycle", "tags.generator:method": "combustion", "tags.generator:source": "gas", "tags.generator:output:electricity": "60 MW" }, "geometry": { "type": "Point", "coordinates": [ -63.560226800000059, -21.6946865 ] } },
{ "type": "Feature", "properties": { "id": 6734018749, "tags.power": "generator", "Type": "Node", "Country": "BO", "Area": null, "tags.name": null, "tags.generator:type": "combined_cycle", "tags.generator:method": "combustion", "tags.generator:source": "gas", "tags.generator:output:electricity": "60 MW" }, "geometry": { "type": "Point", "coordinates": [ -63.561653800000059, -21.6944601 ] } },
{ "type": "Feature", "properties": { "id": 6734018750, "tags.power": "generator", "Type": "Node", "Country": "BO", "Area": null, "tags.name": null, "tags.generator:type": "combined_cycle", "tags.generator:method": "combustion", "tags.generator:source": "gas", "tags.generator:output:electricity": "60 MW" }, "geometry": { "type": "Point", "coordinates": [ -63.561946200000058, -21.6944137 ] } },
{ "type": "Feature", "properties": { "id": 6734018751, "tags.power": "generator", "Type": "Node", "Country": "BO", "Area": null, "tags.name": null, "tags.generator:type": "combined_cycle", "tags.generator:method": "combustion", "tags.generator:source": "gas", "tags.generator:output:electricity": "60 MW" }, "geometry": { "type": "Point", "coordinates": [ -63.562342400000055, -21.6943509 ] } },
{ "type": "Feature", "properties": { "id": 6734018752, "tags.power": "generator", "Type": "Node", "Country": "BO", "Area": null, "tags.name": null, "tags.generator:type": "combined_cycle", "tags.generator:method": "combustion", "tags.generator:source": "gas", "tags.generator:output:electricity": "60 MW" }, "geometry": { "type": "Point", "coordinates": [ -63.562631700000054, -21.694305 ] } },
{ "type": "Feature", "properties": { "id": 6758215228, "tags.power": "generator", "Type": "Node", "Country": "BO", "Area": null, "tags.name": null, "tags.generator:type": "gas_turbine", "tags.generator:method": "thermal", "tags.generator:source": "gas", "tags.generator:output:electricity": "17.5 MW" }, "geometry": { "type": "Point", "coordinates": [ -68.183349800000201, -16.565066500000043 ] } },
{ "type": "Feature", "properties": { "id": 6758215229, "tags.power": "generator", "Type": "Node", "Country": "BO", "Area": null, "tags.name": null, "tags.generator:type": "gas_turbine", "tags.generator:method": "thermal", "tags.generator:source": "gas", "tags.generator:output:electricity": "32.35 MW" }, "geometry": { "type": "Point", "coordinates": [ -68.183224200000197, -16.565122600000041 ] } },
{ "type": "Feature", "properties": { "id": 7118444500, "tags.power": "generator", "Type": "Node", "Country": "BO", "Area": null, "tags.name": null, "tags.generator:type": null, "tags.generator:method": null, "tags.generator:source": "hydro", "tags.generator:output:electricity": "yes" }, "geometry": { "type": "Point", "coordinates": [ -65.217985099999964, -17.631297300000107 ] } },
{ "type": "Feature", "properties": { "id": 7138506638, "tags.power": "generator", "Type": "Node", "Country": "BO", "Area": null, "tags.name": null, "tags.generator:type": "steam_generator", "tags.generator:method": "thermal", "tags.generator:source": "geothermal", "tags.generator:output:electricity": "yes" }, "geometry": { "type": "Point", "coordinates": [ -67.750511200000204, -22.425582500000029 ] } },
{ "type": "Feature", "properties": { "id": 7138506639, "tags.power": "generator", "Type": "Node", "Country": "BO", "Area": null, "tags.name": null, "tags.generator:type": "steam_generator", "tags.generator:method": "thermal", "tags.generator:source": "geothermal", "tags.generator:output:electricity": null }, "geometry": { "type": "Point", "coordinates": [ -67.749015500000198, -22.431427100000029 ] } },
{ "type": "Feature", "properties": { "id": 7138506672, "tags.power": "generator", "Type": "Node", "Country": "BO", "Area": null, "tags.name": null, "tags.generator:type": "steam_generator", "tags.generator:method": "thermal", "tags.generator:source": "geothermal", "tags.generator:output:electricity": null }, "geometry": { "type": "Point", "coordinates": [ -67.763804100000215, -22.423906400000025 ] } },
{ "type": "Feature", "properties": { "id": 7209745930, "tags.power": "generator", "Type": "Node", "Country": "BO", "Area": null, "tags.name": null, "tags.generator:type": "vertical_axis", "tags.generator:method": "wind_turbine", "tags.generator:source": "wind", "tags.generator:output:electricity": "30 kW" }, "geometry": { "type": "Point", "coordinates": [ -68.252322399999869, -21.232239800000073 ] } },
{ "type": "Feature", "properties": { "id": 7241733098, "tags.power": "generator", "Type": "Node", "Country": "BO", "Area": null, "tags.name": null, "tags.generator:type": "horizontal_axis", "tags.generator:method": "water-storage", "tags.generator:source": "hydro", "tags.generator:output:electricity": "yes" }, "geometry": { "type": "Point", "coordinates": [ -65.823197100000073, -17.191590799999933 ] } },
{ "type": "Feature", "properties": { "id": 8245854632, "tags.power": "generator", "Type": "Node", "Country": "BO", "Area": null, "tags.name": null, "tags.generator:type": null, "tags.generator:method": "water-storage", "tags.generator:source": "hydro", "tags.generator:output:electricity": "yes" }, "geometry": { "type": "Point", "coordinates": [ -68.109593400000207, -16.131798600000032 ] } },
{ "type": "Feature", "properties": { "id": 8245854646, "tags.power": "generator", "Type": "Node", "Country": "BO", "Area": null, "tags.name": null, "tags.generator:type": null, "tags.generator:method": "water-storage", "tags.generator:source": "hydro", "tags.generator:output:electricity": "yes" }, "geometry": { "type": "Point", "coordinates": [ -68.109600900000189, -16.13172820000004 ] } },
{ "type": "Feature", "properties": { "id": 8245854647, "tags.power": "generator", "Type": "Node", "Country": "BO", "Area": null, "tags.name": null, "tags.generator:type": null, "tags.generator:method": "water-storage", "tags.generator:source": "hydro", "tags.generator:output:electricity": "yes" }, "geometry": { "type": "Point", "coordinates": [ -68.109610900000192, -16.13165790000004 ] } },
{ "type": "Feature", "properties": { "id": 8264490941, "tags.power": "generator", "Type": "Node", "Country": "BO", "Area": null, "tags.name": null, "tags.generator:type": null, "tags.generator:method": null, "tags.generator:source": null, "tags.generator:output:electricity": null }, "geometry": { "type": "Point", "coordinates": [ -68.777072699999707, -11.0463526 ] } },
{ "type": "Feature", "properties": { "id": 8902491731, "tags.power": "generator", "Type": "Node", "Country": "BO", "Area": null, "tags.name": null, "tags.generator:type": "horizontal_axis", "tags.generator:method": "wind_turbine", "tags.generator:source": "wind", "tags.generator:output:electricity": "3450 kW" }, "geometry": { "type": "Point", "coordinates": [ -63.132858799999681, -17.526713399999839 ] } },
{ "type": "Feature", "properties": { "id": 8902491732, "tags.power": "generator", "Type": "Node", "Country": "BO", "Area": null, "tags.name": null, "tags.generator:type": "horizontal_axis", "tags.generator:method": "wind_turbine", "tags.generator:source": "wind", "tags.generator:output:electricity": "3450 kW" }, "geometry": { "type": "Point", "coordinates": [ -63.130995499999685, -17.52421149999984 ] } },
{ "type": "Feature", "properties": { "id": 8902491733, "tags.power": "generator", "Type": "Node", "Country": "BO", "Area": null, "tags.name": null, "tags.generator:type": "horizontal_axis", "tags.generator:method": "wind_turbine", "tags.generator:source": "wind", "tags.generator:output:electricity": "3450 kW" }, "geometry": { "type": "Point", "coordinates": [ -63.128825599999686, -17.521301699999839 ] } },
{ "type": "Feature", "properties": { "id": 8902491734, "tags.power": "generator", "Type": "Node", "Country": "BO", "Area": null, "tags.name": null, "tags.generator:type": "horizontal_axis", "tags.generator:method": "wind_turbine", "tags.generator:source": "wind", "tags.generator:output:electricity": "3450 kW" }, "geometry": { "type": "Point", "coordinates": [ -63.126884599999684, -17.518859799999838 ] } },
{ "type": "Feature", "properties": { "id": 9130444054, "tags.power": "generator", "Type": "Node", "Country": "BO", "Area": null, "tags.name": "Planta Solar Fotovoltáica Yunchará", "tags.generator:type": "solar_photovoltaic_panel", "tags.generator:method": "photovoltaic", "tags.generator:source": "solar", "tags.generator:output:electricity": "5 MW" }, "geometry": { "type": "Point", "coordinates": [ -65.10043670000006, -21.837096499999941 ] } },
{ "type": "Feature", "properties": { "id": 9130609908, "tags.power": "generator", "Type": "Node", "Country": "BO", "Area": null, "tags.name": null, "tags.generator:type": "wind_turbine", "tags.generator:method": "wind_turbine", "tags.generator:source": "wind", "tags.generator:output:electricity": "3.6 MW" }, "geometry": { "type": "Point", "coordinates": [ -63.1425557, -18.382616 ] } },
{ "type": "Feature", "properties": { "id": 9130609909, "tags.power": "generator", "Type": "Node", "Country": "BO", "Area": null, "tags.name": null, "tags.generator:type": "wind_turbine", "tags.generator:method": "wind_turbine", "tags.generator:source": "wind", "tags.generator:output:electricity": "3.6 MW" }, "geometry": { "type": "Point", "coordinates": [ -63.1396239, -18.381673 ] } },
{ "type": "Feature", "properties": { "id": 9130609910, "tags.power": "generator", "Type": "Node", "Country": "BO", "Area": null, "tags.name": null, "tags.generator:type": "wind_turbine", "tags.generator:method": "wind_turbine", "tags.generator:source": "wind", "tags.generator:output:electricity": "3.6 MW" }, "geometry": { "type": "Point", "coordinates": [ -63.1366751, -18.380724499999921 ] } },
{ "type": "Feature", "properties": { "id": 9130609911, "tags.power": "generator", "Type": "Node", "Country": "BO", "Area": null, "tags.name": null, "tags.generator:type": "wind_turbine", "tags.generator:method": "wind_turbine", "tags.generator:source": "wind", "tags.generator:output:electricity": "3.6 MW" }, "geometry": { "type": "Point", "coordinates": [ -63.13374, -18.379780499999921 ] } },
{ "type": "Feature", "properties": { "id": 9130609912, "tags.power": "generator", "Type": "Node", "Country": "BO", "Area": null, "tags.name": null, "tags.generator:type": "wind_turbine", "tags.generator:method": "wind_turbine", "tags.generator:source": "wind", "tags.generator:output:electricity": "3.6 MW" }, "geometry": { "type": "Point", "coordinates": [ -63.1307708, -18.37882549999992 ] } },
{ "type": "Feature", "properties": { "id": 9130609913, "tags.power": "generator", "Type": "Node", "Country": "BO", "Area": null, "tags.name": null, "tags.generator:type": "wind_turbine", "tags.generator:method": "wind_turbine", "tags.generator:source": "wind", "tags.generator:output:electricity": "3.6 MW" }, "geometry": { "type": "Point", "coordinates": [ -63.1274909, -18.37777059999992 ] } },
{ "type": "Feature", "properties": { "id": 9130609914, "tags.power": "generator", "Type": "Node", "Country": "BO", "Area": null, "tags.name": null, "tags.generator:type": "wind_turbine", "tags.generator:method": "wind_turbine", "tags.generator:source": "wind", "tags.generator:output:electricity": "3.6 MW" }, "geometry": { "type": "Point", "coordinates": [ -63.1243497, -18.376760199999921 ] } },
{ "type": "Feature", "properties": { "id": 9130609915, "tags.power": "generator", "Type": "Node", "Country": "BO", "Area": null, "tags.name": null, "tags.generator:type": "wind_turbine", "tags.generator:method": "wind_turbine", "tags.generator:source": "wind", "tags.generator:output:electricity": "3.6 MW" }, "geometry": { "type": "Point", "coordinates": [ -63.121462, -18.375831399999921 ] } },
{ "type": "Feature", "properties": { "id": 9130609916, "tags.power": "generator", "Type": "Node", "Country": "BO", "Area": null, "tags.name": null, "tags.generator:type": "wind_turbine", "tags.generator:method": "wind_turbine", "tags.generator:source": "wind", "tags.generator:output:electricity": "3.6 MW" }, "geometry": { "type": "Point", "coordinates": [ -63.1185032, -18.374879699999919 ] } },
{ "type": "Feature", "properties": { "id": 9130610217, "tags.power": "generator", "Type": "Node", "Country": "BO", "Area": null, "tags.name": null, "tags.generator:type": "wind_turbine", "tags.generator:method": "wind_turbine", "tags.generator:source": "wind", "tags.generator:output:electricity": "3.6 MW" }, "geometry": { "type": "Point", "coordinates": [ -63.1140407, -18.373444399999919 ] } },
{ "type": "Feature", "properties": { "id": 9130610218, "tags.power": "generator", "Type": "Node", "Country": "BO", "Area": null, "tags.name": null, "tags.generator:type": "wind_turbine", "tags.generator:method": "wind_turbine", "tags.generator:source": "wind", "tags.generator:output:electricity": "3.6 MW" }, "geometry": { "type": "Point", "coordinates": [ -63.106853599999987, -18.371132599999918 ] } },
{ "type": "Feature", "properties": { "id": 9130610219, "tags.power": "generator", "Type": "Node", "Country": "BO", "Area": null, "tags.name": null, "tags.generator:type": "wind_turbine", "tags.generator:method": "wind_turbine", "tags.generator:source": "wind", "tags.generator:output:electricity": "3.6 MW" }, "geometry": { "type": "Point", "coordinates": [ -63.103820099999986, -18.370168 ] } },
{ "type": "Feature", "properties": { "id": 9130610222, "tags.power": "generator", "Type": "Node", "Country": "BO", "Area": null, "tags.name": null, "tags.generator:type": "wind_turbine", "tags.generator:method": "wind_turbine", "tags.generator:source": "wind", "tags.generator:output:electricity": "3.6 MW" }, "geometry": { "type": "Point", "coordinates": [ -63.1118737, -18.372719599999918 ] } },
{ "type": "Feature", "properties": { "id": 9130610223, "tags.power": "generator", "Type": "Node", "Country": "BO", "Area": null, "tags.name": null, "tags.generator:type": "wind_turbine", "tags.generator:method": "wind_turbine", "tags.generator:source": "wind", "tags.generator:output:electricity": "3.6 MW" }, "geometry": { "type": "Point", "coordinates": [ -63.100336399999989, -18.369016299999917 ] } },
{ "type": "Feature", "properties": { "id": 10274429842, "tags.power": "generator", "Type": "Node", "Country": "BO", "Area": null, "tags.name": null, "tags.generator:type": "solar_thermal_collector", "tags.generator:method": "thermal", "tags.generator:source": "solar", "tags.generator:output:electricity": null }, "geometry": { "type": "Point", "coordinates": [ -66.156959799999925, -17.389569100000035 ] } },
{ "type": "Feature", "properties": { "id": 10790168714, "tags.power": "generator", "Type": "Node", "Country": "BO", "Area": null, "tags.name": null, "tags.generator:type": "horizontal_axis", "tags.generator:method": "wind_turbine", "tags.generator:source": "wind", "tags.generator:output:electricity": "3.6 MW" }, "geometry": { "type": "Point", "coordinates": [ -62.849781899999911, -17.819955499999935 ] } },
{ "type": "Feature", "properties": { "id": 10790168715, "tags.power": "generator", "Type": "Node", "Country": "BO", "Area": null, "tags.name": null, "tags.generator:type": "horizontal_axis", "tags.generator:method": "wind_turbine", "tags.generator:source": "wind", "tags.generator:output:electricity": "3.6 MW" }, "geometry": { "type": "Point", "coordinates": [ -62.847875899999913, -17.817998699999936 ] } },
{ "type": "Feature", "properties": { "id": 10790168716, "tags.power": "generator", "Type": "Node", "Country": "BO", "Area": null, "tags.name": null, "tags.generator:type": "horizontal_axis", "tags.generator:method": "wind_turbine", "tags.generator:source": "wind", "tags.generator:output:electricity": "3.6 MW" }, "geometry": { "type": "Point", "coordinates": [ -62.845350599999911, -17.816767299999935 ] } },
{ "type": "Feature", "properties": { "id": 10790168717, "tags.power": "generator", "Type": "Node", "Country": "BO", "Area": null, "tags.name": null, "tags.generator:type": "horizontal_axis", "tags.generator:method": "wind_turbine", "tags.generator:source": "wind", "tags.generator:output:electricity": "3.6 MW" }, "geometry": { "type": "Point", "coordinates": [ -62.84267639999991, -17.815912 ] } },
{ "type": "Feature", "properties": { "id": 10790168718, "tags.power": "generator", "Type": "Node", "Country": "BO", "Area": null, "tags.name": null, "tags.generator:type": "horizontal_axis", "tags.generator:method": "wind_turbine", "tags.generator:source": "wind", "tags.generator:output:electricity": "3.6 MW" }, "geometry": { "type": "Point", "coordinates": [ -62.839994499999911, -17.815072499999932 ] } },
{ "type": "Feature", "properties": { "id": 10790168719, "tags.power": "generator", "Type": "Node", "Country": "BO", "Area": null, "tags.name": null, "tags.generator:type": "horizontal_axis", "tags.generator:method": "wind_turbine", "tags.generator:source": "wind", "tags.generator:output:electricity": "3.6 MW" }, "geometry": { "type": "Point", "coordinates": [ -62.837302799999911, -17.81422749999993 ] } },
{ "type": "Feature", "properties": { "id": 10790168720, "tags.power": "generator", "Type": "Node", "Country": "BO", "Area": null, "tags.name": null, "tags.generator:type": "horizontal_axis", "tags.generator:method": "wind_turbine", "tags.generator:source": "wind", "tags.generator:output:electricity": "3.6 MW" }, "geometry": { "type": "Point", "coordinates": [ -62.834611799999912, -17.813383599999931 ] } },
{ "type": "Feature", "properties": { "id": 10790168721, "tags.power": "generator", "Type": "Node", "Country": "BO", "Area": null, "tags.name": null, "tags.generator:type": "horizontal_axis", "tags.generator:method": "wind_turbine", "tags.generator:source": "wind", "tags.generator:output:electricity": "3.6 MW" }, "geometry": { "type": "Point", "coordinates": [ -62.831944499999913, -17.812543099999932 ] } },
{ "type": "Feature", "properties": { "id": 10790168722, "tags.power": "generator", "Type": "Node", "Country": "BO", "Area": null, "tags.name": null, "tags.generator:type": "horizontal_axis", "tags.generator:method": "wind_turbine", "tags.generator:source": "wind", "tags.generator:output:electricity": "3.6 MW" }, "geometry": { "type": "Point", "coordinates": [ -62.829804099999912, -17.810778399999933 ] } },
{ "type": "Feature", "properties": { "id": 10790168723, "tags.power": "generator", "Type": "Node", "Country": "BO", "Area": null, "tags.name": null, "tags.generator:type": "horizontal_axis", "tags.generator:method": "wind_turbine", "tags.generator:source": "wind", "tags.generator:output:electricity": "3.6 MW" }, "geometry": { "type": "Point", "coordinates": [ -62.827804899999911, -17.808870899999931 ] } },
{ "type": "Feature", "properties": { "id": 10790168724, "tags.power": "generator", "Type": "Node", "Country": "BO", "Area": null, "tags.name": null, "tags.generator:type": "horizontal_axis", "tags.generator:method": "wind_turbine", "tags.generator:source": "wind", "tags.generator:output:electricity": "3.6 MW" }, "geometry": { "type": "Point", "coordinates": [ -62.825795299999911, -17.806968399999931 ] } },
{ "type": "Feature", "properties": { "id": 10827989527, "tags.power": "generator", "Type": "Node", "Country": "BO", "Area": null, "tags.name": "Planta Solar Fotovoltaica", "tags.generator:type": "solar_photovoltaic_panel", "tags.generator:method": "photovoltaic", "tags.generator:source": "solar", "tags.generator:output:electricity": "50 kW" }, "geometry": { "type": "Point", "coordinates": [ -68.061839399999855, -16.537964599999896 ] } },
{ "type": "Feature", "properties": { "id": 11013016969, "tags.power": "generator", "Type": "Node", "Country": "BO", "Area": null, "tags.name": null, "tags.generator:type": null, "tags.generator:method": null, "tags.generator:source": null, "tags.generator:output:electricity": null }, "geometry": { "type": "Point", "coordinates": [ -68.06858390000005, -16.537896499999924 ] } },
{ "type": "Feature", "properties": { "id": 11119516934, "tags.power": "generator", "Type": "Node", "Country": "BO", "Area": null, "tags.name": null, "tags.generator:type": "solar_photovoltaic_panel", "tags.generator:method": "photovoltaic", "tags.generator:source": "solar", "tags.generator:output:electricity": "825 kW" }, "geometry": { "type": "Point", "coordinates": [ -68.062534700000498, -16.538623600000072 ] } },
{ "type": "Feature", "properties": { "id": 11119516935, "tags.power": "generator", "Type": "Node", "Country": "BO", "Area": null, "tags.name": null, "tags.generator:type": "solar_photovoltaic_panel", "tags.generator:method": "photovoltaic", "tags.generator:source": "solar", "tags.generator:output:electricity": "825 kW" }, "geometry": { "type": "Point", "coordinates": [ -68.062564900000496, -16.538595600000072 ] } },
{ "type": "Feature", "properties": { "id": 11119516936, "tags.power": "generator", "Type": "Node", "Country": "BO", "Area": null, "tags.name": null, "tags.generator:type": "solar_photovoltaic_panel", "tags.generator:method": "photovoltaic", "tags.generator:source": "solar", "tags.generator:output:electricity": "yes" }, "geometry": { "type": "Point", "coordinates": [ -68.062573600000491, -16.538398300000072 ] } },
{ "type": "Feature", "properties": { "id": 11119516937, "tags.power": "generator", "Type": "Node", "Country": "BO", "Area": null, "tags.name": null, "tags.generator:type": "solar_photovoltaic_panel", "tags.generator:method": "photovoltaic", "tags.generator:source": "solar", "tags.generator:output:electricity": "yes" }, "geometry": { "type": "Point", "coordinates": [ -68.062612500000498, -16.538343 ] } },
{ "type": "Feature", "properties": { "id": 11119516938, "tags.power": "generator", "Type": "Node", "Country": "BO", "Area": null, "tags.name": null, "tags.generator:type": "solar_photovoltaic_panel", "tags.generator:method": "photovoltaic", "tags.generator:source": "solar", "tags.generator:output:electricity": "yes" }, "geometry": { "type": "Point", "coordinates": [ -68.061766800000498, -16.537915 ] } },
{ "type": "Feature", "properties": { "id": 11119516939, "tags.power": "generator", "Type": "Node", "Country": "BO", "Area": null, "tags.name": null, "tags.generator:type": "solar_photovoltaic_panel", "tags.generator:method": "photovoltaic", "tags.generator:source": "solar", "tags.generator:output:electricity": "yes" }, "geometry": { "type": "Point", "coordinates": [ -68.061672000000499, -16.537913600000074 ] } },
{ "type": "Feature", "properties": { "id": 11119516940, "tags.power": "generator", "Type": "Node", "Country": "BO", "Area": null, "tags.name": null, "tags.generator:type": "solar_photovoltaic_panel", "tags.generator:method": "photovoltaic", "tags.generator:source": "solar", "tags.generator:output:electricity": "yes" }, "geometry": { "type": "Point", "coordinates": [ -68.061574300000501, -16.537913600000074 ] } },
{ "type": "Feature", "properties": { "id": 11119516941, "tags.power": "generator", "Type": "Node", "Country": "BO", "Area": null, "tags.name": null, "tags.generator:type": "solar_photovoltaic_panel", "tags.generator:method": "photovoltaic", "tags.generator:source": "solar", "tags.generator:output:electricity": "yes" }, "geometry": { "type": "Point", "coordinates": [ -68.061476500000495, -16.537912200000076 ] } },
{ "type": "Feature", "properties": { "id": 11119516942, "tags.power": "generator", "Type": "Node", "Country": "BO", "Area": null, "tags.name": null, "tags.generator:type": "solar_photovoltaic_panel", "tags.generator:method": "photovoltaic", "tags.generator:source": "solar", "tags.generator:output:electricity": "yes" }, "geometry": { "type": "Point", "coordinates": [ -68.061475900000488, -16.537973300000075 ] } },
{ "type": "Feature", "properties": { "id": 11119516943, "tags.power": "generator", "Type": "Node", "Country": "BO", "Area": null, "tags.name": null, "tags.generator:type": "solar_photovoltaic_panel", "tags.generator:method": "photovoltaic", "tags.generator:source": "solar", "tags.generator:output:electricity": "yes" }, "geometry": { "type": "Point", "coordinates": [ -68.061572500000494, -16.537974200000075 ] } },
{ "type": "Feature", "properties": { "id": 11119516944, "tags.power": "generator", "Type": "Node", "Country": "BO", "Area": null, "tags.name": null, "tags.generator:type": "solar_photovoltaic_panel", "tags.generator:method": "photovoltaic", "tags.generator:source": "solar", "tags.generator:output:electricity": "yes" }, "geometry": { "type": "Point", "coordinates": [ -68.0616715000005, -16.537975600000074 ] } },
{ "type": "Feature", "properties": { "id": 11119516945, "tags.power": "generator", "Type": "Node", "Country": "BO", "Area": null, "tags.name": null, "tags.generator:type": "solar_photovoltaic_panel", "tags.generator:method": "photovoltaic", "tags.generator:source": "solar", "tags.generator:output:electricity": "yes" }, "geometry": { "type": "Point", "coordinates": [ -68.061768300000494, -16.537977600000072 ] } },
{ "type": "Feature", "properties": { "id": 11419208934, "tags.power": "generator", "Type": "Node", "Country": "BO", "Area": null, "tags.name": null, "tags.generator:type": null, "tags.generator:method": null, "tags.generator:source": "gas", "tags.generator:output:electricity": null }, "geometry": { "type": "Point", "coordinates": [ -67.364185800000214, -20.5777901 ] } },
{ "type": "Feature", "properties": { "id": 11419208935, "tags.power": "generator", "Type": "Node", "Country": "BO", "Area": null, "tags.name": null, "tags.generator:type": null, "tags.generator:method": null, "tags.generator:source": "gas", "tags.generator:output:electricity": null }, "geometry": { "type": "Point", "coordinates": [ -67.364117300000217, -20.5777901 ] } },
{ "type": "Feature", "properties": { "id": 11419208936, "tags.power": "generator", "Type": "Node", "Country": "BO", "Area": null, "tags.name": null, "tags.generator:type": null, "tags.generator:method": null, "tags.generator:source": "gas", "tags.generator:output:electricity": null }, "geometry": { "type": "Point", "coordinates": [ -67.364048800000219, -20.5777901 ] } },
{ "type": "Feature", "properties": { "id": 11419208937, "tags.power": "generator", "Type": "Node", "Country": "BO", "Area": null, "tags.name": null, "tags.generator:type": null, "tags.generator:method": null, "tags.generator:source": "gas", "tags.generator:output:electricity": null }, "geometry": { "type": "Point", "coordinates": [ -67.363975900000213, -20.5777901 ] } },
{ "type": "Feature", "properties": { "id": 11419208938, "tags.power": "generator", "Type": "Node", "Country": "BO", "Area": null, "tags.name": null, "tags.generator:type": null, "tags.generator:method": null, "tags.generator:source": "gas", "tags.generator:output:electricity": null }, "geometry": { "type": "Point", "coordinates": [ -67.364186900000206, -20.5779701 ] } },
{ "type": "Feature", "properties": { "id": 11419208939, "tags.power": "generator", "Type": "Node", "Country": "BO", "Area": null, "tags.name": null, "tags.generator:type": null, "tags.generator:method": null, "tags.generator:source": "gas", "tags.generator:output:electricity": null }, "geometry": { "type": "Point", "coordinates": [ -67.364118400000208, -20.5779701 ] } },
{ "type": "Feature", "properties": { "id": 11419208940, "tags.power": "generator", "Type": "Node", "Country": "BO", "Area": null, "tags.name": null, "tags.generator:type": null, "tags.generator:method": null, "tags.generator:source": "gas", "tags.generator:output:electricity": null }, "geometry": { "type": "Point", "coordinates": [ -67.364049900000211, -20.5779701 ] } },
{ "type": "Feature", "properties": { "id": 11419208941, "tags.power": "generator", "Type": "Node", "Country": "BO", "Area": null, "tags.name": null, "tags.generator:type": null, "tags.generator:method": null, "tags.generator:source": "gas", "tags.generator:output:electricity": null }, "geometry": { "type": "Point", "coordinates": [ -67.363977000000204, -20.5779701 ] } },
{ "type": "Feature", "properties": { "id": 11455026195, "tags.power": "generator", "Type": "Node", "Country": "BO", "Area": null, "tags.name": null, "tags.generator:type": null, "tags.generator:method": "combustion", "tags.generator:source": "gas", "tags.generator:output:electricity": null }, "geometry": { "type": "Point", "coordinates": [ -57.889667599999605, -19.143429700000052 ] } },
{ "type": "Feature", "properties": { "id": 11455026196, "tags.power": "generator", "Type": "Node", "Country": "BO", "Area": null, "tags.name": null, "tags.generator:type": null, "tags.generator:method": "combustion", "tags.generator:source": "gas", "tags.generator:output:electricity": null }, "geometry": { "type": "Point", "coordinates": [ -57.889716799999604, -19.143475400000053 ] } },
{ "type": "Feature", "properties": { "id": 11455026197, "tags.power": "generator", "Type": "Node", "Country": "BO", "Area": null, "tags.name": null, "tags.generator:type": null, "tags.generator:method": "combustion", "tags.generator:source": "gas", "tags.generator:output:electricity": null }, "geometry": { "type": "Point", "coordinates": [ -57.889767699999602, -19.143522800000053 ] } },
{ "type": "Feature", "properties": { "id": 11455026198, "tags.power": "generator", "Type": "Node", "Country": "BO", "Area": null, "tags.name": null, "tags.generator:type": null, "tags.generator:method": "combustion", "tags.generator:source": "gas", "tags.generator:output:electricity": null }, "geometry": { "type": "Point", "coordinates": [ -57.889815099999602, -19.143566800000052 ] } },
{ "type": "Feature", "properties": { "id": 11455026199, "tags.power": "generator", "Type": "Node", "Country": "BO", "Area": null, "tags.name": null, "tags.generator:type": null, "tags.generator:method": "combustion", "tags.generator:source": "gas", "tags.generator:output:electricity": null }, "geometry": { "type": "Point", "coordinates": [ -57.889862499999602, -19.143611 ] } },
{ "type": "Feature", "properties": { "id": 11455026200, "tags.power": "generator", "Type": "Node", "Country": "BO", "Area": null, "tags.name": null, "tags.generator:type": null, "tags.generator:method": "combustion", "tags.generator:source": "gas", "tags.generator:output:electricity": null }, "geometry": { "type": "Point", "coordinates": [ -57.8899133999996, -19.143658300000052 ] } },
{ "type": "Feature", "properties": { "id": 11455026201, "tags.power": "generator", "Type": "Node", "Country": "BO", "Area": null, "tags.name": null, "tags.generator:type": null, "tags.generator:method": "combustion", "tags.generator:source": "gas", "tags.generator:output:electricity": null }, "geometry": { "type": "Point", "coordinates": [ -57.889958299999599, -19.1437 ] } },
{ "type": "Feature", "properties": { "id": 11455026202, "tags.power": "generator", "Type": "Node", "Country": "BO", "Area": null, "tags.name": null, "tags.generator:type": null, "tags.generator:method": "combustion", "tags.generator:source": "gas", "tags.generator:output:electricity": null }, "geometry": { "type": "Point", "coordinates": [ -57.890005699999598, -19.143744200000054 ] } },
{ "type": "Feature", "properties": { "id": 11455026203, "tags.power": "generator", "Type": "Node", "Country": "BO", "Area": null, "tags.name": null, "tags.generator:type": null, "tags.generator:method": "combustion", "tags.generator:source": "gas", "tags.generator:output:electricity": null }, "geometry": { "type": "Point", "coordinates": [ -57.890053999999601, -19.143789100000053 ] } },
{ "type": "Feature", "properties": { "id": 11455026204, "tags.power": "generator", "Type": "Node", "Country": "BO", "Area": null, "tags.name": null, "tags.generator:type": null, "tags.generator:method": "combustion", "tags.generator:source": "gas", "tags.generator:output:electricity": null }, "geometry": { "type": "Point", "coordinates": [ -57.890101499999602, -19.143833200000053 ] } },
{ "type": "Feature", "properties": { "id": 208259012, "tags.power": "generator", "Type": "Way", "Country": "BO", "Area": 1420.0, "tags.name": null, "tags.generator:type": null, "tags.generator:method": "water-storage", "tags.generator:source": "hydro", "tags.generator:output:electricity": "54 MW" }, "geometry": { "type": "Point", "coordinates": [ -65.875705955269396, -17.212191615575936 ] } },
{ "type": "Feature", "properties": { "id": 212822357, "tags.power": "generator", "Type": "Way", "Country": "BO", "Area": 360.0, "tags.name": "Planta Zongo", "tags.generator:type": null, "tags.generator:method": null, "tags.generator:source": "hydro", "tags.generator:output:electricity": "yes" }, "geometry": { "type": "Point", "coordinates": [ -68.122628251316968, -16.271884659110459 ] } },
{ "type": "Feature", "properties": { "id": 213509896, "tags.power": "generator", "Type": "Way", "Country": "BO", "Area": 850.0, "tags.name": "Hidroelectrica Kuti Kuchu", "tags.generator:type": null, "tags.generator:method": null, "tags.generator:source": null, "tags.generator:output:electricity": null }, "geometry": { "type": "Point", "coordinates": [ -68.115839004338369, -16.14235880990217 ] } },
{ "type": "Feature", "properties": { "id": 216166576, "tags.power": "generator", "Type": "Way", "Country": "BO", "Area": 320.0, "tags.name": null, "tags.generator:type": null, "tags.generator:method": "run-of-the-river", "tags.generator:source": "hydro", "tags.generator:output:electricity": "yes" }, "geometry": { "type": "Point", "coordinates": [ -68.140518182105751, -16.192432390664223 ] } },
{ "type": "Feature", "properties": { "id": 216166578, "tags.power": "generator", "Type": "Way", "Country": "BO", "Area": 210.0, "tags.name": "Hidroelectrica Saynani", "tags.generator:type": null, "tags.generator:method": "run-of-the-river", "tags.generator:source": "hydro", "tags.generator:output:electricity": "yes" }, "geometry": { "type": "Point", "coordinates": [ -68.090017799999984, -16.12391990000005 ] } },
{ "type": "Feature", "properties": { "id": 216166580, "tags.power": "generator", "Type": "Way", "Country": "BO", "Area": 380.0, "tags.name": "Hidroelectrica Chururaqui", "tags.generator:type": null, "tags.generator:method": null, "tags.generator:source": "hydro", "tags.generator:output:electricity": "yes" }, "geometry": { "type": "Point", "coordinates": [ -68.070651035644929, -16.107275542538599 ] } },
{ "type": "Feature", "properties": { "id": 216166583, "tags.power": "generator", "Type": "Way", "Country": "BO", "Area": 340.0, "tags.name": null, "tags.generator:type": null, "tags.generator:method": null, "tags.generator:source": "hydro", "tags.generator:output:electricity": "yes" }, "geometry": { "type": "Point", "coordinates": [ -68.123462362429123, -16.20724093164468 ] } },
{ "type": "Feature", "properties": { "id": 216166585, "tags.power": "generator", "Type": "Way", "Country": "BO", "Area": 490.0, "tags.name": "Hidroelectrica Jarca", "tags.generator:type": null, "tags.generator:method": "run-of-the-river", "tags.generator:source": "hydro", "tags.generator:output:electricity": "yes" }, "geometry": { "type": "Point", "coordinates": [ -68.044330974654727, -16.08865023757917 ] } },
{ "type": "Feature", "properties": { "id": 216170928, "tags.power": "generator", "Type": "Way", "Country": "BO", "Area": 450.0, "tags.name": null, "tags.generator:type": null, "tags.generator:method": "run-of-the-river", "tags.generator:source": "hydro", "tags.generator:output:electricity": "yes" }, "geometry": { "type": "Point", "coordinates": [ -68.014401399999812, -16.056190750000049 ] } },
{ "type": "Feature", "properties": { "id": 216513572, "tags.power": "generator", "Type": "Way", "Country": "BO", "Area": 70.0, "tags.name": null, "tags.generator:type": null, "tags.generator:method": null, "tags.generator:source": "hydro", "tags.generator:output:electricity": null }, "geometry": { "type": "Point", "coordinates": [ -68.228365925156197, -16.072736394075097 ] } },
{ "type": "Feature", "properties": { "id": 258756829, "tags.power": "generator", "Type": "Way", "Country": "BO", "Area": 550.0, "tags.name": null, "tags.generator:type": null, "tags.generator:method": null, "tags.generator:source": "hydro", "tags.generator:output:electricity": "yes" }, "geometry": { "type": "Point", "coordinates": [ -66.848561300816243, -17.349871848956553 ] } },
{ "type": "Feature", "properties": { "id": 297984791, "tags.power": "generator", "Type": "Way", "Country": "BO", "Area": 180.0, "tags.name": null, "tags.generator:type": null, "tags.generator:method": null, "tags.generator:source": "hydro", "tags.generator:output:electricity": null }, "geometry": { "type": "Point", "coordinates": [ -67.324622679679322, -16.925636466504137 ] } },
{ "type": "Feature", "properties": { "id": 316535966, "tags.power": "generator", "Type": "Way", "Country": "BO", "Area": 4880.0, "tags.name": "Central Hidroeléctrica Kilpani", "tags.generator:type": null, "tags.generator:method": null, "tags.generator:source": "hydro", "tags.generator:output:electricity": "yes" }, "geometry": { "type": "Point", "coordinates": [ -66.34825034385112, -19.782232113686305 ] } },
{ "type": "Feature", "properties": { "id": 316535967, "tags.power": "generator", "Type": "Way", "Country": "BO", "Area": 2620.0, "tags.name": "Central Hidroeléctricas Landana", "tags.generator:type": null, "tags.generator:method": null, "tags.generator:source": "hydro", "tags.generator:output:electricity": null }, "geometry": { "type": "Point", "coordinates": [ -66.321306488402357, -19.81684379815767 ] } },
{ "type": "Feature", "properties": { "id": 470661398, "tags.power": "generator", "Type": "Way", "Country": "BO", "Area": 2020.0, "tags.name": "Empresa de Luz y Fuerza Eléctrica de Oruto ELFEO", "tags.generator:type": null, "tags.generator:method": null, "tags.generator:source": null, "tags.generator:output:electricity": null }, "geometry": { "type": "Point", "coordinates": [ -67.100664489861742, -17.952706255089854 ] } },
{ "type": "Feature", "properties": { "id": 684812300, "tags.power": "generator", "Type": "Way", "Country": "BO", "Area": 20260.0, "tags.name": null, "tags.generator:type": "gas_turbine", "tags.generator:method": "thermal", "tags.generator:source": null, "tags.generator:output:electricity": null }, "geometry": { "type": "Point", "coordinates": [ -57.748363808201297, -18.992668095313135 ] } },
{ "type": "Feature", "properties": { "id": 689315560, "tags.power": "generator", "Type": "Way", "Country": "BO", "Area": 180.0, "tags.name": null, "tags.generator:type": "solar_photovoltaic_panel", "tags.generator:method": "photovoltaic", "tags.generator:source": "solar", "tags.generator:output:electricity": "yes" }, "geometry": { "type": "Point", "coordinates": [ -68.77073836440627, -11.082672764850596 ] } },
{ "type": "Feature", "properties": { "id": 689315561, "tags.power": "generator", "Type": "Way", "Country": "BO", "Area": 180.0, "tags.name": null, "tags.generator:type": "solar_photovoltaic_panel", "tags.generator:method": "photovoltaic", "tags.generator:source": "solar", "tags.generator:output:electricity": "yes" }, "geometry": { "type": "Point", "coordinates": [ -68.770733577843401, -11.082985139971628 ] } },
{ "type": "Feature", "properties": { "id": 689315562, "tags.power": "generator", "Type": "Way", "Country": "BO", "Area": 360.0, "tags.name": null, "tags.generator:type": "solar_photovoltaic_panel", "tags.generator:method": "photovoltaic", "tags.generator:source": "solar", "tags.generator:output:electricity": "yes" }, "geometry": { "type": "Point", "coordinates": [ -68.770899274360474, -11.083548350550585 ] } },
{ "type": "Feature", "properties": { "id": 689315563, "tags.power": "generator", "Type": "Way", "Country": "BO", "Area": 180.0, "tags.name": null, "tags.generator:type": "solar_photovoltaic_panel", "tags.generator:method": "photovoltaic", "tags.generator:source": "solar", "tags.generator:output:electricity": "yes" }, "geometry": { "type": "Point", "coordinates": [ -68.770734553358338, -11.082922688904395 ] } },
{ "type": "Feature", "properties": { "id": 689315564, "tags.power": "generator", "Type": "Way", "Country": "BO", "Area": 360.0, "tags.name": null, "tags.generator:type": "solar_photovoltaic_panel", "tags.generator:method": "photovoltaic", "tags.generator:source": "solar", "tags.generator:output:electricity": "yes" }, "geometry": { "type": "Point", "coordinates": [ -68.770898925640054, -11.08361084944954 ] } },
{ "type": "Feature", "properties": { "id": 689315565, "tags.power": "generator", "Type": "Way", "Country": "BO", "Area": 360.0, "tags.name": null, "tags.generator:type": "solar_photovoltaic_panel", "tags.generator:method": "photovoltaic", "tags.generator:source": "solar", "tags.generator:output:electricity": "yes" }, "geometry": { "type": "Point", "coordinates": [ -68.770900250000267, -11.083360900000065 ] } },
{ "type": "Feature", "properties": { "id": 689315566, "tags.power": "generator", "Type": "Way", "Country": "BO", "Area": 360.0, "tags.name": null, "tags.generator:type": "solar_photovoltaic_panel", "tags.generator:method": "photovoltaic", "tags.generator:source": "solar", "tags.generator:output:electricity": "yes" }, "geometry": { "type": "Point", "coordinates": [ -68.770901550000261, -11.083110950000064 ] } },
{ "type": "Feature", "properties": { "id": 689315567, "tags.power": "generator", "Type": "Way", "Country": "BO", "Area": 180.0, "tags.name": null, "tags.generator:type": "solar_photovoltaic_panel", "tags.generator:method": "photovoltaic", "tags.generator:source": "solar", "tags.generator:output:electricity": "yes" }, "geometry": { "type": "Point", "coordinates": [ -68.770736478032475, -11.082797690089746 ] } },
{ "type": "Feature", "properties": { "id": 689315568, "tags.power": "generator", "Type": "Way", "Country": "BO", "Area": 360.0, "tags.name": null, "tags.generator:type": "solar_photovoltaic_panel", "tags.generator:method": "photovoltaic", "tags.generator:source": "solar", "tags.generator:output:electricity": "yes" }, "geometry": { "type": "Point", "coordinates": [ -68.770900900000271, -11.083235950000066 ] } },
{ "type": "Feature", "properties": { "id": 689315569, "tags.power": "generator", "Type": "Way", "Country": "BO", "Area": 180.0, "tags.name": null, "tags.generator:type": "solar_photovoltaic_panel", "tags.generator:method": "photovoltaic", "tags.generator:source": "solar", "tags.generator:output:electricity": "yes" }, "geometry": { "type": "Point", "coordinates": [ -68.770737326962447, -11.082735238358097 ] } },
{ "type": "Feature", "properties": { "id": 689315570, "tags.power": "generator", "Type": "Way", "Country": "BO", "Area": 360.0, "tags.name": null, "tags.generator:type": "solar_photovoltaic_panel", "tags.generator:method": "photovoltaic", "tags.generator:source": "solar", "tags.generator:output:electricity": "yes" }, "geometry": { "type": "Point", "coordinates": [ -68.770899574360485, -11.08348585055059 ] } },
{ "type": "Feature", "properties": { "id": 689315571, "tags.power": "generator", "Type": "Way", "Country": "BO", "Area": 360.0, "tags.name": null, "tags.generator:type": "solar_photovoltaic_panel", "tags.generator:method": "photovoltaic", "tags.generator:source": "solar", "tags.generator:output:electricity": "yes" }, "geometry": { "type": "Point", "coordinates": [ -68.770899800371666, -11.083423373819093 ] } },
{ "type": "Feature", "properties": { "id": 689315572, "tags.power": "generator", "Type": "Way", "Country": "BO", "Area": 360.0, "tags.name": null, "tags.generator:type": "solar_photovoltaic_panel", "tags.generator:method": "photovoltaic", "tags.generator:source": "solar", "tags.generator:output:electricity": "yes" }, "geometry": { "type": "Point", "coordinates": [ -68.770900699628911, -11.083298426181043 ] } },
{ "type": "Feature", "properties": { "id": 689315573, "tags.power": "generator", "Type": "Way", "Country": "BO", "Area": 360.0, "tags.name": null, "tags.generator:type": "solar_photovoltaic_panel", "tags.generator:method": "photovoltaic", "tags.generator:source": "solar", "tags.generator:output:electricity": "yes" }, "geometry": { "type": "Point", "coordinates": [ -68.770898750888378, -11.083673325078554 ] } },
{ "type": "Feature", "properties": { "id": 689315574, "tags.power": "generator", "Type": "Way", "Country": "BO", "Area": 180.0, "tags.name": null, "tags.generator:type": "solar_photovoltaic_panel", "tags.generator:method": "photovoltaic", "tags.generator:source": "solar", "tags.generator:output:electricity": "yes" }, "geometry": { "type": "Point", "coordinates": [ -68.770735503357685, -11.082860188947452 ] } },
{ "type": "Feature", "properties": { "id": 689315575, "tags.power": "generator", "Type": "Way", "Country": "BO", "Area": 360.0, "tags.name": null, "tags.generator:type": "solar_photovoltaic_panel", "tags.generator:method": "photovoltaic", "tags.generator:source": "solar", "tags.generator:output:electricity": "yes" }, "geometry": { "type": "Point", "coordinates": [ -68.770901225640074, -11.083173449449541 ] } },
{ "type": "Feature", "properties": { "id": 689315577, "tags.power": "generator", "Type": "Way", "Country": "BO", "Area": 360.0, "tags.name": null, "tags.generator:type": "solar_photovoltaic_panel", "tags.generator:method": "photovoltaic", "tags.generator:source": "solar", "tags.generator:output:electricity": null }, "geometry": { "type": "Point", "coordinates": [ -68.768743450888394, -11.082544625078553 ] } },
{ "type": "Feature", "properties": { "id": 689315580, "tags.power": "generator", "Type": "Way", "Country": "BO", "Area": 360.0, "tags.name": null, "tags.generator:type": "solar_photovoltaic_panel", "tags.generator:method": "photovoltaic", "tags.generator:source": "solar", "tags.generator:output:electricity": null }, "geometry": { "type": "Point", "coordinates": [ -68.768744300000321, -11.082357150000067 ] } },
{ "type": "Feature", "properties": { "id": 689315582, "tags.power": "generator", "Type": "Way", "Country": "BO", "Area": 360.0, "tags.name": null, "tags.generator:type": "solar_photovoltaic_panel", "tags.generator:method": "photovoltaic", "tags.generator:source": "solar", "tags.generator:output:electricity": null }, "geometry": { "type": "Point", "coordinates": [ -68.768741674360498, -11.082857050550592 ] } },
{ "type": "Feature", "properties": { "id": 689315584, "tags.power": "generator", "Type": "Way", "Country": "BO", "Area": 360.0, "tags.name": null, "tags.generator:type": "solar_photovoltaic_panel", "tags.generator:method": "photovoltaic", "tags.generator:source": "solar", "tags.generator:output:electricity": null }, "geometry": { "type": "Point", "coordinates": [ -68.768742000000302, -11.082794550000068 ] } },
{ "type": "Feature", "properties": { "id": 689315587, "tags.power": "generator", "Type": "Way", "Country": "BO", "Area": 360.0, "tags.name": null, "tags.generator:type": "solar_photovoltaic_panel", "tags.generator:method": "photovoltaic", "tags.generator:source": "solar", "tags.generator:output:electricity": null }, "geometry": { "type": "Point", "coordinates": [ -68.76802227437922, -11.08235660055078 ] } },
{ "type": "Feature", "properties": { "id": 689315590, "tags.power": "generator", "Type": "Way", "Country": "BO", "Area": 360.0, "tags.name": null, "tags.generator:type": "solar_photovoltaic_panel", "tags.generator:method": "photovoltaic", "tags.generator:source": "solar", "tags.generator:output:electricity": null }, "geometry": { "type": "Point", "coordinates": [ -68.768741025621367, -11.082981999449357 ] } },
{ "type": "Feature", "properties": { "id": 689315592, "tags.power": "generator", "Type": "Way", "Country": "BO", "Area": 360.0, "tags.name": null, "tags.generator:type": "solar_photovoltaic_panel", "tags.generator:method": "photovoltaic", "tags.generator:source": "solar", "tags.generator:output:electricity": null }, "geometry": { "type": "Point", "coordinates": [ -68.76874397436049, -11.082419650550591 ] } },
{ "type": "Feature", "properties": { "id": 689315595, "tags.power": "generator", "Type": "Way", "Country": "BO", "Area": 360.0, "tags.name": null, "tags.generator:type": "solar_photovoltaic_panel", "tags.generator:method": "photovoltaic", "tags.generator:source": "solar", "tags.generator:output:electricity": null }, "geometry": { "type": "Point", "coordinates": [ -68.768742549112204, -11.082669574921585 ] } },
{ "type": "Feature", "properties": { "id": 689315596, "tags.power": "generator", "Type": "Way", "Country": "BO", "Area": 180.0, "tags.name": null, "tags.generator:type": "solar_photovoltaic_panel", "tags.generator:method": "photovoltaic", "tags.generator:source": "solar", "tags.generator:output:electricity": null }, "geometry": { "type": "Point", "coordinates": [ -68.768912163716209, -11.083107825822427 ] } },
{ "type": "Feature", "properties": { "id": 689315599, "tags.power": "generator", "Type": "Way", "Country": "BO", "Area": 360.0, "tags.name": null, "tags.generator:type": "solar_photovoltaic_panel", "tags.generator:method": "photovoltaic", "tags.generator:source": "solar", "tags.generator:output:electricity": null }, "geometry": { "type": "Point", "coordinates": [ -68.768742974379222, -11.082607100550781 ] } },
{ "type": "Feature", "properties": { "id": 689315601, "tags.power": "generator", "Type": "Way", "Country": "BO", "Area": 360.0, "tags.name": null, "tags.generator:type": "solar_photovoltaic_panel", "tags.generator:method": "photovoltaic", "tags.generator:source": "solar", "tags.generator:output:electricity": null }, "geometry": { "type": "Point", "coordinates": [ -68.768741475268683, -11.082919525629181 ] } },
{ "type": "Feature", "properties": { "id": 689315603, "tags.power": "generator", "Type": "Way", "Country": "BO", "Area": 180.0, "tags.name": null, "tags.generator:type": "solar_photovoltaic_panel", "tags.generator:method": "photovoltaic", "tags.generator:source": "solar", "tags.generator:output:electricity": null }, "geometry": { "type": "Point", "coordinates": [ -68.768911350000252, -11.083170300000068 ] } },
{ "type": "Feature", "properties": { "id": 689315604, "tags.power": "generator", "Type": "Way", "Country": "BO", "Area": 360.0, "tags.name": null, "tags.generator:type": "solar_photovoltaic_panel", "tags.generator:method": "photovoltaic", "tags.generator:source": "solar", "tags.generator:output:electricity": null }, "geometry": { "type": "Point", "coordinates": [ -68.76802180037167, -11.082419073819096 ] } },
{ "type": "Feature", "properties": { "id": 689315605, "tags.power": "generator", "Type": "Way", "Country": "BO", "Area": 360.0, "tags.name": null, "tags.generator:type": "solar_photovoltaic_panel", "tags.generator:method": "photovoltaic", "tags.generator:source": "solar", "tags.generator:output:electricity": null }, "geometry": { "type": "Point", "coordinates": [ -68.768743625640084, -11.082482149449545 ] } },
{ "type": "Feature", "properties": { "id": 689315606, "tags.power": "generator", "Type": "Way", "Country": "BO", "Area": 360.0, "tags.name": null, "tags.generator:type": "solar_photovoltaic_panel", "tags.generator:method": "photovoltaic", "tags.generator:source": "solar", "tags.generator:output:electricity": null }, "geometry": { "type": "Point", "coordinates": [ -68.76874232564009, -11.082732049449547 ] } },
{ "type": "Feature", "properties": { "id": 689315607, "tags.power": "generator", "Type": "Way", "Country": "BO", "Area": 360.0, "tags.name": null, "tags.generator:type": "solar_photovoltaic_panel", "tags.generator:method": "photovoltaic", "tags.generator:source": "solar", "tags.generator:output:electricity": null }, "geometry": { "type": "Point", "coordinates": [ -68.768740574750595, -11.08304447437096 ] } },
{ "type": "Feature", "properties": { "id": 689315608, "tags.power": "generator", "Type": "Way", "Country": "BO", "Area": 360.0, "tags.name": null, "tags.generator:type": "solar_photovoltaic_panel", "tags.generator:method": "photovoltaic", "tags.generator:source": "solar", "tags.generator:output:electricity": null }, "geometry": { "type": "Point", "coordinates": [ -68.76947422564011, -11.082547249449549 ] } },
{ "type": "Feature", "properties": { "id": 689315609, "tags.power": "generator", "Type": "Way", "Country": "BO", "Area": 360.0, "tags.name": null, "tags.generator:type": "solar_photovoltaic_panel", "tags.generator:method": "photovoltaic", "tags.generator:source": "solar", "tags.generator:output:electricity": null }, "geometry": { "type": "Point", "coordinates": [ -68.769475200000315, -11.082359800000072 ] } },
{ "type": "Feature", "properties": { "id": 689315610, "tags.power": "generator", "Type": "Way", "Country": "BO", "Area": 360.0, "tags.name": null, "tags.generator:type": "solar_photovoltaic_panel", "tags.generator:method": "photovoltaic", "tags.generator:source": "solar", "tags.generator:output:electricity": null }, "geometry": { "type": "Point", "coordinates": [ -68.769472574360506, -11.082859650550597 ] } },
{ "type": "Feature", "properties": { "id": 689315611, "tags.power": "generator", "Type": "Way", "Country": "BO", "Area": 360.0, "tags.name": null, "tags.generator:type": "solar_photovoltaic_panel", "tags.generator:method": "photovoltaic", "tags.generator:source": "solar", "tags.generator:output:electricity": null }, "geometry": { "type": "Point", "coordinates": [ -68.769472800371688, -11.082797173819099 ] } },
{ "type": "Feature", "properties": { "id": 689315612, "tags.power": "generator", "Type": "Way", "Country": "BO", "Area": 360.0, "tags.name": null, "tags.generator:type": "solar_photovoltaic_panel", "tags.generator:method": "photovoltaic", "tags.generator:source": "solar", "tags.generator:output:electricity": null }, "geometry": { "type": "Point", "coordinates": [ -68.769470625640096, -11.08323454944955 ] } },
{ "type": "Feature", "properties": { "id": 689315613, "tags.power": "generator", "Type": "Way", "Country": "BO", "Area": 360.0, "tags.name": null, "tags.generator:type": "solar_photovoltaic_panel", "tags.generator:method": "photovoltaic", "tags.generator:source": "solar", "tags.generator:output:electricity": null }, "geometry": { "type": "Point", "coordinates": [ -68.769471925640104, -11.082984649449552 ] } },
{ "type": "Feature", "properties": { "id": 689315614, "tags.power": "generator", "Type": "Way", "Country": "BO", "Area": 360.0, "tags.name": null, "tags.generator:type": "solar_photovoltaic_panel", "tags.generator:method": "photovoltaic", "tags.generator:source": "solar", "tags.generator:output:electricity": null }, "geometry": { "type": "Point", "coordinates": [ -68.769474749112248, -11.082422274921589 ] } },
{ "type": "Feature", "properties": { "id": 689315615, "tags.power": "generator", "Type": "Way", "Country": "BO", "Area": 360.0, "tags.name": null, "tags.generator:type": "solar_photovoltaic_panel", "tags.generator:method": "photovoltaic", "tags.generator:source": "solar", "tags.generator:output:electricity": null }, "geometry": { "type": "Point", "coordinates": [ -68.769473699628932, -11.08267222618105 ] } },
{ "type": "Feature", "properties": { "id": 689315616, "tags.power": "generator", "Type": "Way", "Country": "BO", "Area": 360.0, "tags.name": null, "tags.generator:type": "solar_photovoltaic_panel", "tags.generator:method": "photovoltaic", "tags.generator:source": "solar", "tags.generator:output:electricity": null }, "geometry": { "type": "Point", "coordinates": [ -68.769471274379228, -11.083109600550786 ] } },
{ "type": "Feature", "properties": { "id": 689315617, "tags.power": "generator", "Type": "Way", "Country": "BO", "Area": 360.0, "tags.name": null, "tags.generator:type": "solar_photovoltaic_panel", "tags.generator:method": "photovoltaic", "tags.generator:source": "solar", "tags.generator:output:electricity": null }, "geometry": { "type": "Point", "coordinates": [ -68.769473874360486, -11.082609750550597 ] } },
{ "type": "Feature", "properties": { "id": 689315618, "tags.power": "generator", "Type": "Way", "Country": "BO", "Area": 360.0, "tags.name": null, "tags.generator:type": "solar_photovoltaic_panel", "tags.generator:method": "photovoltaic", "tags.generator:source": "solar", "tags.generator:output:electricity": null }, "geometry": { "type": "Point", "coordinates": [ -68.769472250000263, -11.082922150000075 ] } },
{ "type": "Feature", "properties": { "id": 689315619, "tags.power": "generator", "Type": "Way", "Country": "BO", "Area": 190.0, "tags.name": null, "tags.generator:type": "solar_photovoltaic_panel", "tags.generator:method": "photovoltaic", "tags.generator:source": "solar", "tags.generator:output:electricity": null }, "geometry": { "type": "Point", "coordinates": [ -68.769630400000281, -11.083360350000078 ] } },
{ "type": "Feature", "properties": { "id": 689315620, "tags.power": "generator", "Type": "Way", "Country": "BO", "Area": 190.0, "tags.name": null, "tags.generator:type": "solar_photovoltaic_panel", "tags.generator:method": "photovoltaic", "tags.generator:source": "solar", "tags.generator:output:electricity": null }, "geometry": { "type": "Point", "coordinates": [ -68.769631900000292, -11.083297850000076 ] } },
{ "type": "Feature", "properties": { "id": 689315621, "tags.power": "generator", "Type": "Way", "Country": "BO", "Area": 360.0, "tags.name": null, "tags.generator:type": "solar_photovoltaic_panel", "tags.generator:method": "photovoltaic", "tags.generator:source": "solar", "tags.generator:output:electricity": null }, "geometry": { "type": "Point", "coordinates": [ -68.769470824731883, -11.083172074370967 ] } },
{ "type": "Feature", "properties": { "id": 689315622, "tags.power": "generator", "Type": "Way", "Country": "BO", "Area": 360.0, "tags.name": null, "tags.generator:type": "solar_photovoltaic_panel", "tags.generator:method": "photovoltaic", "tags.generator:source": "solar", "tags.generator:output:electricity": null }, "geometry": { "type": "Point", "coordinates": [ -68.769474550000268, -11.082484750000074 ] } },
{ "type": "Feature", "properties": { "id": 689315623, "tags.power": "generator", "Type": "Way", "Country": "BO", "Area": 360.0, "tags.name": null, "tags.generator:type": "solar_photovoltaic_panel", "tags.generator:method": "photovoltaic", "tags.generator:source": "solar", "tags.generator:output:electricity": null }, "geometry": { "type": "Point", "coordinates": [ -68.76947322562134, -11.082734699449366 ] } },
{ "type": "Feature", "properties": { "id": 689315624, "tags.power": "generator", "Type": "Way", "Country": "BO", "Area": 360.0, "tags.name": null, "tags.generator:type": "solar_photovoltaic_panel", "tags.generator:method": "photovoltaic", "tags.generator:source": "solar", "tags.generator:output:electricity": null }, "geometry": { "type": "Point", "coordinates": [ -68.769471725249971, -11.083047125629188 ] } },
{ "type": "Feature", "properties": { "id": 689315625, "tags.power": "generator", "Type": "Way", "Country": "BO", "Area": 360.0, "tags.name": null, "tags.generator:type": "solar_photovoltaic_panel", "tags.generator:method": "photovoltaic", "tags.generator:source": "solar", "tags.generator:output:electricity": null }, "geometry": { "type": "Point", "coordinates": [ -68.770187674360486, -11.082547250550599 ] } },
{ "type": "Feature", "properties": { "id": 689315626, "tags.power": "generator", "Type": "Way", "Country": "BO", "Area": 360.0, "tags.name": null, "tags.generator:type": "solar_photovoltaic_panel", "tags.generator:method": "photovoltaic", "tags.generator:source": "solar", "tags.generator:output:electricity": null }, "geometry": { "type": "Point", "coordinates": [ -68.770188674379199, -11.08235980055079 ] } },
{ "type": "Feature", "properties": { "id": 689315627, "tags.power": "generator", "Type": "Way", "Country": "BO", "Area": 360.0, "tags.name": null, "tags.generator:type": "solar_photovoltaic_panel", "tags.generator:method": "photovoltaic", "tags.generator:source": "solar", "tags.generator:output:electricity": null }, "geometry": { "type": "Point", "coordinates": [ -68.770186050000262, -11.082859650000074 ] } },
{ "type": "Feature", "properties": { "id": 689315628, "tags.power": "generator", "Type": "Way", "Country": "BO", "Area": 360.0, "tags.name": null, "tags.generator:type": "solar_photovoltaic_panel", "tags.generator:method": "photovoltaic", "tags.generator:source": "solar", "tags.generator:output:electricity": "yes" }, "geometry": { "type": "Point", "coordinates": [ -68.770183250888351, -11.083422025078567 ] } },
{ "type": "Feature", "properties": { "id": 689315629, "tags.power": "generator", "Type": "Way", "Country": "BO", "Area": 360.0, "tags.name": null, "tags.generator:type": "solar_photovoltaic_panel", "tags.generator:method": "photovoltaic", "tags.generator:source": "solar", "tags.generator:output:electricity": null }, "geometry": { "type": "Point", "coordinates": [ -68.7701862491122, -11.082797174921593 ] } },
{ "type": "Feature", "properties": { "id": 689315630, "tags.power": "generator", "Type": "Way", "Country": "BO", "Area": 360.0, "tags.name": null, "tags.generator:type": "solar_photovoltaic_panel", "tags.generator:method": "photovoltaic", "tags.generator:source": "solar", "tags.generator:output:electricity": "yes" }, "geometry": { "type": "Point", "coordinates": [ -68.770182649112186, -11.08348447492159 ] } },
{ "type": "Feature", "properties": { "id": 689315631, "tags.power": "generator", "Type": "Way", "Country": "BO", "Area": 360.0, "tags.name": null, "tags.generator:type": "solar_photovoltaic_panel", "tags.generator:method": "photovoltaic", "tags.generator:source": "solar", "tags.generator:output:electricity": "yes" }, "geometry": { "type": "Point", "coordinates": [ -68.770184100000264, -11.083234550000078 ] } },
{ "type": "Feature", "properties": { "id": 689315632, "tags.power": "generator", "Type": "Way", "Country": "BO", "Area": 360.0, "tags.name": null, "tags.generator:type": "solar_photovoltaic_panel", "tags.generator:method": "photovoltaic", "tags.generator:source": "solar", "tags.generator:output:electricity": null }, "geometry": { "type": "Point", "coordinates": [ -68.770185400000273, -11.082984650000077 ] } },
{ "type": "Feature", "properties": { "id": 689315633, "tags.power": "generator", "Type": "Way", "Country": "BO", "Area": 360.0, "tags.name": null, "tags.generator:type": "solar_photovoltaic_panel", "tags.generator:method": "photovoltaic", "tags.generator:source": "solar", "tags.generator:output:electricity": null }, "geometry": { "type": "Point", "coordinates": [ -68.770188200371649, -11.082422273819105 ] } },
{ "type": "Feature", "properties": { "id": 689315634, "tags.power": "generator", "Type": "Way", "Country": "BO", "Area": 360.0, "tags.name": null, "tags.generator:type": "solar_photovoltaic_panel", "tags.generator:method": "photovoltaic", "tags.generator:source": "solar", "tags.generator:output:electricity": null }, "geometry": { "type": "Point", "coordinates": [ -68.770187150888361, -11.082672225078568 ] } },
{ "type": "Feature", "properties": { "id": 689315635, "tags.power": "generator", "Type": "Way", "Country": "BO", "Area": 360.0, "tags.name": null, "tags.generator:type": "solar_photovoltaic_panel", "tags.generator:method": "photovoltaic", "tags.generator:source": "solar", "tags.generator:output:electricity": "yes" }, "geometry": { "type": "Point", "coordinates": [ -68.770184750000283, -11.083109600000082 ] } },
{ "type": "Feature", "properties": { "id": 689315636, "tags.power": "generator", "Type": "Way", "Country": "BO", "Area": 360.0, "tags.name": null, "tags.generator:type": "solar_photovoltaic_panel", "tags.generator:method": "photovoltaic", "tags.generator:source": "solar", "tags.generator:output:electricity": null }, "geometry": { "type": "Point", "coordinates": [ -68.77018735000027, -11.08260975000008 ] } },
{ "type": "Feature", "properties": { "id": 689315637, "tags.power": "generator", "Type": "Way", "Country": "BO", "Area": 360.0, "tags.name": null, "tags.generator:type": "solar_photovoltaic_panel", "tags.generator:method": "photovoltaic", "tags.generator:source": "solar", "tags.generator:output:electricity": null }, "geometry": { "type": "Point", "coordinates": [ -68.77018572564009, -11.082922149449557 ] } },
{ "type": "Feature", "properties": { "id": 689315638, "tags.power": "generator", "Type": "Way", "Country": "BO", "Area": 360.0, "tags.name": null, "tags.generator:type": "solar_photovoltaic_panel", "tags.generator:method": "photovoltaic", "tags.generator:source": "solar", "tags.generator:output:electricity": "yes" }, "geometry": { "type": "Point", "coordinates": [ -68.770183425640113, -11.083359549449561 ] } },
{ "type": "Feature", "properties": { "id": 689315639, "tags.power": "generator", "Type": "Way", "Country": "BO", "Area": 360.0, "tags.name": null, "tags.generator:type": "solar_photovoltaic_panel", "tags.generator:method": "photovoltaic", "tags.generator:source": "solar", "tags.generator:output:electricity": "yes" }, "geometry": { "type": "Point", "coordinates": [ -68.770183774360504, -11.083297050550604 ] } },
{ "type": "Feature", "properties": { "id": 689315640, "tags.power": "generator", "Type": "Way", "Country": "BO", "Area": 360.0, "tags.name": null, "tags.generator:type": "solar_photovoltaic_panel", "tags.generator:method": "photovoltaic", "tags.generator:source": "solar", "tags.generator:output:electricity": "yes" }, "geometry": { "type": "Point", "coordinates": [ -68.770184300371682, -11.08317207381911 ] } },
{ "type": "Feature", "properties": { "id": 689315641, "tags.power": "generator", "Type": "Way", "Country": "BO", "Area": 180.0, "tags.name": null, "tags.generator:type": "solar_photovoltaic_panel", "tags.generator:method": "photovoltaic", "tags.generator:source": "solar", "tags.generator:output:electricity": "yes" }, "geometry": { "type": "Point", "coordinates": [ -68.770347400000318, -11.083547800000083 ] } },
{ "type": "Feature", "properties": { "id": 689315642, "tags.power": "generator", "Type": "Way", "Country": "BO", "Area": 360.0, "tags.name": null, "tags.generator:type": "solar_photovoltaic_panel", "tags.generator:method": "photovoltaic", "tags.generator:source": "solar", "tags.generator:output:electricity": null }, "geometry": { "type": "Point", "coordinates": [ -68.77018802564011, -11.082484749449558 ] } },
{ "type": "Feature", "properties": { "id": 689315643, "tags.power": "generator", "Type": "Way", "Country": "BO", "Area": 360.0, "tags.name": null, "tags.generator:type": "solar_photovoltaic_panel", "tags.generator:method": "photovoltaic", "tags.generator:source": "solar", "tags.generator:output:electricity": null }, "geometry": { "type": "Point", "coordinates": [ -68.770186700000338, -11.082734700000083 ] } },
{ "type": "Feature", "properties": { "id": 689315644, "tags.power": "generator", "Type": "Way", "Country": "BO", "Area": 360.0, "tags.name": null, "tags.generator:type": "solar_photovoltaic_panel", "tags.generator:method": "photovoltaic", "tags.generator:source": "solar", "tags.generator:output:electricity": null }, "geometry": { "type": "Point", "coordinates": [ -68.769491650000333, -11.081235100000086 ] } },
{ "type": "Feature", "properties": { "id": 689315645, "tags.power": "generator", "Type": "Way", "Country": "BO", "Area": 360.0, "tags.name": null, "tags.generator:type": "solar_photovoltaic_panel", "tags.generator:method": "photovoltaic", "tags.generator:source": "solar", "tags.generator:output:electricity": null }, "geometry": { "type": "Point", "coordinates": [ -68.769492625640126, -11.081047649449559 ] } },
{ "type": "Feature", "properties": { "id": 689315646, "tags.power": "generator", "Type": "Way", "Country": "BO", "Area": 360.0, "tags.name": null, "tags.generator:type": "solar_photovoltaic_panel", "tags.generator:method": "photovoltaic", "tags.generator:source": "solar", "tags.generator:output:electricity": null }, "geometry": { "type": "Point", "coordinates": [ -68.76949015088843, -11.081547525078573 ] } },
{ "type": "Feature", "properties": { "id": 689315647, "tags.power": "generator", "Type": "Way", "Country": "BO", "Area": 360.0, "tags.name": null, "tags.generator:type": "solar_photovoltaic_panel", "tags.generator:method": "photovoltaic", "tags.generator:source": "solar", "tags.generator:output:electricity": null }, "geometry": { "type": "Point", "coordinates": [ -68.769487074360555, -11.082109850550609 ] } },
{ "type": "Feature", "properties": { "id": 689315648, "tags.power": "generator", "Type": "Way", "Country": "BO", "Area": 360.0, "tags.name": null, "tags.generator:type": "solar_photovoltaic_panel", "tags.generator:method": "photovoltaic", "tags.generator:source": "solar", "tags.generator:output:electricity": null }, "geometry": { "type": "Point", "coordinates": [ -68.769490350000339, -11.081485050000087 ] } },
{ "type": "Feature", "properties": { "id": 689315649, "tags.power": "generator", "Type": "Way", "Country": "BO", "Area": 360.0, "tags.name": null, "tags.generator:type": "solar_photovoltaic_panel", "tags.generator:method": "photovoltaic", "tags.generator:source": "solar", "tags.generator:output:electricity": null }, "geometry": { "type": "Point", "coordinates": [ -68.76948675000034, -11.082172350000084 ] } },
{ "type": "Feature", "properties": { "id": 689315650, "tags.power": "generator", "Type": "Way", "Country": "BO", "Area": 360.0, "tags.name": null, "tags.generator:type": "solar_photovoltaic_panel", "tags.generator:method": "photovoltaic", "tags.generator:source": "solar", "tags.generator:output:electricity": null }, "geometry": { "type": "Point", "coordinates": [ -68.769488175268762, -11.0819224256292 ] } },
{ "type": "Feature", "properties": { "id": 689315651, "tags.power": "generator", "Type": "Way", "Country": "BO", "Area": 360.0, "tags.name": null, "tags.generator:type": "solar_photovoltaic_panel", "tags.generator:method": "photovoltaic", "tags.generator:source": "solar", "tags.generator:output:electricity": null }, "geometry": { "type": "Point", "coordinates": [ -68.769489249112297, -11.0816724749216 ] } },
{ "type": "Feature", "properties": { "id": 689315652, "tags.power": "generator", "Type": "Way", "Country": "BO", "Area": 360.0, "tags.name": null, "tags.generator:type": "solar_photovoltaic_panel", "tags.generator:method": "photovoltaic", "tags.generator:source": "solar", "tags.generator:output:electricity": null }, "geometry": { "type": "Point", "coordinates": [ -68.769492300000366, -11.081110150000084 ] } },
{ "type": "Feature", "properties": { "id": 689315653, "tags.power": "generator", "Type": "Way", "Country": "BO", "Area": 360.0, "tags.name": null, "tags.generator:type": "solar_photovoltaic_panel", "tags.generator:method": "photovoltaic", "tags.generator:source": "solar", "tags.generator:output:electricity": null }, "geometry": { "type": "Point", "coordinates": [ -68.769491000000357, -11.081360050000086 ] } },
{ "type": "Feature", "properties": { "id": 689315654, "tags.power": "generator", "Type": "Way", "Country": "BO", "Area": 360.0, "tags.name": null, "tags.generator:type": "solar_photovoltaic_panel", "tags.generator:method": "photovoltaic", "tags.generator:source": "solar", "tags.generator:output:electricity": null }, "geometry": { "type": "Point", "coordinates": [ -68.769488725640144, -11.081797449449562 ] } },
{ "type": "Feature", "properties": { "id": 689315655, "tags.power": "generator", "Type": "Way", "Country": "BO", "Area": 360.0, "tags.name": null, "tags.generator:type": "solar_photovoltaic_panel", "tags.generator:method": "photovoltaic", "tags.generator:source": "solar", "tags.generator:output:electricity": null }, "geometry": { "type": "Point", "coordinates": [ -68.76949120037176, -11.081297573819114 ] } },
{ "type": "Feature", "properties": { "id": 689315656, "tags.power": "generator", "Type": "Way", "Country": "BO", "Area": 360.0, "tags.name": null, "tags.generator:type": "solar_photovoltaic_panel", "tags.generator:method": "photovoltaic", "tags.generator:source": "solar", "tags.generator:output:electricity": null }, "geometry": { "type": "Point", "coordinates": [ -68.769487274750674, -11.082047374370978 ] } },
{ "type": "Feature", "properties": { "id": 689315657, "tags.power": "generator", "Type": "Way", "Country": "BO", "Area": 360.0, "tags.name": null, "tags.generator:type": "solar_photovoltaic_panel", "tags.generator:method": "photovoltaic", "tags.generator:source": "solar", "tags.generator:output:electricity": null }, "geometry": { "type": "Point", "coordinates": [ -68.76948772562146, -11.081984899449376 ] } },
{ "type": "Feature", "properties": { "id": 689315658, "tags.power": "generator", "Type": "Way", "Country": "BO", "Area": 360.0, "tags.name": null, "tags.generator:type": "solar_photovoltaic_panel", "tags.generator:method": "photovoltaic", "tags.generator:source": "solar", "tags.generator:output:electricity": null }, "geometry": { "type": "Point", "coordinates": [ -68.769488374360591, -11.081859950550609 ] } },
{ "type": "Feature", "properties": { "id": 689315659, "tags.power": "generator", "Type": "Way", "Country": "BO", "Area": 360.0, "tags.name": null, "tags.generator:type": "solar_photovoltaic_panel", "tags.generator:method": "photovoltaic", "tags.generator:source": "solar", "tags.generator:output:electricity": null }, "geometry": { "type": "Point", "coordinates": [ -68.769486425640196, -11.082234849449566 ] } },
{ "type": "Feature", "properties": { "id": 689315660, "tags.power": "generator", "Type": "Way", "Country": "BO", "Area": 360.0, "tags.name": null, "tags.generator:type": "solar_photovoltaic_panel", "tags.generator:method": "photovoltaic", "tags.generator:source": "solar", "tags.generator:output:electricity": null }, "geometry": { "type": "Point", "coordinates": [ -68.769492099629019, -11.081172626181063 ] } },
{ "type": "Feature", "properties": { "id": 689315661, "tags.power": "generator", "Type": "Way", "Country": "BO", "Area": 360.0, "tags.name": null, "tags.generator:type": "solar_photovoltaic_panel", "tags.generator:method": "photovoltaic", "tags.generator:source": "solar", "tags.generator:output:electricity": null }, "geometry": { "type": "Point", "coordinates": [ -68.769490674360583, -11.081422550550613 ] } },
{ "type": "Feature", "properties": { "id": 689315662, "tags.power": "generator", "Type": "Way", "Country": "BO", "Area": 360.0, "tags.name": null, "tags.generator:type": "solar_photovoltaic_panel", "tags.generator:method": "photovoltaic", "tags.generator:source": "solar", "tags.generator:output:electricity": null }, "geometry": { "type": "Point", "coordinates": [ -68.769489025640169, -11.081734949449565 ] } },
{ "type": "Feature", "properties": { "id": 689315663, "tags.power": "generator", "Type": "Way", "Country": "BO", "Area": 360.0, "tags.name": null, "tags.generator:type": "solar_photovoltaic_panel", "tags.generator:method": "photovoltaic", "tags.generator:source": "solar", "tags.generator:output:electricity": null }, "geometry": { "type": "Point", "coordinates": [ -68.768768674750689, -11.081233774370977 ] } },
{ "type": "Feature", "properties": { "id": 689315664, "tags.power": "generator", "Type": "Way", "Country": "BO", "Area": 360.0, "tags.name": null, "tags.generator:type": "solar_photovoltaic_panel", "tags.generator:method": "photovoltaic", "tags.generator:source": "solar", "tags.generator:output:electricity": null }, "geometry": { "type": "Point", "coordinates": [ -68.768769774360578, -11.081046350550613 ] } },
{ "type": "Feature", "properties": { "id": 689315665, "tags.power": "generator", "Type": "Way", "Country": "BO", "Area": 360.0, "tags.name": null, "tags.generator:type": "solar_photovoltaic_panel", "tags.generator:method": "photovoltaic", "tags.generator:source": "solar", "tags.generator:output:electricity": null }, "geometry": { "type": "Point", "coordinates": [ -68.768767174379278, -11.081546200550802 ] } },
{ "type": "Feature", "properties": { "id": 689315666, "tags.power": "generator", "Type": "Way", "Country": "BO", "Area": 360.0, "tags.name": null, "tags.generator:type": "solar_photovoltaic_panel", "tags.generator:method": "photovoltaic", "tags.generator:source": "solar", "tags.generator:output:electricity": null }, "geometry": { "type": "Point", "coordinates": [ -68.768764225640155, -11.082108549449565 ] } },
{ "type": "Feature", "properties": { "id": 689315667, "tags.power": "generator", "Type": "Way", "Country": "BO", "Area": 360.0, "tags.name": null, "tags.generator:type": "solar_photovoltaic_panel", "tags.generator:method": "photovoltaic", "tags.generator:source": "solar", "tags.generator:output:electricity": null }, "geometry": { "type": "Point", "coordinates": [ -68.768767599628987, -11.081483726181064 ] } },
{ "type": "Feature", "properties": { "id": 689315668, "tags.power": "generator", "Type": "Way", "Country": "BO", "Area": 360.0, "tags.name": null, "tags.generator:type": "solar_photovoltaic_panel", "tags.generator:method": "photovoltaic", "tags.generator:source": "solar", "tags.generator:output:electricity": null }, "geometry": { "type": "Point", "coordinates": [ -68.76876390000038, -11.08217105000009 ] } },
{ "type": "Feature", "properties": { "id": 689315669, "tags.power": "generator", "Type": "Way", "Country": "BO", "Area": 360.0, "tags.name": null, "tags.generator:type": "solar_photovoltaic_panel", "tags.generator:method": "photovoltaic", "tags.generator:source": "solar", "tags.generator:output:electricity": null }, "geometry": { "type": "Point", "coordinates": [ -68.768765200000388, -11.081921100000091 ] } },
{ "type": "Feature", "properties": { "id": 689315670, "tags.power": "generator", "Type": "Way", "Country": "BO", "Area": 360.0, "tags.name": null, "tags.generator:type": "solar_photovoltaic_panel", "tags.generator:method": "photovoltaic", "tags.generator:source": "solar", "tags.generator:output:electricity": null }, "geometry": { "type": "Point", "coordinates": [ -68.768766525640174, -11.081671149449567 ] } },
{ "type": "Feature", "properties": { "id": 689315671, "tags.power": "generator", "Type": "Way", "Country": "BO", "Area": 360.0, "tags.name": null, "tags.generator:type": "solar_photovoltaic_panel", "tags.generator:method": "photovoltaic", "tags.generator:source": "solar", "tags.generator:output:electricity": null }, "geometry": { "type": "Point", "coordinates": [ -68.768769575268792, -11.081108825629203 ] } },
{ "type": "Feature", "properties": { "id": 689315672, "tags.power": "generator", "Type": "Way", "Country": "BO", "Area": 360.0, "tags.name": null, "tags.generator:type": "solar_photovoltaic_panel", "tags.generator:method": "photovoltaic", "tags.generator:source": "solar", "tags.generator:output:electricity": null }, "geometry": { "type": "Point", "coordinates": [ -68.768768150000398, -11.081358750000089 ] } },
{ "type": "Feature", "properties": { "id": 689315673, "tags.power": "generator", "Type": "Way", "Country": "BO", "Area": 360.0, "tags.name": null, "tags.generator:type": "solar_photovoltaic_panel", "tags.generator:method": "photovoltaic", "tags.generator:source": "solar", "tags.generator:output:electricity": null }, "geometry": { "type": "Point", "coordinates": [ -68.768765850000392, -11.081796150000089 ] } },
{ "type": "Feature", "properties": { "id": 689315674, "tags.power": "generator", "Type": "Way", "Country": "BO", "Area": 360.0, "tags.name": null, "tags.generator:type": "solar_photovoltaic_panel", "tags.generator:method": "photovoltaic", "tags.generator:source": "solar", "tags.generator:output:electricity": null }, "geometry": { "type": "Point", "coordinates": [ -68.768768474360584, -11.081296250550617 ] } },
{ "type": "Feature", "properties": { "id": 689315675, "tags.power": "generator", "Type": "Way", "Country": "BO", "Area": 360.0, "tags.name": null, "tags.generator:type": "solar_photovoltaic_panel", "tags.generator:method": "photovoltaic", "tags.generator:source": "solar", "tags.generator:output:electricity": null }, "geometry": { "type": "Point", "coordinates": [ -68.76876455000037, -11.082046050000091 ] } },
{ "type": "Feature", "properties": { "id": 689315676, "tags.power": "generator", "Type": "Way", "Country": "BO", "Area": 360.0, "tags.name": null, "tags.generator:type": "solar_photovoltaic_panel", "tags.generator:method": "photovoltaic", "tags.generator:source": "solar", "tags.generator:output:electricity": null }, "geometry": { "type": "Point", "coordinates": [ -68.768764749112307, -11.081983574921608 ] } },
{ "type": "Feature", "properties": { "id": 689315677, "tags.power": "generator", "Type": "Way", "Country": "BO", "Area": 360.0, "tags.name": null, "tags.generator:type": "solar_photovoltaic_panel", "tags.generator:method": "photovoltaic", "tags.generator:source": "solar", "tags.generator:output:electricity": null }, "geometry": { "type": "Point", "coordinates": [ -68.768765650888454, -11.08185862507858 ] } },
{ "type": "Feature", "properties": { "id": 689315678, "tags.power": "generator", "Type": "Way", "Country": "BO", "Area": 360.0, "tags.name": null, "tags.generator:type": "solar_photovoltaic_panel", "tags.generator:method": "photovoltaic", "tags.generator:source": "solar", "tags.generator:output:electricity": null }, "geometry": { "type": "Point", "coordinates": [ -68.768763699629019, -11.082233526181065 ] } },
{ "type": "Feature", "properties": { "id": 689315679, "tags.power": "generator", "Type": "Way", "Country": "BO", "Area": 360.0, "tags.name": null, "tags.generator:type": "solar_photovoltaic_panel", "tags.generator:method": "photovoltaic", "tags.generator:source": "solar", "tags.generator:output:electricity": null }, "geometry": { "type": "Point", "coordinates": [ -68.768769125621446, -11.081171299449377 ] } },
{ "type": "Feature", "properties": { "id": 689315680, "tags.power": "generator", "Type": "Way", "Country": "BO", "Area": 360.0, "tags.name": null, "tags.generator:type": "solar_photovoltaic_panel", "tags.generator:method": "photovoltaic", "tags.generator:source": "solar", "tags.generator:output:electricity": null }, "geometry": { "type": "Point", "coordinates": [ -68.768767825640197, -11.081421249449566 ] } },
{ "type": "Feature", "properties": { "id": 689315681, "tags.power": "generator", "Type": "Way", "Country": "BO", "Area": 360.0, "tags.name": null, "tags.generator:type": "solar_photovoltaic_panel", "tags.generator:method": "photovoltaic", "tags.generator:source": "solar", "tags.generator:output:electricity": null }, "geometry": { "type": "Point", "coordinates": [ -68.768766174360593, -11.081733650550614 ] } },
{ "type": "Feature", "properties": { "id": 689315682, "tags.power": "generator", "Type": "Way", "Country": "BO", "Area": 360.0, "tags.name": null, "tags.generator:type": "solar_photovoltaic_panel", "tags.generator:method": "photovoltaic", "tags.generator:source": "solar", "tags.generator:output:electricity": null }, "geometry": { "type": "Point", "coordinates": [ -68.768025300000389, -11.082229250000092 ] } },
{ "type": "Feature", "properties": { "id": 689315683, "tags.power": "generator", "Type": "Way", "Country": "BO", "Area": 360.0, "tags.name": null, "tags.generator:type": "solar_photovoltaic_panel", "tags.generator:method": "photovoltaic", "tags.generator:source": "solar", "tags.generator:output:electricity": null }, "geometry": { "type": "Point", "coordinates": [ -68.768025625640178, -11.082166749449568 ] } },
{ "type": "Feature", "properties": { "id": 689315684, "tags.power": "generator", "Type": "Way", "Country": "BO", "Area": 360.0, "tags.name": null, "tags.generator:type": "solar_photovoltaic_panel", "tags.generator:method": "photovoltaic", "tags.generator:source": "solar", "tags.generator:output:electricity": null }, "geometry": { "type": "Point", "coordinates": [ -68.768025950000379, -11.082104250000089 ] } },
{ "type": "Feature", "properties": { "id": 689315685, "tags.power": "generator", "Type": "Way", "Country": "BO", "Area": 360.0, "tags.name": null, "tags.generator:type": "solar_photovoltaic_panel", "tags.generator:method": "photovoltaic", "tags.generator:source": "solar", "tags.generator:output:electricity": null }, "geometry": { "type": "Point", "coordinates": [ -68.768026149112302, -11.082041774921606 ] } },
{ "type": "Feature", "properties": { "id": 689315686, "tags.power": "generator", "Type": "Way", "Country": "BO", "Area": 360.0, "tags.name": null, "tags.generator:type": "solar_photovoltaic_panel", "tags.generator:method": "photovoltaic", "tags.generator:source": "solar", "tags.generator:output:electricity": null }, "geometry": { "type": "Point", "coordinates": [ -68.768026600000368, -11.081979300000091 ] } },
{ "type": "Feature", "properties": { "id": 689315687, "tags.power": "generator", "Type": "Way", "Country": "BO", "Area": 360.0, "tags.name": null, "tags.generator:type": "solar_photovoltaic_panel", "tags.generator:method": "photovoltaic", "tags.generator:source": "solar", "tags.generator:output:electricity": null }, "geometry": { "type": "Point", "coordinates": [ -68.768027050888463, -11.081916825078578 ] } },
{ "type": "Feature", "properties": { "id": 689315688, "tags.power": "generator", "Type": "Way", "Country": "BO", "Area": 360.0, "tags.name": null, "tags.generator:type": "solar_photovoltaic_panel", "tags.generator:method": "photovoltaic", "tags.generator:source": "solar", "tags.generator:output:electricity": null }, "geometry": { "type": "Point", "coordinates": [ -68.768027250000344, -11.081854350000091 ] } },
{ "type": "Feature", "properties": { "id": 689315689, "tags.power": "generator", "Type": "Way", "Country": "BO", "Area": 360.0, "tags.name": null, "tags.generator:type": "solar_photovoltaic_panel", "tags.generator:method": "photovoltaic", "tags.generator:source": "solar", "tags.generator:output:electricity": null }, "geometry": { "type": "Point", "coordinates": [ -68.768027574360559, -11.081791850550616 ] } },
{ "type": "Feature", "properties": { "id": 689315690, "tags.power": "generator", "Type": "Way", "Country": "BO", "Area": 360.0, "tags.name": null, "tags.generator:type": "solar_photovoltaic_panel", "tags.generator:method": "photovoltaic", "tags.generator:source": "solar", "tags.generator:output:electricity": null }, "geometry": { "type": "Point", "coordinates": [ -68.768027900000348, -11.08172935000009 ] } },
{ "type": "Feature", "properties": { "id": 689315691, "tags.power": "generator", "Type": "Way", "Country": "BO", "Area": 360.0, "tags.name": null, "tags.generator:type": "solar_photovoltaic_panel", "tags.generator:method": "photovoltaic", "tags.generator:source": "solar", "tags.generator:output:electricity": null }, "geometry": { "type": "Point", "coordinates": [ -68.768028100371737, -11.081666873819117 ] } },
{ "type": "Feature", "properties": { "id": 689315692, "tags.power": "generator", "Type": "Way", "Country": "BO", "Area": 360.0, "tags.name": null, "tags.generator:type": "solar_photovoltaic_panel", "tags.generator:method": "photovoltaic", "tags.generator:source": "solar", "tags.generator:output:electricity": null }, "geometry": { "type": "Point", "coordinates": [ -68.768028550000338, -11.08160440000009 ] } },
{ "type": "Feature", "properties": { "id": 689315693, "tags.power": "generator", "Type": "Way", "Country": "BO", "Area": 360.0, "tags.name": null, "tags.generator:type": "solar_photovoltaic_panel", "tags.generator:method": "photovoltaic", "tags.generator:source": "solar", "tags.generator:output:electricity": null }, "geometry": { "type": "Point", "coordinates": [ -68.768028999628967, -11.081541926181066 ] } },
{ "type": "Feature", "properties": { "id": 689315694, "tags.power": "generator", "Type": "Way", "Country": "BO", "Area": 360.0, "tags.name": null, "tags.generator:type": "solar_photovoltaic_panel", "tags.generator:method": "photovoltaic", "tags.generator:source": "solar", "tags.generator:output:electricity": null }, "geometry": { "type": "Point", "coordinates": [ -68.768029225640134, -11.081479449449567 ] } },
{ "type": "Feature", "properties": { "id": 689315695, "tags.power": "generator", "Type": "Way", "Country": "BO", "Area": 360.0, "tags.name": null, "tags.generator:type": "solar_photovoltaic_panel", "tags.generator:method": "photovoltaic", "tags.generator:source": "solar", "tags.generator:output:electricity": null }, "geometry": { "type": "Point", "coordinates": [ -68.768029525640131, -11.081416949449567 ] } },
{ "type": "Feature", "properties": { "id": 689315696, "tags.power": "generator", "Type": "Way", "Country": "BO", "Area": 360.0, "tags.name": null, "tags.generator:type": "solar_photovoltaic_panel", "tags.generator:method": "photovoltaic", "tags.generator:source": "solar", "tags.generator:output:electricity": null }, "geometry": { "type": "Point", "coordinates": [ -68.768029874360536, -11.081354450550613 ] } },
{ "type": "Feature", "properties": { "id": 689315697, "tags.power": "generator", "Type": "Way", "Country": "BO", "Area": 360.0, "tags.name": null, "tags.generator:type": "solar_photovoltaic_panel", "tags.generator:method": "photovoltaic", "tags.generator:source": "solar", "tags.generator:output:electricity": null }, "geometry": { "type": "Point", "coordinates": [ -68.768030049112241, -11.081291974921605 ] } },
{ "type": "Feature", "properties": { "id": 689315698, "tags.power": "generator", "Type": "Way", "Country": "BO", "Area": 360.0, "tags.name": null, "tags.generator:type": "solar_photovoltaic_panel", "tags.generator:method": "photovoltaic", "tags.generator:source": "solar", "tags.generator:output:electricity": null }, "geometry": { "type": "Point", "coordinates": [ -68.76803052562137, -11.08122949944938 ] } },
{ "type": "Feature", "properties": { "id": 689315700, "tags.power": "generator", "Type": "Way", "Country": "BO", "Area": 360.0, "tags.name": null, "tags.generator:type": "solar_photovoltaic_panel", "tags.generator:method": "photovoltaic", "tags.generator:source": "solar", "tags.generator:output:electricity": null }, "geometry": { "type": "Point", "coordinates": [ -68.768030975268715, -11.081167025629201 ] } },
{ "type": "Feature", "properties": { "id": 772285951, "tags.power": "generator", "Type": "Way", "Country": "BO", "Area": 40.0, "tags.name": null, "tags.generator:type": "solar_photovoltaic_panel", "tags.generator:method": "photovoltaic", "tags.generator:source": "solar", "tags.generator:output:electricity": "yes" }, "geometry": { "type": "Point", "coordinates": [ -68.251777046372723, -21.23154632167693 ] } },
{ "type": "Feature", "properties": { "id": 772285952, "tags.power": "generator", "Type": "Way", "Country": "BO", "Area": 40.0, "tags.name": null, "tags.generator:type": "solar_photovoltaic_panel", "tags.generator:method": "photovoltaic", "tags.generator:source": "solar", "tags.generator:output:electricity": "yes" }, "geometry": { "type": "Point", "coordinates": [ -68.251662975076655, -21.231545203239889 ] } },
{ "type": "Feature", "properties": { "id": 772285953, "tags.power": "generator", "Type": "Way", "Country": "BO", "Area": 40.0, "tags.name": null, "tags.generator:type": "solar_photovoltaic_panel", "tags.generator:method": "photovoltaic", "tags.generator:source": "solar", "tags.generator:output:electricity": "yes" }, "geometry": { "type": "Point", "coordinates": [ -68.251531175076636, -21.231545203239889 ] } },
{ "type": "Feature", "properties": { "id": 772285954, "tags.power": "generator", "Type": "Way", "Country": "BO", "Area": 40.0, "tags.name": null, "tags.generator:type": "solar_photovoltaic_panel", "tags.generator:method": "photovoltaic", "tags.generator:source": "solar", "tags.generator:output:electricity": "yes" }, "geometry": { "type": "Point", "coordinates": [ -68.251416424923121, -21.231545196760258 ] } },
{ "type": "Feature", "properties": { "id": 772285955, "tags.power": "generator", "Type": "Way", "Country": "BO", "Area": 40.0, "tags.name": null, "tags.generator:type": "solar_photovoltaic_panel", "tags.generator:method": "photovoltaic", "tags.generator:source": "solar", "tags.generator:output:electricity": "yes" }, "geometry": { "type": "Point", "coordinates": [ -68.251263749999879, -21.231545200000074 ] } },
{ "type": "Feature", "properties": { "id": 772285956, "tags.power": "generator", "Type": "Way", "Country": "BO", "Area": 40.0, "tags.name": null, "tags.generator:type": "solar_photovoltaic_panel", "tags.generator:method": "photovoltaic", "tags.generator:source": "solar", "tags.generator:output:electricity": "yes" }, "geometry": { "type": "Point", "coordinates": [ -68.251149928550063, -21.23154437508348 ] } },
{ "type": "Feature", "properties": { "id": 772285957, "tags.power": "generator", "Type": "Way", "Country": "BO", "Area": 40.0, "tags.name": null, "tags.generator:type": "solar_photovoltaic_panel", "tags.generator:method": "photovoltaic", "tags.generator:source": "solar", "tags.generator:output:electricity": "yes" }, "geometry": { "type": "Point", "coordinates": [ -68.251018124923121, -21.231543496760256 ] } },
{ "type": "Feature", "properties": { "id": 772285958, "tags.power": "generator", "Type": "Way", "Country": "BO", "Area": 40.0, "tags.name": null, "tags.generator:type": "solar_photovoltaic_panel", "tags.generator:method": "photovoltaic", "tags.generator:source": "solar", "tags.generator:output:electricity": "yes" }, "geometry": { "type": "Point", "coordinates": [ -68.250900549999884, -21.231543500000075 ] } },
{ "type": "Feature", "properties": { "id": 772285959, "tags.power": "generator", "Type": "Way", "Country": "BO", "Area": 40.0, "tags.name": null, "tags.generator:type": "solar_photovoltaic_panel", "tags.generator:method": "photovoltaic", "tags.generator:source": "solar", "tags.generator:output:electricity": "yes" }, "geometry": { "type": "Point", "coordinates": [ -68.250748824923122, -21.231543496760256 ] } },
{ "type": "Feature", "properties": { "id": 772285960, "tags.power": "generator", "Type": "Way", "Country": "BO", "Area": 40.0, "tags.name": null, "tags.generator:type": "solar_photovoltaic_panel", "tags.generator:method": "photovoltaic", "tags.generator:source": "solar", "tags.generator:output:electricity": "yes" }, "geometry": { "type": "Point", "coordinates": [ -68.250629324923125, -21.231543496760256 ] } },
{ "type": "Feature", "properties": { "id": 772285961, "tags.power": "generator", "Type": "Way", "Country": "BO", "Area": 40.0, "tags.name": null, "tags.generator:type": "solar_photovoltaic_panel", "tags.generator:method": "photovoltaic", "tags.generator:source": "solar", "tags.generator:output:electricity": "yes" }, "geometry": { "type": "Point", "coordinates": [ -68.250493724923132, -21.231541696760257 ] } },
{ "type": "Feature", "properties": { "id": 772285962, "tags.power": "generator", "Type": "Way", "Country": "BO", "Area": 40.0, "tags.name": null, "tags.generator:type": "solar_photovoltaic_panel", "tags.generator:method": "photovoltaic", "tags.generator:source": "solar", "tags.generator:output:electricity": "yes" }, "geometry": { "type": "Point", "coordinates": [ -68.250376124923122, -21.23153989676026 ] } },
{ "type": "Feature", "properties": { "id": 772285963, "tags.power": "generator", "Type": "Way", "Country": "BO", "Area": 40.0, "tags.name": null, "tags.generator:type": "solar_photovoltaic_panel", "tags.generator:method": "photovoltaic", "tags.generator:source": "solar", "tags.generator:output:electricity": "yes" }, "geometry": { "type": "Point", "coordinates": [ -68.251775824923143, -21.231639796760255 ] } },
{ "type": "Feature", "properties": { "id": 772285964, "tags.power": "generator", "Type": "Way", "Country": "BO", "Area": 40.0, "tags.name": null, "tags.generator:type": "solar_photovoltaic_panel", "tags.generator:method": "photovoltaic", "tags.generator:source": "solar", "tags.generator:output:electricity": "yes" }, "geometry": { "type": "Point", "coordinates": [ -68.251662975076655, -21.23164070323989 ] } },
{ "type": "Feature", "properties": { "id": 772285965, "tags.power": "generator", "Type": "Way", "Country": "BO", "Area": 40.0, "tags.name": null, "tags.generator:type": "solar_photovoltaic_panel", "tags.generator:method": "photovoltaic", "tags.generator:source": "solar", "tags.generator:output:electricity": "yes" }, "geometry": { "type": "Point", "coordinates": [ -68.251774875076663, -21.231734403239891 ] } },
{ "type": "Feature", "properties": { "id": 772285966, "tags.power": "generator", "Type": "Way", "Country": "BO", "Area": 40.0, "tags.name": null, "tags.generator:type": "solar_photovoltaic_panel", "tags.generator:method": "photovoltaic", "tags.generator:source": "solar", "tags.generator:output:electricity": "yes" }, "geometry": { "type": "Point", "coordinates": [ -68.251662024923121, -21.231734396760256 ] } },
{ "type": "Feature", "properties": { "id": 772285967, "tags.power": "generator", "Type": "Way", "Country": "BO", "Area": 40.0, "tags.name": null, "tags.generator:type": "solar_photovoltaic_panel", "tags.generator:method": "photovoltaic", "tags.generator:source": "solar", "tags.generator:output:electricity": "yes" }, "geometry": { "type": "Point", "coordinates": [ -68.251776775076664, -21.231829903239891 ] } },
{ "type": "Feature", "properties": { "id": 772285968, "tags.power": "generator", "Type": "Way", "Country": "BO", "Area": 40.0, "tags.name": null, "tags.generator:type": "solar_photovoltaic_panel", "tags.generator:method": "photovoltaic", "tags.generator:source": "solar", "tags.generator:output:electricity": "yes" }, "geometry": { "type": "Point", "coordinates": [ -68.251663924901706, -21.231830746760416 ] } },
{ "type": "Feature", "properties": { "id": 772285969, "tags.power": "generator", "Type": "Way", "Country": "BO", "Area": 40.0, "tags.name": null, "tags.generator:type": "solar_photovoltaic_panel", "tags.generator:method": "photovoltaic", "tags.generator:source": "solar", "tags.generator:output:electricity": "yes" }, "geometry": { "type": "Point", "coordinates": [ -68.251534024923146, -21.231828996760257 ] } },
{ "type": "Feature", "properties": { "id": 772285970, "tags.power": "generator", "Type": "Way", "Country": "BO", "Area": 40.0, "tags.name": null, "tags.generator:type": "solar_photovoltaic_panel", "tags.generator:method": "photovoltaic", "tags.generator:source": "solar", "tags.generator:output:electricity": "yes" }, "geometry": { "type": "Point", "coordinates": [ -68.25141737507667, -21.231828103239891 ] } },
{ "type": "Feature", "properties": { "id": 772285971, "tags.power": "generator", "Type": "Way", "Country": "BO", "Area": 40.0, "tags.name": null, "tags.generator:type": "solar_photovoltaic_panel", "tags.generator:method": "photovoltaic", "tags.generator:source": "solar", "tags.generator:output:electricity": "yes" }, "geometry": { "type": "Point", "coordinates": [ -68.251533075076665, -21.231735303239891 ] } },
{ "type": "Feature", "properties": { "id": 772285972, "tags.power": "generator", "Type": "Way", "Country": "BO", "Area": 40.0, "tags.name": null, "tags.generator:type": "solar_photovoltaic_panel", "tags.generator:method": "photovoltaic", "tags.generator:source": "solar", "tags.generator:output:electricity": "yes" }, "geometry": { "type": "Point", "coordinates": [ -68.251416424923136, -21.231735296760252 ] } },
{ "type": "Feature", "properties": { "id": 772285973, "tags.power": "generator", "Type": "Way", "Country": "BO", "Area": 40.0, "tags.name": null, "tags.generator:type": "solar_photovoltaic_panel", "tags.generator:method": "photovoltaic", "tags.generator:source": "solar", "tags.generator:output:electricity": "yes" }, "geometry": { "type": "Point", "coordinates": [ -68.251528324923129, -21.231639796760255 ] } },
{ "type": "Feature", "properties": { "id": 772285974, "tags.power": "generator", "Type": "Way", "Country": "BO", "Area": 40.0, "tags.name": null, "tags.generator:type": "solar_photovoltaic_panel", "tags.generator:method": "photovoltaic", "tags.generator:source": "solar", "tags.generator:output:electricity": "yes" }, "geometry": { "type": "Point", "coordinates": [ -68.251415475076655, -21.23163890323989 ] } },
{ "type": "Feature", "properties": { "id": 772285975, "tags.power": "generator", "Type": "Way", "Country": "BO", "Area": 40.0, "tags.name": null, "tags.generator:type": "solar_photovoltaic_panel", "tags.generator:method": "photovoltaic", "tags.generator:source": "solar", "tags.generator:output:electricity": "yes" }, "geometry": { "type": "Point", "coordinates": [ -68.25126564999988, -21.231638050000075 ] } },
{ "type": "Feature", "properties": { "id": 772285976, "tags.power": "generator", "Type": "Way", "Country": "BO", "Area": 40.0, "tags.name": null, "tags.generator:type": "solar_photovoltaic_panel", "tags.generator:method": "photovoltaic", "tags.generator:source": "solar", "tags.generator:output:electricity": "yes" }, "geometry": { "type": "Point", "coordinates": [ -68.25114804999987, -21.231638050000075 ] } },
{ "type": "Feature", "properties": { "id": 772285977, "tags.power": "generator", "Type": "Way", "Country": "BO", "Area": 40.0, "tags.name": null, "tags.generator:type": "solar_photovoltaic_panel", "tags.generator:method": "photovoltaic", "tags.generator:source": "solar", "tags.generator:output:electricity": "yes" }, "geometry": { "type": "Point", "coordinates": [ -68.251020024923122, -21.231639796760255 ] } },
{ "type": "Feature", "properties": { "id": 772285978, "tags.power": "generator", "Type": "Way", "Country": "BO", "Area": 40.0, "tags.name": null, "tags.generator:type": "solar_photovoltaic_panel", "tags.generator:method": "photovoltaic", "tags.generator:source": "solar", "tags.generator:output:electricity": "yes" }, "geometry": { "type": "Point", "coordinates": [ -68.251266575098043, -21.231731753239732 ] } },
{ "type": "Feature", "properties": { "id": 772285979, "tags.power": "generator", "Type": "Way", "Country": "BO", "Area": 40.0, "tags.name": null, "tags.generator:type": "solar_photovoltaic_panel", "tags.generator:method": "photovoltaic", "tags.generator:source": "solar", "tags.generator:output:electricity": "yes" }, "geometry": { "type": "Point", "coordinates": [ -68.25114804999987, -21.231734400000075 ] } },
{ "type": "Feature", "properties": { "id": 772285980, "tags.power": "generator", "Type": "Way", "Country": "BO", "Area": 40.0, "tags.name": null, "tags.generator:type": "solar_photovoltaic_panel", "tags.generator:method": "photovoltaic", "tags.generator:source": "solar", "tags.generator:output:electricity": "yes" }, "geometry": { "type": "Point", "coordinates": [ -68.251260924923102, -21.231828096760257 ] } },
{ "type": "Feature", "properties": { "id": 772285981, "tags.power": "generator", "Type": "Way", "Country": "BO", "Area": 40.0, "tags.name": null, "tags.generator:type": "solar_photovoltaic_panel", "tags.generator:method": "photovoltaic", "tags.generator:source": "solar", "tags.generator:output:electricity": "yes" }, "geometry": { "type": "Point", "coordinates": [ -68.251151849999857, -21.231829 ] } },
{ "type": "Feature", "properties": { "id": 772285982, "tags.power": "generator", "Type": "Way", "Country": "BO", "Area": 40.0, "tags.name": null, "tags.generator:type": "solar_photovoltaic_panel", "tags.generator:method": "photovoltaic", "tags.generator:source": "solar", "tags.generator:output:electricity": "yes" }, "geometry": { "type": "Point", "coordinates": [ -68.250903375098034, -21.231638053239724 ] } },
{ "type": "Feature", "properties": { "id": 772285983, "tags.power": "generator", "Type": "Way", "Country": "BO", "Area": 40.0, "tags.name": null, "tags.generator:type": "solar_photovoltaic_panel", "tags.generator:method": "photovoltaic", "tags.generator:source": "solar", "tags.generator:output:electricity": "yes" }, "geometry": { "type": "Point", "coordinates": [ -68.251017175076612, -21.231733503239894 ] } },
{ "type": "Feature", "properties": { "id": 772285984, "tags.power": "generator", "Type": "Way", "Country": "BO", "Area": 40.0, "tags.name": null, "tags.generator:type": "solar_photovoltaic_panel", "tags.generator:method": "photovoltaic", "tags.generator:source": "solar", "tags.generator:output:electricity": "yes" }, "geometry": { "type": "Point", "coordinates": [ -68.250902449999842, -21.231733500000072 ] } },
{ "type": "Feature", "properties": { "id": 772285985, "tags.power": "generator", "Type": "Way", "Country": "BO", "Area": 40.0, "tags.name": null, "tags.generator:type": "solar_photovoltaic_panel", "tags.generator:method": "photovoltaic", "tags.generator:source": "solar", "tags.generator:output:electricity": "yes" }, "geometry": { "type": "Point", "coordinates": [ -68.251018124923064, -21.231828996760257 ] } },
{ "type": "Feature", "properties": { "id": 772285986, "tags.power": "generator", "Type": "Way", "Country": "BO", "Area": 40.0, "tags.name": null, "tags.generator:type": "solar_photovoltaic_panel", "tags.generator:method": "photovoltaic", "tags.generator:source": "solar", "tags.generator:output:electricity": "yes" }, "geometry": { "type": "Point", "coordinates": [ -68.250902449999842, -21.231829 ] } },
{ "type": "Feature", "properties": { "id": 772285987, "tags.power": "generator", "Type": "Way", "Country": "BO", "Area": 40.0, "tags.name": null, "tags.generator:type": "solar_photovoltaic_panel", "tags.generator:method": "photovoltaic", "tags.generator:source": "solar", "tags.generator:output:electricity": "yes" }, "geometry": { "type": "Point", "coordinates": [ -68.250744075076582, -21.231827203239892 ] } },
{ "type": "Feature", "properties": { "id": 772285988, "tags.power": "generator", "Type": "Way", "Country": "BO", "Area": 40.0, "tags.name": null, "tags.generator:type": "solar_photovoltaic_panel", "tags.generator:method": "photovoltaic", "tags.generator:source": "solar", "tags.generator:output:electricity": "yes" }, "geometry": { "type": "Point", "coordinates": [ -68.250628375076587, -21.231827203239892 ] } },
{ "type": "Feature", "properties": { "id": 772285989, "tags.power": "generator", "Type": "Way", "Country": "BO", "Area": 40.0, "tags.name": null, "tags.generator:type": "solar_photovoltaic_panel", "tags.generator:method": "photovoltaic", "tags.generator:source": "solar", "tags.generator:output:electricity": "yes" }, "geometry": { "type": "Point", "coordinates": [ -68.250751675076572, -21.231734403239891 ] } },
{ "type": "Feature", "properties": { "id": 772285990, "tags.power": "generator", "Type": "Way", "Country": "BO", "Area": 40.0, "tags.name": null, "tags.generator:type": "solar_photovoltaic_panel", "tags.generator:method": "photovoltaic", "tags.generator:source": "solar", "tags.generator:output:electricity": "yes" }, "geometry": { "type": "Point", "coordinates": [ -68.250628375076559, -21.231733503239894 ] } },
{ "type": "Feature", "properties": { "id": 772285991, "tags.power": "generator", "Type": "Way", "Country": "BO", "Area": 40.0, "tags.name": null, "tags.generator:type": "solar_photovoltaic_panel", "tags.generator:method": "photovoltaic", "tags.generator:source": "solar", "tags.generator:output:electricity": "yes" }, "geometry": { "type": "Point", "coordinates": [ -68.250748824923022, -21.231639796760255 ] } },
{ "type": "Feature", "properties": { "id": 772285992, "tags.power": "generator", "Type": "Way", "Country": "BO", "Area": 40.0, "tags.name": null, "tags.generator:type": "solar_photovoltaic_panel", "tags.generator:method": "photovoltaic", "tags.generator:source": "solar", "tags.generator:output:electricity": "yes" }, "geometry": { "type": "Point", "coordinates": [ -68.250626475076544, -21.231639803239894 ] } },
{ "type": "Feature", "properties": { "id": 772285993, "tags.power": "generator", "Type": "Way", "Country": "BO", "Area": 40.0, "tags.name": null, "tags.generator:type": "solar_photovoltaic_panel", "tags.generator:method": "photovoltaic", "tags.generator:source": "solar", "tags.generator:output:electricity": "yes" }, "geometry": { "type": "Point", "coordinates": [ -68.250493724923018, -21.231637196760257 ] } },
{ "type": "Feature", "properties": { "id": 772285994, "tags.power": "generator", "Type": "Way", "Country": "BO", "Area": 40.0, "tags.name": null, "tags.generator:type": "solar_photovoltaic_panel", "tags.generator:method": "photovoltaic", "tags.generator:source": "solar", "tags.generator:output:electricity": "yes" }, "geometry": { "type": "Point", "coordinates": [ -68.250378024923023, -21.231635396760257 ] } },
{ "type": "Feature", "properties": { "id": 772285995, "tags.power": "generator", "Type": "Way", "Country": "BO", "Area": 40.0, "tags.name": null, "tags.generator:type": "solar_photovoltaic_panel", "tags.generator:method": "photovoltaic", "tags.generator:source": "solar", "tags.generator:output:electricity": "yes" }, "geometry": { "type": "Point", "coordinates": [ -68.250494675076567, -21.231730903239889 ] } },
{ "type": "Feature", "properties": { "id": 772285996, "tags.power": "generator", "Type": "Way", "Country": "BO", "Area": 40.0, "tags.name": null, "tags.generator:type": "solar_photovoltaic_panel", "tags.generator:method": "photovoltaic", "tags.generator:source": "solar", "tags.generator:output:electricity": "yes" }, "geometry": { "type": "Point", "coordinates": [ -68.250375175097972, -21.231731753239732 ] } },
{ "type": "Feature", "properties": { "id": 772285997, "tags.power": "generator", "Type": "Way", "Country": "BO", "Area": 40.0, "tags.name": null, "tags.generator:type": "solar_photovoltaic_panel", "tags.generator:method": "photovoltaic", "tags.generator:source": "solar", "tags.generator:output:electricity": "yes" }, "geometry": { "type": "Point", "coordinates": [ -68.250495624923019, -21.231826296760254 ] } },
{ "type": "Feature", "properties": { "id": 772285998, "tags.power": "generator", "Type": "Way", "Country": "BO", "Area": 40.0, "tags.name": null, "tags.generator:type": "solar_photovoltaic_panel", "tags.generator:method": "photovoltaic", "tags.generator:source": "solar", "tags.generator:output:electricity": "yes" }, "geometry": { "type": "Point", "coordinates": [ -68.250378024923023, -21.231824596760259 ] } },
{ "type": "Feature", "properties": { "id": 930583194, "tags.power": "generator", "Type": "Way", "Country": "BO", "Area": 110.0, "tags.name": "Planta de Biogás", "tags.generator:type": "bioreactor", "tags.generator:method": "anaerobic_digestion", "tags.generator:source": "waste", "tags.generator:output:electricity": null }, "geometry": { "type": "Point", "coordinates": [ -66.144757878414211, -17.394433202530315 ] } },
{ "type": "Feature", "properties": { "id": 949876958, "tags.power": "generator", "Type": "Way", "Country": "BO", "Area": 110.0, "tags.name": "CCP 434", "tags.generator:type": "solar_photovoltaic_panel", "tags.generator:method": "photovoltaic", "tags.generator:source": "solar", "tags.generator:output:electricity": "yes" }, "geometry": { "type": "Point", "coordinates": [ -67.599936068794662, -16.305881297097905 ] } },
{ "type": "Feature", "properties": { "id": 1033391444, "tags.power": "generator", "Type": "Way", "Country": "BO", "Area": 60.0, "tags.name": null, "tags.generator:type": "solar_photovoltaic_panel", "tags.generator:method": "photovoltaic", "tags.generator:source": "solar", "tags.generator:output:electricity": "yes" }, "geometry": { "type": "Point", "coordinates": [ -66.159374385190304, -17.383632367306017 ] } },
{ "type": "Feature", "properties": { "id": 1033391445, "tags.power": "generator", "Type": "Way", "Country": "BO", "Area": 50.0, "tags.name": null, "tags.generator:type": "solar_photovoltaic_panel", "tags.generator:method": "photovoltaic", "tags.generator:source": "solar", "tags.generator:output:electricity": "yes" }, "geometry": { "type": "Point", "coordinates": [ -66.159466993926927, -17.383609127223359 ] } },
{ "type": "Feature", "properties": { "id": 1160707458, "tags.power": "generator", "Type": "Way", "Country": "BO", "Area": 40.0, "tags.name": null, "tags.generator:type": "solar_photovoltaic_panel", "tags.generator:method": "photovoltaic", "tags.generator:source": "solar", "tags.generator:output:electricity": "yes" }, "geometry": { "type": "Point", "coordinates": [ -68.061768273036108, -16.537915225153657 ] } },
{ "type": "Feature", "properties": { "id": 1160707459, "tags.power": "generator", "Type": "Way", "Country": "BO", "Area": 40.0, "tags.name": null, "tags.generator:type": "solar_photovoltaic_panel", "tags.generator:method": "photovoltaic", "tags.generator:source": "solar", "tags.generator:output:electricity": "yes" }, "geometry": { "type": "Point", "coordinates": [ -68.061670574721475, -16.537914453005403 ] } },
{ "type": "Feature", "properties": { "id": 1160707460, "tags.power": "generator", "Type": "Way", "Country": "BO", "Area": 40.0, "tags.name": null, "tags.generator:type": "solar_photovoltaic_panel", "tags.generator:method": "photovoltaic", "tags.generator:source": "solar", "tags.generator:output:electricity": "yes" }, "geometry": { "type": "Point", "coordinates": [ -68.061573122997402, -16.537913175235296 ] } },
{ "type": "Feature", "properties": { "id": 1160707461, "tags.power": "generator", "Type": "Way", "Country": "BO", "Area": 40.0, "tags.name": null, "tags.generator:type": "solar_photovoltaic_panel", "tags.generator:method": "photovoltaic", "tags.generator:source": "solar", "tags.generator:output:electricity": "yes" }, "geometry": { "type": "Point", "coordinates": [ -68.061475725226629, -16.53791224696435 ] } },
{ "type": "Feature", "properties": { "id": 1160707462, "tags.power": "generator", "Type": "Way", "Country": "BO", "Area": 40.0, "tags.name": null, "tags.generator:type": "solar_photovoltaic_panel", "tags.generator:method": "photovoltaic", "tags.generator:source": "solar", "tags.generator:output:electricity": "yes" }, "geometry": { "type": "Point", "coordinates": [ -68.061475299999955, -16.53797325 ] } },
{ "type": "Feature", "properties": { "id": 1160707463, "tags.power": "generator", "Type": "Way", "Country": "BO", "Area": 40.0, "tags.name": null, "tags.generator:type": "solar_photovoltaic_panel", "tags.generator:method": "photovoltaic", "tags.generator:source": "solar", "tags.generator:output:electricity": "yes" }, "geometry": { "type": "Point", "coordinates": [ -68.061572899999959, -16.53797395 ] } },
{ "type": "Feature", "properties": { "id": 1160707464, "tags.power": "generator", "Type": "Way", "Country": "BO", "Area": 40.0, "tags.name": null, "tags.generator:type": "solar_photovoltaic_panel", "tags.generator:method": "photovoltaic", "tags.generator:source": "solar", "tags.generator:output:electricity": "yes" }, "geometry": { "type": "Point", "coordinates": [ -68.061669949999953, -16.53797495 ] } },
{ "type": "Feature", "properties": { "id": 1160707465, "tags.power": "generator", "Type": "Way", "Country": "BO", "Area": 40.0, "tags.name": null, "tags.generator:type": "solar_photovoltaic_panel", "tags.generator:method": "photovoltaic", "tags.generator:source": "solar", "tags.generator:output:electricity": "yes" }, "geometry": { "type": "Point", "coordinates": [ -68.061767149999966, -16.53797655 ] } },
{ "type": "Feature", "properties": { "id": 1161449387, "tags.power": "generator", "Type": "Way", "Country": "BO", "Area": 20.0, "tags.name": null, "tags.generator:type": "solar_photovoltaic_panel", "tags.generator:method": "photovoltaic", "tags.generator:source": "solar", "tags.generator:output:electricity": "yes" }, "geometry": { "type": "Point", "coordinates": [ -68.06261159999876, -16.538342350000146 ] } },
{ "type": "Feature", "properties": { "id": 1161449388, "tags.power": "generator", "Type": "Way", "Country": "BO", "Area": 20.0, "tags.name": null, "tags.generator:type": "solar_photovoltaic_panel", "tags.generator:method": "photovoltaic", "tags.generator:source": "solar", "tags.generator:output:electricity": "yes" }, "geometry": { "type": "Point", "coordinates": [ -68.062575449998775, -16.538396550000144 ] } },
{ "type": "Feature", "properties": { "id": 1197474295, "tags.power": "generator", "Type": "Way", "Country": "BO", "Area": 30.0, "tags.name": null, "tags.generator:type": "solar_photovoltaic_panel", "tags.generator:method": null, "tags.generator:source": "solar", "tags.generator:output:electricity": null }, "geometry": { "type": "Point", "coordinates": [ -67.311712949999915, -11.229748799999951 ] } },
{ "type": "Feature", "properties": { "id": 1197474296, "tags.power": "generator", "Type": "Way", "Country": "BO", "Area": 50.0, "tags.name": null, "tags.generator:type": "solar_photovoltaic_panel", "tags.generator:method": null, "tags.generator:source": "solar", "tags.generator:output:electricity": null }, "geometry": { "type": "Point", "coordinates": [ -67.31168469999993, -11.229703499999953 ] } },
{ "type": "Feature", "properties": { "id": 1199387558, "tags.power": "generator", "Type": "Way", "Country": "BO", "Area": 98260.0, "tags.name": null, "tags.generator:type": "solar_photovoltaic_panel", "tags.generator:method": "photovoltaic", "tags.generator:source": "solar", "tags.generator:output:electricity": "yes" }, "geometry": { "type": "Point", "coordinates": [ -67.437455719899233, -17.764743918675418 ] } },
{ "type": "Feature", "properties": { "id": 1199387559, "tags.power": "generator", "Type": "Way", "Country": "BO", "Area": 197790.0, "tags.name": null, "tags.generator:type": "solar_photovoltaic_panel", "tags.generator:method": "photovoltaic", "tags.generator:source": "solar", "tags.generator:output:electricity": "yes" }, "geometry": { "type": "Point", "coordinates": [ -67.436857386121673, -17.766653838009013 ] } },
{ "type": "Feature", "properties": { "id": 1199387560, "tags.power": "generator", "Type": "Way", "Country": "BO", "Area": 231390.0, "tags.name": null, "tags.generator:type": "solar_photovoltaic_panel", "tags.generator:method": "photovoltaic", "tags.generator:source": "solar", "tags.generator:output:electricity": "yes" }, "geometry": { "type": "Point", "coordinates": [ -67.435593254351659, -17.769262968939952 ] } },
{ "type": "Feature", "properties": { "id": 1199387561, "tags.power": "generator", "Type": "Way", "Country": "BO", "Area": 98150.0, "tags.name": null, "tags.generator:type": "solar_photovoltaic_panel", "tags.generator:method": "photovoltaic", "tags.generator:source": "solar", "tags.generator:output:electricity": "yes" }, "geometry": { "type": "Point", "coordinates": [ -67.43390166151579, -17.77107394272706 ] } },
{ "type": "Feature", "properties": { "id": 1199387562, "tags.power": "generator", "Type": "Way", "Country": "BO", "Area": 97940.0, "tags.name": null, "tags.generator:type": "solar_photovoltaic_panel", "tags.generator:method": "photovoltaic", "tags.generator:source": "solar", "tags.generator:output:electricity": "yes" }, "geometry": { "type": "Point", "coordinates": [ -67.43159501189372, -17.772854388489197 ] } },
{ "type": "Feature", "properties": { "id": 1199387563, "tags.power": "generator", "Type": "Way", "Country": "BO", "Area": 196880.0, "tags.name": null, "tags.generator:type": "solar_photovoltaic_panel", "tags.generator:method": "photovoltaic", "tags.generator:source": "solar", "tags.generator:output:electricity": "yes" }, "geometry": { "type": "Point", "coordinates": [ -67.430748443977393, -17.774752426763492 ] } },
{ "type": "Feature", "properties": { "id": 1199387564, "tags.power": "generator", "Type": "Way", "Country": "BO", "Area": 217770.0, "tags.name": null, "tags.generator:type": "solar_photovoltaic_panel", "tags.generator:method": "photovoltaic", "tags.generator:source": "solar", "tags.generator:output:electricity": "yes" }, "geometry": { "type": "Point", "coordinates": [ -67.42929545771014, -17.777309467255506 ] } },
{ "type": "Feature", "properties": { "id": 1199387565, "tags.power": "generator", "Type": "Way", "Country": "BO", "Area": 111040.0, "tags.name": null, "tags.generator:type": "solar_photovoltaic_panel", "tags.generator:method": "photovoltaic", "tags.generator:source": "solar", "tags.generator:output:electricity": "yes" }, "geometry": { "type": "Point", "coordinates": [ -67.428520247261361, -17.779178116880232 ] } },
{ "type": "Feature", "properties": { "id": 1227086918, "tags.power": "generator", "Type": "Way", "Country": "BO", "Area": 20.0, "tags.name": null, "tags.generator:type": "solar_photovoltaic_panel", "tags.generator:method": "photovoltaic", "tags.generator:source": "solar", "tags.generator:output:electricity": "yes" }, "geometry": { "type": "Point", "coordinates": [ -68.089490880452061, -16.541053952053712 ] } },
{ "type": "Feature", "properties": { "id": 1227086919, "tags.power": "generator", "Type": "Way", "Country": "BO", "Area": 20.0, "tags.name": null, "tags.generator:type": "solar_photovoltaic_panel", "tags.generator:method": "photovoltaic", "tags.generator:source": "solar", "tags.generator:output:electricity": "yes" }, "geometry": { "type": "Point", "coordinates": [ -68.089539799999329, -16.540972450000087 ] } },
{ "type": "Feature", "properties": { "id": 1227086920, "tags.power": "generator", "Type": "Way", "Country": "BO", "Area": 20.0, "tags.name": null, "tags.generator:type": "solar_photovoltaic_panel", "tags.generator:method": "photovoltaic", "tags.generator:source": "solar", "tags.generator:output:electricity": "yes" }, "geometry": { "type": "Point", "coordinates": [ -68.089362999999736, -16.541001799999943 ] } },
{ "type": "Feature", "properties": { "id": 1227086921, "tags.power": "generator", "Type": "Way", "Country": "BO", "Area": 20.0, "tags.name": null, "tags.generator:type": "solar_photovoltaic_panel", "tags.generator:method": "photovoltaic", "tags.generator:source": "solar", "tags.generator:output:electricity": "yes" }, "geometry": { "type": "Point", "coordinates": [ -68.0895354499999, -16.541008699999981 ] } },
{ "type": "Feature", "properties": { "id": 1227090086, "tags.power": "generator", "Type": "Way", "Country": "BO", "Area": 1370.0, "tags.name": null, "tags.generator:type": "solar_photovoltaic_panel", "tags.generator:method": "photovoltaic", "tags.generator:source": "solar", "tags.generator:output:electricity": "yes" }, "geometry": { "type": "Point", "coordinates": [ -62.093831100000052, -13.611460699999983 ] } }
]
}
