{
"type": "FeatureCollection",
"features": [
{ "type": "Feature", "properties": { "index": 0 }, "geometry": { "type": "Polygon", "coordinates": [ [ [ -69.398256908308468, -10.916571616394583 ], [ -69.396893811092227, -10.915881922162646 ], [ -69.39510205348229, -10.915182413017707 ], [ -69.393251385938626, -10.914658258441822 ], [ -69.391358925786761, -10.914314306482675 ], [ -69.389442176903373, -10.91415373844513 ], [ -69.387518867818244, -10.914178039466469 ], [ -69.385606787738169, -10.914386984779963 ], [ -69.38372362200991, -10.914778641793793 ], [ -69.381886788543483, -10.915349387966124 ], [ -69.380113276709295, -10.916093944310971 ], [ -69.378419490198837, -10.917005424224964 ], [ -69.376821095302461, -10.918075397183426 ], [ -69.375332876007619, -10.919293966716561 ], [ -69.374218710203237, -10.920401285948504 ], [ -69.356952725120294, -10.91948773642183 ], [ -69.3548499047657, -10.919487176408349 ], [ -69.352758648567232, -10.919707406446546 ], [ -69.350702074597606, -10.92014599197387 ], [ -69.348702917530147, -10.920798084587664 ], [ -69.307886125903977, -10.936530742522242 ], [ -69.147537807368565, -10.944303584667866 ], [ -69.145509132164833, -10.944505958126449 ], [ -69.143511599714444, -10.944913808845044 ], [ -69.141565966767118, -10.945522898767203 ], [ -69.139692450774689, -10.946326898720621 ], [ -69.137910519807633, -10.947317454184798 ], [ -69.114605190957093, -10.961875005563895 ], [ -69.03722007983356, -10.962981819350125 ], [ -69.035382486220172, -10.963092837395095 ], [ -69.03356288535818, -10.963372351253881 ], [ -69.031776694158367, -10.963817992692697 ], [ -69.030039046461923, -10.964425985930569 ], [ -69.028364664816038, -10.965191179630345 ], [ -69.026767735734381, -10.966107090544366 ], [ -68.99051443627846, -10.989179963417618 ], [ -68.965793144392933, -10.976975617899077 ], [ -68.963980890095783, -10.976189735105109 ], [ -68.962099951108286, -10.975586455792737 ], [ -68.960168675413783, -10.975171664766753 ], [ -68.958205902014754, -10.974949408186486 ], [ -68.956230777164123, -10.974921854096758 ], [ -68.954262567599471, -10.975089271279266 ], [ -68.952320472601841, -10.97545002663071 ], [ -68.950423436712711, -10.976000601093205 ], [ -68.948589964935735, -10.976735623981613 ], [ -68.946837942226182, -10.977647925372937 ], [ -68.945184459028596, -10.978728606046719 ], [ -68.943645644564768, -10.979967124294202 ], [ -68.942236509498187, -10.981351398749482 ], [ -68.940970799509529, -10.982867926239512 ], [ -68.939860861211798, -10.984501913503431 ], [ -68.938917521712909, -10.986237421496281 ], [ -68.93890496407559, -10.986263519220504 ], [ -68.937057092404629, -10.985993186889011 ], [ -68.935084514951441, -10.98590142010597 ], [ -68.933112502943246, -10.986004626650566 ], [ -68.931160280948063, -10.986301800392399 ], [ -68.929246880606868, -10.98679004427162 ], [ -68.927390955099668, -10.98746459854152 ], [ -68.925610597301159, -10.988318887169912 ], [ -68.923923163398541, -10.989344581946938 ], [ -68.903895367855512, -11.002916017467083 ], [ -68.875228871785211, -11.003559428064943 ], [ -68.857613854475005, -10.986777903607861 ], [ -68.856182198642529, -10.985537857445763 ], [ -68.854639660066681, -10.98443879982724 ], [ -68.853000072823079, -10.983490587521148 ], [ -68.851278141356886, -10.982701724457915 ], [ -68.84948930860773, -10.982079285463051 ], [ -68.847649617511507, -10.981628852807397 ], [ -68.796418438511552, -10.971629947807422 ], [ -68.794429959225354, -10.971344641580492 ], [ -68.792422889841689, -10.971260249614483 ], [ -68.790417478928475, -10.971377623308193 ], [ -68.788433958321974, -10.971695578522583 ], [ -68.786492339015354, -10.972210907527113 ], [ -68.784612209275323, -10.972918411361331 ], [ -68.782812537023503, -10.973810952285223 ], [ -68.781111478476205, -10.974879525789198 ], [ -68.779526194973116, -10.976113351437183 ], [ -68.77807267984312, -10.977499981626398 ], [ -68.776765597053512, -10.97902542716653 ], [ -68.775670436849452, -10.980599139728341 ], [ -68.756076288386566, -10.983847068723582 ], [ -68.75419185331161, -10.984253610007361 ], [ -68.752355313071959, -10.984839691328729 ], [ -68.750583730831508, -10.985599867448082 ], [ -68.748893566234031, -10.986527075623513 ], [ -68.747300522477843, -10.987612701230233 ], [ -68.745819400418426, -10.988846657798442 ], [ -68.744463961054805, -10.990217480725995 ], [ -68.743246797677116, -10.991712433795197 ], [ -68.743220617651758, -10.991751797644929 ], [ -68.74200019259861, -10.992133538857452 ], [ -68.740162639273237, -10.992917116010608 ], [ -68.738412419995299, -10.993880094648837 ], [ -68.736766995807201, -10.995012867626883 ], [ -68.735242782264351, -10.996304133848215 ], [ -68.733854985665545, -10.997741011010294 ], [ -68.732617451347522, -10.999309164124716 ], [ -68.731542525557103, -11.000992948530053 ], [ -68.730640932279016, -11.002775565970635 ], [ -68.729921666248188, -11.004639232184168 ], [ -68.729391903213866, -11.006565354326199 ], [ -68.729056928350829, -11.008534716461435 ], [ -68.728920083531946, -11.010527671271285 ], [ -68.728982733987962, -11.012524336065116 ], [ -68.729244254687316, -11.014504791139679 ], [ -68.729702036571794, -11.016449278507809 ], [ -68.743057984253895, -11.062690959216676 ], [ -68.709296296747041, -11.091249957092428 ], [ -68.707817304030499, -11.092635526224413 ], [ -68.706486125843412, -11.094163657733581 ], [ -68.705316430794213, -11.095818660684321 ], [ -68.704320229373863, -11.097583541418308 ], [ -68.703507750631545, -11.099440178046294 ], [ -68.702887337142201, -11.101369506524632 ], [ -68.702465359344529, -11.103351716405893 ], [ -68.699238813233833, -11.123464937485384 ], [ -68.553664989015147, -11.092084088300879 ], [ -68.506286942608355, -11.043362227290659 ], [ -68.504924289740046, -11.042085925178846 ], [ -68.503448559909515, -11.040942250667694 ], [ -68.501872613253425, -11.039941170222733 ], [ -68.50021018324037, -11.039091407684216 ], [ -68.498475756991709, -11.038400368243886 ], [ -68.435510989991784, -11.016660460243857 ], [ -68.43363299979832, -11.016113243289654 ], [ -68.431710535496649, -11.015752099868635 ], [ -68.429761986868741, -11.015580484582665 ], [ -68.427805993212246, -11.015600039057905 ], [ -68.425861265042016, -11.015810576241448 ], [ -68.423946405110243, -11.016210082190618 ], [ -68.422079730457497, -11.016794735337813 ], [ -68.420279097196797, -11.0175589430466 ], [ -68.418561729706767, -11.018495395109388 ], [ -68.41694405586783, -11.019595133674937 ], [ -68.409465487746274, -11.025233083052679 ], [ -68.403464817538676, -11.011988890408126 ], [ -68.402582601857404, -11.010268232150441 ], [ -68.40153834707904, -11.008640810476159 ], [ -68.400341814295146, -11.00712183758467 ], [ -68.399004188004199, -11.005725511958676 ], [ -68.397537971565455, -11.004464885644971 ], [ -68.395956870324738, -11.003351742251414 ], [ -68.394275663504715, -11.002396486800583 ], [ -68.392510066057312, -11.001608048469601 ], [ -68.359533013057344, -10.988755722469685 ], [ -68.357740037004135, -10.988152942426707 ], [ -68.355898133469765, -10.987722247316812 ], [ -68.354023778773652, -10.987467489822867 ], [ -68.352133739519488, -10.987390948818744 ], [ -68.350244922613555, -10.987493308984183 ], [ -68.348374224027907, -10.987773654680144 ], [ -68.346538377661361, -10.98822947813945 ], [ -68.344753805650342, -10.988856701899431 ], [ -68.332964926831778, -10.993637813263661 ], [ -68.252631680821466, -10.947123535115626 ], [ -68.214351973545078, -10.85222829959689 ], [ -68.213574947550939, -10.850534196925567 ], [ -68.212643593532931, -10.848919782805925 ], [ -68.211565999726204, -10.847399077428726 ], [ -68.210351524368221, -10.845985287182112 ], [ -68.209010714428331, -10.844690689962267 ], [ -68.127112828858372, -10.772678964588744 ], [ -68.125806737006045, -10.716148944407186 ], [ -68.12566662743339, -10.714203281900241 ], [ -68.125337639832352, -10.712280523350229 ], [ -68.124822903889353, -10.710398960119225 ], [ -68.124127316330245, -10.708576491674808 ], [ -68.123257494337352, -10.706830455310936 ], [ -68.122221712599682, -10.705177461216818 ], [ -68.121029824595084, -10.703633234462819 ], [ -68.119693168853317, -10.702212465406539 ], [ -68.118224461091671, -10.700928669942231 ], [ -68.116637673249301, -10.699794060922969 ], [ -68.013292331249232, -10.63326700692302 ], [ -68.011597021472014, -10.632289535797021 ], [ -68.009814300004749, -10.631482424148542 ], [ -68.007961234288729, -10.630853399113263 ], [ -68.00605556522784, -10.630408482858996 ], [ -68.004115537340581, -10.630151934930584 ], [ -68.00215972409039, -10.63008621146982 ], [ -68.000206850066832, -10.630211941700802 ], [ -67.998275611719819, -10.630527921905855 ], [ -67.996384498363426, -10.631031126949715 ], [ -67.994551615162521, -10.631716739241581 ], [ -67.980802605909219, -10.637641730531502 ], [ -67.976196088557828, -10.633373513857169 ], [ -67.9747604275653, -10.632163439386797 ], [ -67.973217616271057, -10.631093329102915 ], [ -67.971581252252903, -10.630172614429757 ], [ -67.969865757616176, -10.629409410092329 ], [ -67.968086251884486, -10.628810442597233 ], [ -67.966258418743649, -10.628380990948541 ], [ -67.96439836781343, -10.628124840121266 ], [ -67.866632973813466, -10.619312611121266 ], [ -67.864654592610961, -10.619232693605648 ], [ -67.862678004299596, -10.619348786840087 ], [ -67.860722581317589, -10.61965975300089 ], [ -67.85880748866289, -10.62016254432505 ], [ -67.856951496058031, -10.6208522329812 ], [ -67.752352595058056, -10.66573180998116 ], [ -67.750737607804155, -10.66651226557495 ], [ -67.749199039458318, -10.667434275449807 ], [ -67.747749265090263, -10.668490423661872 ], [ -67.746399945578673, -10.669672215360867 ], [ -67.745161933820086, -10.670970145116179 ], [ -67.727503606277367, -10.691229124314871 ], [ -67.724238780311509, -10.69098972490529 ], [ -67.69580697264044, -10.599510703354941 ], [ -67.695151860817248, -10.597711661997737 ], [ -67.694327725326431, -10.595983506333853 ], [ -67.693342118795584, -10.594342073705883 ], [ -67.692204073621838, -10.592802406700217 ], [ -67.690924019196302, -10.591378615292221 ], [ -67.689513686325924, -10.590083747538143 ], [ -67.687985999728824, -10.58892966999877 ], [ -67.686354959588286, -10.587926958990661 ], [ -67.684635513250797, -10.587084803661583 ], [ -67.682843418244019, -10.586410921778368 ], [ -67.680995097870095, -10.585911488998958 ], [ -67.679107490697447, -10.585591082276801 ], [ -67.677197895330664, -10.585452637916273 ], [ -67.675283811880774, -10.585497424663473 ], [ -67.673382781589027, -10.58572503207907 ], [ -67.671512226073489, -10.586133374299681 ], [ -67.669689287672199, -10.586718709153363 ], [ -67.667930672345506, -10.587475672454005 ], [ -67.66625249657757, -10.588397327160358 ], [ -67.664670139680069, -10.58947522694919 ], [ -67.661547970961422, -10.591828476971889 ], [ -67.655414405911841, -10.587034929276321 ], [ -67.581419398676303, -10.485590565708845 ], [ -67.58024365548026, -10.484128051139944 ], [ -67.578936016811809, -10.482782167772021 ], [ -67.577507994209483, -10.481564763823243 ], [ -67.575972158987952, -10.48048655646862 ], [ -67.574342031568975, -10.47955703749345 ], [ -67.572631962457052, -10.478784389734285 ], [ -67.57085700590757, -10.478175415042934 ], [ -67.569032787399621, -10.47773547440771 ], [ -67.567175366080221, -10.477468440759026 ], [ -67.529722798833689, -10.473867304618876 ], [ -67.478377222507589, -10.440021679871506 ], [ -67.47673553685064, -10.439048578043343 ], [ -67.475008576581885, -10.438236379056445 ], [ -67.473212065929133, -10.437592478102312 ], [ -67.471362362386699, -10.43712273799405 ], [ -67.46947630777801, -10.43683143578459 ], [ -67.467571074908292, -10.43672122382349 ], [ -67.4656640112037, -10.436793105606901 ], [ -67.463772480760355, -10.437046426640588 ], [ -67.461913706241788, -10.437478880399201 ], [ -67.460104612064001, -10.438086529327515 ], [ -67.458361670296156, -10.438863840692468 ], [ -67.455129204953437, -10.440494581057708 ], [ -67.4360791370691, -10.42135072146047 ], [ -67.44254954349077, -10.40187930451148 ], [ -67.443094726203555, -10.399906610364154 ], [ -67.443435448788861, -10.39788852847556 ], [ -67.443568143245443, -10.39584619192876 ], [ -67.443491420014752, -10.393800987798341 ], [ -67.443206082532171, -10.391774333187847 ], [ -67.442715118813567, -10.389787450952729 ], [ -67.442023670165199, -10.387861147457462 ], [ -67.441138977344636, -10.38601559469407 ], [ -67.440070304736537, -10.384270119043736 ], [ -67.43882884333722, -10.382642998893532 ], [ -67.422638006337152, -10.363535074893564 ], [ -67.421221662095533, -10.362028859756798 ], [ -67.419657386198253, -10.36067691450412 ], [ -67.417961895729647, -10.359493687087321 ], [ -67.41615331003625, -10.35849182240651 ], [ -67.41425095708928, -10.357682027176761 ], [ -67.412275166930641, -10.357072955507711 ], [ -67.410247054410149, -10.356671116418932 ], [ -67.408188293535616, -10.356480804279427 ], [ -67.40612088584723, -10.356504052914611 ], [ -67.367411308847323, -10.35894429091463 ], [ -67.365377133808792, -10.359177539456084 ], [ -67.363377466104737, -10.359617541777416 ], [ -67.3614332636173, -10.360259686354032 ], [ -67.359564902915309, -10.361097243072553 ], [ -67.357791965693963, -10.362121433767001 ], [ -67.356921620138408, -10.362751051676813 ], [ -67.356142291662877, -10.362161129105196 ], [ -67.354490043956432, -10.361145978154292 ], [ -67.352747250009841, -10.360295611647203 ], [ -67.350930294064042, -10.359618023994125 ], [ -67.349056257566843, -10.359119585287955 ], [ -67.347142758588078, -10.358804981418176 ], [ -67.345207786189661, -10.35867717001819 ], [ -67.341039878348255, -10.358604395969506 ], [ -67.346712005287358, -10.344259910677636 ], [ -67.347317071163701, -10.342492460260591 ], [ -67.347754584448424, -10.34067626428627 ], [ -67.348020727853736, -10.338827168999586 ], [ -67.348113179287978, -10.336961307690768 ], [ -67.348031132115693, -10.335094959932993 ], [ -67.347775302195501, -10.333244409543685 ], [ -67.347347921634324, -10.331425802508791 ], [ -67.346752719312249, -10.329655006109641 ], [ -67.345994888348272, -10.327947470481471 ], [ -67.345081040790433, -10.326318093811556 ], [ -67.334419932790411, -10.309232279811573 ], [ -67.333315887571601, -10.30764017520762 ], [ -67.332062972551896, -10.306162367077821 ], [ -67.330672945439517, -10.304812723590832 ], [ -67.329158850641292, -10.303603910182124 ], [ -67.327534896850196, -10.302547270697955 ], [ -67.325816323707045, -10.301652720941524 ], [ -67.324019258787331, -10.300928655620265 ], [ -67.322160566255562, -10.300381869567547 ], [ -67.320257688607143, -10.300017493978039 ], [ -67.318328482983063, -10.299838948255132 ], [ -67.31639105359352, -10.299847907922292 ], [ -67.314463581822807, -10.300044288899473 ], [ -67.312564155610119, -10.300426248292149 ], [ -67.267855172645739, -10.311694833469547 ], [ -67.230982331389939, -10.295251057987056 ], [ -67.229253363842261, -10.294574371625833 ], [ -67.227469094944809, -10.294060934469089 ], [ -67.225644901675068, -10.293715171360871 ], [ -67.223796505082106, -10.293540062116355 ], [ -67.221939834801248, -10.293537115841549 ], [ -67.220090891771122, -10.293706357927695 ], [ -67.218265610336289, -10.29404632983244 ], [ -67.216479720923715, -10.294554101649684 ], [ -67.214748614476619, -10.295225297359744 ], [ -67.169761665604312, -10.315116702543442 ], [ -67.160275651747867, -10.31055579350642 ], [ -67.160364022354869, -10.310041705363433 ], [ -67.160506153160583, -10.308118058837211 ], [ -67.160462313643066, -10.306189666963011 ], [ -67.160232911577452, -10.304274466760402 ], [ -67.159820080756887, -10.302390272546058 ], [ -67.159227661144897, -10.300554610233126 ], [ -67.158461163157895, -10.298784554313192 ], [ -67.157527716409689, -10.297096569037173 ], [ -67.1564360033952, -10.295506355272373 ], [ -67.155196178729739, -10.294028704460201 ], [ -67.140189996729703, -10.27780214046018 ], [ -67.138755683182964, -10.276399384918932 ], [ -67.137188050232652, -10.275147384363052 ], [ -67.135502872100886, -10.274058736980711 ], [ -67.133717105801878, -10.273144397227565 ], [ -67.131848720512835, -10.272413565598143 ], [ -67.129916516760119, -10.271873596046357 ], [ -67.127939937239944, -10.271529921986742 ], [ -67.125938871177269, -10.271386001621018 ], [ -67.08438719366184, -10.270487460588386 ], [ -67.029301468362974, -10.242850988859383 ], [ -67.018416256546232, -10.227424291353854 ], [ -67.018792830558652, -10.22675169779847 ], [ -67.019560745036927, -10.225009575341304 ], [ -67.020159530287756, -10.223202328948283 ], [ -67.020583760293903, -10.221346335358966 ], [ -67.020829590806812, -10.219458413045782 ], [ -67.020894794182112, -10.217555669809938 ], [ -67.020778779565816, -10.21565534775552 ], [ -67.020482598248535, -10.213774667046577 ], [ -67.01653992724853, -10.194699176046553 ], [ -67.016070718166461, -10.192869648985393 ], [ -67.015431019328972, -10.19109254127129 ], [ -67.014626535772493, -10.189383701712536 ], [ -67.013664442135649, -10.187758370280443 ], [ -67.012553318673596, -10.186231042194445 ], [ -67.01130307473656, -10.184815338649166 ], [ -67.009924860395145, -10.183523885336292 ], [ -67.008430967000464, -10.182368199844666 ], [ -67.006834717566008, -10.181358588942782 ], [ -67.005150347948756, -10.18050405665978 ], [ -67.003392879889347, -10.179812223984653 ], [ -67.001577987043433, -10.179289260899875 ], [ -66.970685267232184, -10.171947828103653 ], [ -66.965776592265598, -10.153483226754842 ], [ -66.965161564603022, -10.151564694045279 ], [ -66.964356639110704, -10.149717771812151 ], [ -66.963369983823995, -10.147961201822483 ], [ -66.962211610893476, -10.146312808987862 ], [ -66.96089327498602, -10.144789320484954 ], [ -66.959428354003506, -10.143406196015349 ], [ -66.957831713329725, -10.142177470927216 ], [ -66.956119554982791, -10.141115613790662 ], [ -66.954309253204201, -10.140231399872079 ], [ -66.952419178152454, -10.139533801791412 ], [ -66.938076368480594, -10.135046934874795 ], [ -66.938309929204991, -10.133961254659901 ], [ -66.93853225067744, -10.132035087117471 ], [ -66.938567009231193, -10.130096443240536 ], [ -66.938413878175083, -10.128163544092033 ], [ -66.938074296768093, -10.126254556740932 ], [ -66.937551456691949, -10.124387423512317 ], [ -66.936850272052837, -10.122579693349792 ], [ -66.935977333194458, -10.120848356875225 ], [ -66.93494084475617, -10.119209686696102 ], [ -66.933750548558706, -10.117679084461388 ], [ -66.932417632041961, -10.116270936103419 ], [ -66.930954623115824, -10.114998476626395 ], [ -66.92937527241186, -10.11387366571228 ], [ -66.894304306335442, -10.091375817309574 ], [ -66.894705701953598, -10.082426777689548 ], [ -66.894696262804203, -10.080444231547114 ], [ -66.894490584886981, -10.078472360633798 ], [ -66.894090689284823, -10.076530541432174 ], [ -66.893500505550179, -10.074637855123308 ], [ -66.89272583309149, -10.072812900086554 ], [ -66.891774284185658, -10.0710736091436 ], [ -66.890655209176415, -10.069437073342556 ], [ -66.889379604593628, -10.067919374013711 ], [ -66.887960005096531, -10.066535424747197 ], [ -66.886410360302605, -10.065298824845421 ], [ -66.884745897712349, -10.064221725690246 ], [ -66.882982973077148, -10.063314711338096 ], [ -66.881138909680288, -10.062586694516311 ], [ -66.879231828110747, -10.0620448290427 ], [ -66.877280468202102, -10.061694439528951 ], [ -66.875304004886658, -10.061538969058617 ], [ -66.873321859773995, -10.061579945353841 ], [ -66.857519816758114, -10.062691936724837 ], [ -66.857457121859156, -10.061938716863997 ], [ -66.857210317341071, -10.06005799902324 ], [ -66.856786452208453, -10.058209120872565 ], [ -66.856189339140954, -10.056408713126711 ], [ -66.855424349188652, -10.054672970507665 ], [ -66.854498363459243, -10.053017506072649 ], [ -66.853419711222273, -10.051457210774194 ], [ -66.852198094987173, -10.050006119515578 ], [ -66.850844503228828, -10.048677284906443 ], [ -66.805658280228911, -10.008342555906392 ], [ -66.804124044313156, -10.007103384835693 ], [ -66.802475223791205, -10.006021342473282 ], [ -66.800727851071571, -10.00510695012513 ], [ -66.798898916841196, -10.004369098941897 ], [ -66.797006204855379, -10.003814963465285 ], [ -66.795068119016435, -10.003449931865942 ], [ -66.793103504422092, -10.003277553551246 ], [ -66.785831984459492, -10.0029996946797 ], [ -66.782057143069892, -9.993718348087112 ], [ -66.781250920906302, -9.991979768446116 ], [ -66.780281999107771, -9.990326334476018 ], [ -66.77915927395901, -9.988773227401323 ], [ -66.777893053910688, -9.987334707281763 ], [ -66.776494964931061, -9.98602398208166 ], [ -66.774977843760539, -9.984853086399241 ], [ -66.773355620049486, -9.98383277096937 ], [ -66.727743617049512, -9.958108464969341 ], [ -66.726084396747765, -9.957271804041095 ], [ -66.724354686647501, -9.956592748456043 ], [ -66.722569418529602, -9.956077160184467 ], [ -66.720744003781448, -9.955729490059548 ], [ -66.690107414878455, -9.951357922277641 ], [ -66.682397698701791, -9.932907115807813 ], [ -66.681529143711842, -9.931091231518348 ], [ -66.680482458356607, -9.929371849859018 ], [ -66.679268245096935, -9.927766387407461 ], [ -66.677898803377474, -9.926291106789989 ], [ -66.676388005038632, -9.924960951948378 ], [ -66.67475115380104, -9.923789396764322 ], [ -66.673004830245574, -9.922788308574951 ], [ -66.671166723859372, -9.921967827961954 ], [ -66.669255453849175, -9.92133626603195 ], [ -66.667290380536954, -9.920900020228652 ], [ -66.665291409248383, -9.920663509529579 ], [ -66.663278788680685, -9.920629129683764 ], [ -66.661272905792273, -9.920797228943877 ], [ -66.659294079291811, -9.92116610453858 ], [ -66.657362353818712, -9.921732019920842 ], [ -66.655497296899753, -9.922489242617516 ], [ -66.652460212703048, -9.923904291057031 ], [ -66.644432496651277, -9.892678714752664 ], [ -66.643870162379145, -9.890856524562636 ], [ -66.64313683730731, -9.889096174807255 ], [ -66.642239188455022, -9.887413669692773 ], [ -66.641185376789934, -9.885824305701496 ], [ -66.639984983032676, -9.88434253252392 ], [ -66.638648920553848, -9.882981821689489 ], [ -66.637189336155217, -9.881754544090281 ], [ -66.635619499637102, -9.880671857511151 ], [ -66.633953683156122, -9.879743605188798 ], [ -66.632207031470003, -9.878978226322072 ], [ -66.630395424249116, -9.878382679347048 ], [ -66.628535331706559, -9.87796237867447 ], [ -66.626643664859373, -9.877721145464665 ], [ -66.624737621782145, -9.877661172887507 ], [ -66.622834531250845, -9.877783006183217 ], [ -66.6209516951984, -9.878085537705326 ], [ -66.589154197810259, -9.884763590759395 ], [ -66.569860861475135, -9.869406805327648 ], [ -66.568392869859963, -9.868343333620905 ], [ -66.566834617916967, -9.867417146633629 ], [ -66.565198906574636, -9.866635852925825 ], [ -66.563499173084935, -9.866005870769541 ], [ -66.561749380637167, -9.865532375423232 ], [ -66.559963903651408, -9.865219256617376 ], [ -66.444162998651393, -9.850283371617376 ], [ -66.442273655731043, -9.850130256653701 ], [ -66.440378303014597, -9.850156694184468 ], [ -66.438493965796212, -9.850362446730534 ], [ -66.436637570421681, -9.850745666088345 ], [ -66.434825792244922, -9.851302909931713 ], [ -66.433074905839064, -9.852029172733024 ], [ -66.431400638807659, -9.852917930726161 ], [ -66.429818030509097, -9.853961200507218 ], [ -66.428341296963183, -9.855149610746647 ], [ -66.426983703153724, -9.856472486368649 ], [ -66.425757443873664, -9.857917944441661 ], [ -66.424673534183569, -9.859473000918609 ], [ -66.423741710467155, -9.861123687268076 ], [ -66.422198843413497, -9.864187492665001 ], [ -66.412083384599725, -9.852616597361708 ], [ -66.410739745755222, -9.851222075101058 ], [ -66.409267538566738, -9.849964035485581 ], [ -66.407680565188969, -9.848854272818086 ], [ -66.405993703726153, -9.847903191283606 ], [ -66.404222768747786, -9.847119707408675 ], [ -66.402384363024623, -9.846511166467597 ], [ -66.40049572187543, -9.846083273619447 ], [ -66.398574551583323, -9.845840040421377 ], [ -66.396638863396817, -9.845783747219695 ], [ -66.372032972932502, -9.846260128517571 ], [ -66.364520305849425, -9.83127572481421 ], [ -66.363550275284439, -9.829558015288571 ], [ -66.36241574448195, -9.827944223118028 ], [ -66.361127750966872, -9.826450048423899 ], [ -66.359698825258789, -9.82509002760337 ], [ -66.358142868966226, -9.823877391909058 ], [ -66.356475019541818, -9.822823938725945 ], [ -66.354711503014428, -9.821939916798 ], [ -66.352869476130692, -9.821233926521092 ], [ -66.350966859442025, -9.820712836272206 ], [ -66.349022162960665, -9.820381715588962 ], [ -66.347054306081091, -9.82024378584955 ], [ -66.34508243351867, -9.820300388932859 ], [ -66.296137822504917, -9.82412752849241 ], [ -66.295129093144951, -9.821621132382951 ], [ -66.294275483486743, -9.81977673658986 ], [ -66.293239100277034, -9.818028493147782 ], [ -66.292030645326165, -9.816394454616447 ], [ -66.290662597276821, -9.814891494262742 ], [ -66.289149082748025, -9.813535131825452 ], [ -66.287505730462186, -9.81233937325668 ], [ -66.285749509861091, -9.811316566094797 ], [ -66.283898555877485, -9.810477271962366 ], [ -66.281971981671788, -9.809830157505626 ], [ -66.279989681267409, -9.809381904901727 ], [ -66.277972124122741, -9.809137142857811 ], [ -66.275940143761304, -9.809098398814458 ], [ -66.273914722642388, -9.809266072847043 ], [ -66.271916775493793, -9.809638433534523 ], [ -66.257434782173874, -9.813107118382582 ], [ -66.249727295784808, -9.804842410260376 ], [ -66.248300609443632, -9.803457495281489 ], [ -66.246743460846886, -9.80222108448306 ], [ -66.245071240163867, -9.801145398003589 ], [ -66.243300474885586, -9.800241067453364 ], [ -66.241448666474327, -9.799517030836311 ], [ -66.239534117386924, -9.798980444210724 ], [ -66.23757575018135, -9.798636610961921 ], [ -66.235592920494526, -9.798488929385949 ], [ -66.233605225739723, -9.798538859102303 ], [ -66.231632311414415, -9.798785906627714 ], [ -66.229693676932811, -9.799227630253501 ], [ -66.22780848290229, -9.799859664178351 ], [ -66.225995361748431, -9.80067576165797 ], [ -66.224272233560271, -9.801667856745151 ], [ -66.210997821697518, -9.810216245836266 ], [ -66.211109359379947, -9.808576657195834 ], [ -66.211053870577516, -9.80664529304652 ], [ -66.21081227318858, -9.804728296127868 ], [ -66.210386822069665, -9.802843557994899 ], [ -66.20978148800549, -9.801008669127636 ], [ -66.209001920649243, -9.799240754757109 ], [ -66.208055395793622, -9.797556315033594 ], [ -66.206950747465129, -9.795971071028776 ], [ -66.20569828547498, -9.794499818009177 ], [ -66.204309699196472, -9.793156287350206 ], [ -66.20279794846671, -9.791953018379635 ], [ -66.201177142630954, -9.790901241346599 ], [ -66.199462408858409, -9.790010772608378 ], [ -66.158597770858393, -9.771237294608307 ], [ -66.156799277051192, -9.770514420940966 ], [ -66.154939253593668, -9.769969041210048 ], [ -66.15303517134349, -9.769606278066901 ], [ -66.151104914994491, -9.769429538878899 ], [ -66.105619010994516, -9.767480153878967 ], [ -66.10369361694211, -9.767490403710074 ], [ -66.101778130897941, -9.767685750915632 ], [ -66.099890305813275, -9.768064384994634 ], [ -66.098047638274295, -9.768622796721647 ], [ -66.096267206341707, -9.769355810670731 ], [ -66.094565511269309, -9.770256633181896 ], [ -66.092958324568286, -9.771316915325551 ], [ -66.091460541835104, -9.772526830281366 ], [ -66.09008604469733, -9.773875164414413 ], [ -66.088847572157007, -9.775349421204448 ], [ -66.087756602524152, -9.776935937065154 ], [ -66.087640358463176, -9.777145678416909 ], [ -66.087072201455968, -9.776362087519711 ], [ -66.085812949418241, -9.774797183910083 ], [ -66.084403079965114, -9.77336648228952 ], [ -66.082856813882287, -9.772084413569415 ], [ -66.08118974773339, -9.770963909460924 ], [ -66.079418696543669, -9.77001627203799 ], [ -66.077561524193641, -9.769251059737881 ], [ -66.075636963233293, -9.768675990949072 ], [ -66.07366442593441, -9.768296866158975 ], [ -66.07166380848679, -9.768117509446748 ], [ -66.069655290313378, -9.768139729911361 ], [ -66.037305367313465, -9.770125261911353 ], [ -66.035381273207676, -9.77033720926039 ], [ -66.033486680854011, -9.770734172256356 ], [ -66.031639338129636, -9.771312432289033 ], [ -66.029856550293715, -9.772066572421107 ], [ -66.028155017877864, -9.772989528132133 ], [ -66.0265506802414, -9.774072653496491 ], [ -66.025058566257002, -9.775305802175385 ], [ -66.023692653525501, -9.776677422464189 ], [ -66.022465737438665, -9.778174665504766 ], [ -66.021389311316369, -9.779783505649073 ], [ -66.02047345874125, -9.781488871846509 ], [ -66.017827152410291, -9.787045993406061 ], [ -66.012696073941243, -9.783777505905373 ], [ -66.011005710483118, -9.782813015836576 ], [ -66.009229608155167, -9.782017383865114 ], [ -66.00738458473586, -9.781398143769879 ], [ -66.005488110612234, -9.780961159088447 ], [ -66.003558143354184, -9.78071056759568 ], [ -66.001612957675562, -9.780648742123446 ], [ -65.999670972392252, -9.780776268092467 ], [ -65.997750576015861, -9.781091937968991 ], [ -65.995869952634294, -9.781592762698864 ], [ -65.994046909727942, -9.782274000010636 ], [ -65.992298709552045, -9.783129199319786 ], [ -65.988836152366957, -9.78503717568184 ], [ -65.990349126047576, -9.778985519318395 ], [ -65.990726203250034, -9.777093724526997 ], [ -65.990919274401506, -9.775174402177875 ], [ -65.990926543421551, -9.773245407125854 ], [ -65.990747942688756, -9.771324684207885 ], [ -65.990385133669804, -9.769430101307842 ], [ -65.98984149146338, -9.7675792831372 ], [ -65.989122073402726, -9.765789447277863 ], [ -65.988233572008781, -9.76407724401238 ], [ -65.987184252731794, -9.7624586014316 ], [ -65.985983877060434, -9.760948577260606 ], [ -65.984643611713707, -9.759561218781437 ], [ -65.983175924760445, -9.758309432155603 ], [ -65.981594469632824, -9.757204862362117 ], [ -65.979913958112689, -9.756257784867898 ], [ -65.978150023472494, -9.755477010038318 ], [ -65.931211350472438, -9.737353997038225 ], [ -65.929387718259292, -9.736748830088811 ], [ -65.927514429860693, -9.736321451964455 ], [ -65.92560877507988, -9.736075807217256 ], [ -65.923688342450546, -9.736014163063164 ], [ -65.921770856900878, -9.736137088456374 ], [ -65.919874016158488, -9.736443448838076 ], [ -65.918015327406565, -9.736930416608034 ], [ -65.916211945698663, -9.737593497222363 ], [ -65.914480515623453, -9.738426570676607 ], [ -65.912837017680971, -9.739421947991264 ], [ -65.911296620788093, -9.740570442178408 ], [ -65.903418014287055, -9.747056036845954 ], [ -65.881351326304625, -9.738465509291856 ], [ -65.879518923365666, -9.73785232383298 ], [ -65.877635899408247, -9.737418829065428 ], [ -65.875719831034345, -9.737169071334408 ], [ -65.873788603290507, -9.737105381939113 ], [ -65.871860242724495, -9.737228355371792 ], [ -65.869952749121168, -9.737536843768623 ], [ -65.868083927488101, -9.73802796762415 ], [ -65.866271221859321, -9.738697142669285 ], [ -65.864531552468435, -9.739538122661983 ], [ -65.862881157811159, -9.740543057691188 ], [ -65.861335443071184, -9.741702567449796 ], [ -65.859908836324493, -9.743005828792722 ], [ -65.85861465386418, -9.74444067676275 ], [ -65.857464975902971, -9.745993718141204 ], [ -65.856470533813564, -9.747650456463484 ], [ -65.855640609959437, -9.74939542733259 ], [ -65.854982951050957, -9.751212342767547 ], [ -65.854503695835774, -9.753084243239366 ], [ -65.851082337887178, -9.76976380919859 ], [ -65.833814171726473, -9.746744971845388 ], [ -65.832536736096358, -9.745208460602043 ], [ -65.831112356641341, -9.743807085649307 ], [ -65.829555251191636, -9.742554835191706 ], [ -65.827880962418035, -9.741464208907136 ], [ -65.826106202688436, -9.740546093177935 ], [ -65.824248687248868, -9.739809652425501 ], [ -65.822326957393997, -9.739262237633127 ], [ -65.820360195392055, -9.738909312970176 ], [ -65.818368033011879, -9.738754401249977 ], [ -65.816370355563109, -9.738799048765923 ], [ -65.814387103405494, -9.739042809856713 ], [ -65.812438072908876, -9.739483251354844 ], [ -65.810542718850257, -9.740115976873932 ], [ -65.808719960220714, -9.74093467069244 ], [ -65.806987991380353, -9.741931160795763 ], [ -65.805364100446326, -9.743095500447415 ], [ -65.803864496726831, -9.74441606747507 ], [ -65.802504148923518, -9.745879680280444 ], [ -65.801296635717279, -9.747471729414983 ], [ -65.800254010228997, -9.749176323408051 ], [ -65.79946825779804, -9.75061815801411 ], [ -65.799547206346446, -9.749624050412566 ], [ -65.799507676625609, -9.747641525377654 ], [ -65.799272023523898, -9.745672658767516 ], [ -65.798842563492471, -9.743736804383971 ], [ -65.798223518089245, -9.741852991521286 ], [ -65.794060160089273, -9.731025537521306 ], [ -65.793257538735631, -9.729212133410558 ], [ -65.792279277073789, -9.727487129170806 ], [ -65.7911349929701, -9.725867484334357 ], [ -65.789835936555292, -9.724369122583189 ], [ -65.78839487961784, -9.723006775193863 ], [ -65.786825990036931, -9.721793836205665 ], [ -65.785144692489723, -9.720742230735924 ], [ -65.783367516802329, -9.719862297737164 ], [ -65.781511935435248, -9.719162688348769 ], [ -65.779596191701401, -9.718650280842542 ], [ -65.777639120405368, -9.718330112998366 ], [ -65.775659962667319, -9.71820533257482 ], [ -65.773678176752227, -9.718277166361712 ], [ -65.771713246764236, -9.718544908118794 ], [ -65.769784491086938, -9.719005925519211 ], [ -65.767910872452973, -9.719655686029471 ], [ -65.766110811510273, -9.720487801471441 ], [ -65.76440200571777, -9.721494090828289 ], [ -65.762801255351306, -9.722664660676879 ], [ -65.76132429833018, -9.72398800245584 ], [ -65.75998565548845, -9.725451105613004 ], [ -65.758798487812058, -9.727039585519808 ], [ -65.75777446704538, -9.728737824895047 ], [ -65.756923660939492, -9.730529127347559 ], [ -65.756254434270133, -9.732395881528273 ], [ -65.755773366598717, -9.734319734277761 ], [ -65.755485187584753, -9.736281771066944 ], [ -65.755392730485795, -9.738262701956968 ], [ -65.755434208104617, -9.752285782455658 ], [ -65.751016033478891, -9.755736723474856 ], [ -65.745214361155533, -9.748054157034183 ], [ -65.743931036774754, -9.746520657049269 ], [ -65.742500996302454, -9.745122970418585 ], [ -65.740938534936802, -9.743875068919708 ], [ -65.739259271602833, -9.742789427024237 ], [ -65.737479992819971, -9.741876897198495 ], [ -65.735618484897998, -9.741146601418375 ], [ -65.733693356138716, -9.740605839982802 ], [ -65.693050760138775, -9.731353871982744 ], [ -65.691119541391643, -9.731012852459182 ], [ -65.689164208337147, -9.730862609953029 ], [ -65.687203561014542, -9.730904589008485 ], [ -65.685256450558512, -9.731138386007407 ], [ -65.68334159795009, -9.731561753050004 ], [ -65.681477414019213, -9.73217061956783 ], [ -65.67968182242906, -9.73295913146128 ], [ -65.677972087344642, -9.733919707385303 ], [ -65.676364647442057, -9.735043111642138 ], [ -65.674874957854769, -9.736318542980245 ], [ -65.673517341576343, -9.737733738445637 ], [ -65.672304851748464, -9.739275091287135 ], [ -65.671249146158203, -9.74092778178187 ], [ -65.670360375151304, -9.742675919723226 ], [ -65.669647084039184, -9.744502697201213 ], [ -65.669116130937866, -9.74639055020632 ], [ -65.668772620828875, -9.748321327503092 ], [ -65.668619856476184, -9.750276465149717 ], [ -65.668659306670932, -9.752237164985704 ], [ -65.668890592109321, -9.754184575371498 ], [ -65.669311489039586, -9.756099972442287 ], [ -65.669917950642812, -9.7579649401333 ], [ -65.67070414594204, -9.75976154724566 ], [ -65.671662515865691, -9.761472519850393 ], [ -65.672749864621451, -9.763032650901458 ], [ -65.671314563828005, -9.762931718754512 ], [ -65.669346006762879, -9.762987446614186 ], [ -65.667392473788212, -9.763236507710769 ], [ -65.665472905981261, -9.763676487196111 ], [ -65.663605915099666, -9.764303119114357 ], [ -65.661809603125306, -9.765110327763818 ], [ -65.64101812812541, -9.775713137763784 ], [ -65.639242038154364, -9.776736803651747 ], [ -65.637580064422252, -9.777936899793374 ], [ -65.636049667572863, -9.779300818016299 ], [ -65.634666925907467, -9.780814229038514 ], [ -65.633446366466529, -9.782461233011357 ], [ -65.632400812409216, -9.784224526562825 ], [ -65.631541248293615, -9.786085584586257 ], [ -65.631085868279015, -9.787414473918174 ], [ -65.630446828605358, -9.787605621052162 ], [ -65.628637077859167, -9.788346265487991 ], [ -65.626908304927014, -9.789260101410189 ], [ -65.625277035806036, -9.790338393114046 ], [ -65.623758864417425, -9.791570832799568 ], [ -65.622368303538181, -9.792945639107646 ], [ -65.621118646067941, -9.794449669742551 ], [ -65.620021837957168, -9.79606854710412 ], [ -65.619088364011247, -9.797786795728712 ], [ -65.618327147662185, -9.79958799022503 ], [ -65.617745465666232, -9.801454912290685 ], [ -65.615327872593852, -9.810800676334312 ], [ -65.609193173765789, -9.807973606139605 ], [ -65.607372592685167, -9.807240649168303 ], [ -65.605488939207476, -9.806689658271088 ], [ -65.603560351697851, -9.806325939134078 ], [ -65.601605401207181, -9.80615299413741 ], [ -65.599642912644754, -9.80617248862959 ], [ -65.597691783506647, -9.806384234891263 ], [ -65.595770801905033, -9.806786193942827 ], [ -65.593898465650781, -9.807374495178488 ], [ -65.592092804131511, -9.808143473637694 ], [ -65.590371204700276, -9.809085724555041 ], [ -65.588750245246544, -9.81019217466338 ], [ -65.587245534561887, -9.811452169563502 ], [ -65.585871562037354, -9.81285357631913 ], [ -65.584641558140092, -9.814382900289244 ], [ -65.583567367012378, -9.816025415072744 ], [ -65.582659332420292, -9.817765304314182 ], [ -65.582169530896238, -9.818981573225885 ], [ -65.582625339011599, -9.814185593894651 ], [ -65.582715037130967, -9.812265136543809 ], [ -65.582619925324494, -9.810344939696272 ], [ -65.582340882473332, -9.808442746941516 ], [ -65.581880487074486, -9.806576135502105 ], [ -65.581242993414151, -9.804762353811258 ], [ -65.580434292255987, -9.803018162128616 ], [ -65.579461856407463, -9.801359677666966 ], [ -65.578334671667363, -9.799802225661052 ], [ -65.577063153792466, -9.798360197754659 ], [ -65.575659052250614, -9.79704691901455 ], [ -65.574135341649836, -9.795874524800105 ], [ -65.57250610184623, -9.794853848626483 ], [ -65.570786387839149, -9.793994322057447 ], [ -65.568992090655286, -9.793303887552966 ], [ -65.52540275799447, -9.778895263513203 ], [ -65.51943241719114, -9.735438017278158 ], [ -65.519043019570773, -9.733396810235039 ], [ -65.518443926986748, -9.731407025127195 ], [ -65.517641606878215, -9.729490142464362 ], [ -65.516644720605058, -9.727666855745818 ], [ -65.515464029945122, -9.725956848065966 ], [ -65.514112280916606, -9.724378579627599 ], [ -65.512604066179833, -9.722949088456797 ], [ -65.510955667503723, -9.72168380647075 ], [ -65.458821519935626, -9.685811007613461 ], [ -65.458783121939234, -9.670871508506039 ], [ -65.45867945057843, -9.668888524785821 ], [ -65.45837965319275, -9.666925594905962 ], [ -65.457886685014103, -9.665002068311257 ], [ -65.457205405442011, -9.66313690603136 ], [ -65.456342530142479, -9.661348493773753 ], [ -65.455306564848783, -9.659654460687902 ], [ -65.454107721516763, -9.658071505587156 ], [ -65.452757817661208, -9.656615232341352 ], [ -65.451270159865501, -9.655299996062743 ], [ -65.449659412612917, -9.654138761601493 ], [ -65.447941453732497, -9.653142975745554 ], [ -65.446133217884437, -9.652322454384759 ], [ -65.444252529627889, -9.651685285751368 ], [ -65.442317927716559, -9.651237750690877 ], [ -65.440348482354267, -9.650984260749023 ], [ -65.438363607211713, -9.650927314685285 ], [ -65.436382868057606, -9.651067473841527 ], [ -65.434425789890412, -9.651403356608608 ], [ -65.432511664472102, -9.65193165204551 ], [ -65.43065936016086, -9.652647152516701 ], [ -65.428887135917648, -9.653542805026035 ], [ -65.352426515917671, -9.697078684026025 ], [ -65.35078338824809, -9.698123329635667 ], [ -65.349249627568014, -9.699322800837701 ], [ -65.347839770680892, -9.700665729185047 ], [ -65.346567180044602, -9.702139386560665 ], [ -65.345443917123632, -9.703729805813143 ], [ -65.344480628071935, -9.705421913135732 ], [ -65.343686442829934, -9.707199670934099 ], [ -65.305685859699025, -9.804757435480891 ], [ -65.273068056979724, -9.838916436991422 ], [ -65.271778564247029, -9.840407539143623 ], [ -65.27064213029864, -9.842018344847894 ], [ -65.269669796093609, -9.843733204413489 ], [ -65.268871008289352, -9.845535457220318 ], [ -65.268253527463102, -9.847407593584258 ], [ -65.26782335271453, -9.849331424871473 ], [ -65.26758466338184, -9.851288260209058 ], [ -65.267539778437566, -9.853259088075145 ], [ -65.267689133958854, -9.855224761004255 ], [ -65.268031278890646, -9.857166181613401 ], [ -65.268562889143425, -9.859064488141627 ], [ -65.26927879988817, -9.860901237700366 ], [ -65.27017205573496, -9.86265858545427 ], [ -65.313954533235759, -9.939203084669529 ], [ -65.301101130025231, -9.999570300514469 ], [ -65.300799442862868, -10.001400038481975 ], [ -65.300668527309966, -10.00324985395701 ], [ -65.300709508898677, -10.005103843353707 ], [ -65.300922035294263, -10.006946067201357 ], [ -65.309318739946249, -10.058571763878346 ], [ -65.288454282595495, -10.086643066738887 ], [ -65.287367168812324, -10.088265531572924 ], [ -65.286443482852292, -10.089986290929284 ], [ -65.285692032542542, -10.09178893647049 ], [ -65.285119983353496, -10.093656279031606 ], [ -65.284732790072368, -10.095570512527891 ], [ -65.284534144788935, -10.09751338374509 ], [ -65.284525941689523, -10.099466366393353 ], [ -65.287706411294081, -10.17065948915681 ], [ -65.27276372536204, -10.217625434128369 ], [ -65.272245380103854, -10.219597453204852 ], [ -65.271930515099683, -10.221612000566877 ], [ -65.271822403009963, -10.223648137306085 ], [ -65.271922167535848, -10.225684700117313 ], [ -65.272228771739535, -10.227700521266863 ], [ -65.27273902882213, -10.229674648606819 ], [ -65.273447635246725, -10.23158656334857 ], [ -65.308324407246744, -10.312733322348434 ], [ -65.309104892128772, -10.314346025074999 ], [ -65.310026569330631, -10.315882409750438 ], [ -65.311082042469423, -10.3173301470155 ], [ -65.312262841460964, -10.318677618899033 ], [ -65.370387082075794, -10.37929854483145 ], [ -65.367518857476938, -10.440523739866478 ], [ -65.367520581007525, -10.442431665123078 ], [ -65.367704098545687, -10.444330744654986 ], [ -65.368067739998409, -10.446203695975544 ], [ -65.368608196063263, -10.44803347437669 ], [ -65.369320548344461, -10.449803428043539 ], [ -65.370198314112571, -10.45149744959348 ], [ -65.371233505300253, -10.453100122660665 ], [ -65.372416701197309, -10.454596862191943 ], [ -65.373737134183472, -10.455974047177484 ], [ -65.403870236908929, -10.484540581454494 ], [ -65.394823661962889, -10.496643089292609 ], [ -65.393704744041727, -10.498308000073818 ], [ -65.392758231868541, -10.500076620985627 ], [ -65.391993647131514, -10.501931160120721 ], [ -65.39141868137196, -10.503852961254818 ], [ -65.391039118609172, -10.505822691523861 ], [ -65.390858777154605, -10.507820535908053 ], [ -65.390879471200577, -10.509826396566259 ], [ -65.391100992569875, -10.51182009501553 ], [ -65.391521112810025, -10.513781575121854 ], [ -65.392135605610946, -10.515691104860114 ], [ -65.392938289320654, -10.517529474813591 ], [ -65.399275083458718, -10.530260272271365 ], [ -65.38007756835357, -10.570545419254913 ], [ -65.379319720390555, -10.572360580220824 ], [ -65.378743844045545, -10.574241406981178 ], [ -65.378355509688177, -10.576169706567365 ], [ -65.378158473621198, -10.578126826812907 ], [ -65.378154641746349, -10.580093836773214 ], [ -65.378344051128835, -10.582051709841886 ], [ -65.378724869638717, -10.583981507792382 ], [ -65.379293413672968, -10.58586456396476 ], [ -65.380044183786325, -10.587682663825628 ], [ -65.394425932785069, -10.6181674101885 ], [ -65.390387897015245, -10.625783717922268 ], [ -65.352115658486724, -10.638396448731104 ], [ -65.350235189875107, -10.639123144304616 ], [ -65.348437432382738, -10.640035458205876 ], [ -65.346740652343271, -10.641124120758516 ], [ -65.345162090096707, -10.642378070474246 ], [ -65.343717784816775, -10.643784566444447 ], [ -65.342422411542955, -10.645329317795731 ], [ -65.341289132072959, -10.64699662889409 ], [ -65.340329461230681, -10.648769558822293 ], [ -65.328786914230704, -10.672928467822286 ], [ -65.328071191707195, -10.674622654254929 ], [ -65.327514124988667, -10.676375424368294 ], [ -65.327120424807333, -10.678171956184437 ], [ -65.326893420416326, -10.67999705766262 ], [ -65.326835031436516, -10.681835295168014 ], [ -65.328215224436562, -10.778735804167979 ], [ -65.328338001497499, -10.780681804189987 ], [ -65.328649691799839, -10.782606600139635 ], [ -65.32914733273482, -10.784491896878132 ], [ -65.329826194237413, -10.786319774705735 ], [ -65.330679823745527, -10.788072859688056 ], [ -65.33170010753139, -10.789734488794878 ], [ -65.332877347822389, -10.791288868281873 ], [ -65.334200354978137, -10.792721223809735 ], [ -65.335656553847713, -10.794017940873939 ], [ -65.337150126565916, -10.795106923923452 ], [ -65.262507680113941, -10.857348440586071 ], [ -65.261028545256366, -10.8587137277073 ], [ -65.259694138557492, -10.86022078033155 ], [ -65.258517977052918, -10.861854332585214 ], [ -65.25751197481425, -10.863597837201235 ], [ -65.256686322264031, -10.865433633136684 ], [ -65.256049382950607, -10.867343124472431 ], [ -65.255607608828527, -10.869306968782793 ], [ -65.247137870828439, -10.918375495782881 ], [ -65.24690240706073, -10.920282007975935 ], [ -65.246850938413232, -10.922202315999792 ], [ -65.246983939714056, -10.9241187038995 ], [ -65.247300183949093, -10.926013491885522 ], [ -65.247796753581909, -10.92786919944005 ], [ -65.248469067469713, -10.929668706584916 ], [ -65.249310923127084, -10.931395411823321 ], [ -65.250314553947447, -10.933033385298257 ], [ -65.25147070085454, -10.93456751575469 ], [ -65.252768697722829, -10.935983649949639 ], [ -65.254196569778557, -10.937268723224053 ], [ -65.255741144074136, -10.93841088003186 ], [ -65.25577224751072, -10.938429551292826 ], [ -65.233855315760422, -10.974076239460814 ], [ -65.232903018369868, -10.975812233836404 ], [ -65.232127043852941, -10.977633884280705 ], [ -65.23153499782066, -10.979523336129203 ], [ -65.231132683133453, -10.98146207017094 ], [ -65.230924043025198, -10.983431084162094 ], [ -65.230911122454188, -10.985411079073952 ], [ -65.23109404805966, -10.98738264824976 ], [ -65.23147102692063, -10.9893264676165 ], [ -65.23203836412894, -10.991223485087216 ], [ -65.232790499004409, -10.99305510729751 ], [ -65.233720059597104, -10.994803381845927 ], [ -65.234817934942527, -10.996451173252035 ], [ -65.236073364361516, -10.99798233090756 ], [ -65.23747404292962, -10.999381847374408 ], [ -65.275155137585415, -11.033475789298524 ], [ -65.263567237718902, -11.053599157855386 ], [ -65.26264428192377, -11.055408661353059 ], [ -65.261909630890003, -11.057302450720023 ], [ -65.261370862819049, -11.059260990807326 ], [ -65.261033535306012, -11.061264078538008 ], [ -65.260901128010957, -11.063291051309426 ], [ -65.260975006764895, -11.065321000135768 ], [ -65.261254409480699, -11.067332985332097 ], [ -65.266724685480682, -11.095963242332072 ], [ -65.26716262414277, -11.097786796173548 ], [ -65.267769444373343, -11.099561312471661 ], [ -65.268539810494829, -11.101271188175733 ], [ -65.269466948795625, -11.102901388609945 ], [ -65.270542707090314, -11.104437579670956 ], [ -65.271757626400557, -11.10586625386548 ], [ -65.273101024126504, -11.107174849079609 ], [ -65.27456108797719, -11.108351859035563 ], [ -65.276124979834279, -11.109386934464633 ], [ -65.340478834916681, -11.147767233143409 ], [ -65.336127907429884, -11.169938640486565 ], [ -65.310691575925517, -11.181108855359932 ], [ -65.308917093403437, -11.181995552194747 ], [ -65.307239177456054, -11.183053672023282 ], [ -65.305674334663294, -11.184272805540148 ], [ -65.304237959242386, -11.185640959459946 ], [ -65.302944181606577, -11.187144674501798 ], [ -65.301805729356403, -11.188769157795683 ], [ -65.300833802071381, -11.190498428408011 ], [ -65.300037961133555, -11.192315474554841 ], [ -65.299426035666954, -11.194202420956127 ], [ -65.299004045518146, -11.196140704684673 ], [ -65.298776142035834, -11.198111257779814 ], [ -65.298744567231608, -11.200094694829424 ], [ -65.298909631724143, -11.202071503674842 ], [ -65.299269711683465, -11.204022237362695 ], [ -65.299821264805416, -11.205927705455236 ], [ -65.30055886515926, -11.207769162817227 ], [ -65.301475256565581, -11.209528494022104 ], [ -65.302561423979242, -11.211188391563381 ], [ -65.303806682175349, -11.212732526118085 ], [ -65.305198780865723, -11.214145707187264 ], [ -65.306724025211636, -11.215414032533266 ], [ -65.308367410547461, -11.216525024943673 ], [ -65.310112769989885, -11.217467754976493 ], [ -65.339569279447758, -11.231538274651239 ], [ -65.339720607022713, -11.257837115573416 ], [ -65.327394272740349, -11.293276248236316 ], [ -65.286377879642757, -11.304919828622131 ], [ -65.284521209268661, -11.305546691163245 ], [ -65.282734798766725, -11.306352246277504 ], [ -65.281035798488475, -11.30732876027024 ], [ -65.27944051960759, -11.308466858163973 ], [ -65.277964277525285, -11.309755613702446 ], [ -65.276621244835482, -11.31118265424764 ], [ -65.275424315261475, -11.312734279562715 ], [ -65.274384979870362, -11.314395593340508 ], [ -65.273513216753543, -11.316150646214835 ], [ -65.272817395232579, -11.317982588881641 ], [ -65.272304195509804, -11.319873833859974 ], [ -65.271978544535486, -11.321806224339777 ], [ -65.271843568706743, -11.323761208495512 ], [ -65.271900563852796, -11.32572001759209 ], [ -65.272148982794363, -11.327663846173262 ], [ -65.272586440596882, -11.329574032602522 ], [ -65.273208737466916, -11.331432238223289 ], [ -65.274009899072126, -11.333220623418336 ], [ -65.274982233897518, -11.334922018878203 ], [ -65.2761164070875, -11.336520090434366 ], [ -65.277401530064779, -11.337999495874671 ], [ -65.278825265065549, -11.33934603223552 ], [ -65.280373943587705, -11.340546772156781 ], [ -65.282032697614639, -11.341590187990306 ], [ -65.312323451261946, -11.35863257475595 ], [ -65.29126431229453, -11.480351020639368 ], [ -65.22131209748828, -11.496206063792091 ], [ -65.219439082325295, -11.49672749150497 ], [ -65.217625546470245, -11.497428319845566 ], [ -65.215888628166397, -11.498301925858753 ], [ -65.214244741607232, -11.499340053809012 ], [ -65.212709421819341, -11.500532893198638 ], [ -65.211297177853623, -11.501869171478718 ], [ -65.210021355672083, -11.50333626057677 ], [ -65.195871964672151, -11.521300712576714 ], [ -65.194774723351784, -11.522837918095508 ], [ -65.19382737332576, -11.524471768532452 ], [ -65.193038362444199, -11.526187694274117 ], [ -65.192414726591963, -11.527970393813 ], [ -65.191962026947181, -11.52980397019639 ], [ -65.191684300390222, -11.531672072785032 ], [ -65.19158402350557, -11.533558043057472 ], [ -65.19166209049709, -11.535445063159896 ], [ -65.191917805214274, -11.537316305876795 ], [ -65.192348887359884, -11.539155084685094 ], [ -65.192951492824292, -11.540945002553707 ], [ -65.193720247964691, -11.542670098161562 ], [ -65.194648297523727, -11.54431498823026 ], [ -65.212155834323596, -11.57218327974542 ], [ -65.20461158824935, -11.663091040601506 ], [ -65.204545140407191, -11.665032744728276 ], [ -65.204667404557938, -11.666971734596501 ], [ -65.204977226946681, -11.668889712781747 ], [ -65.205471683911043, -11.670768580137905 ], [ -65.206146109470495, -11.672590606591168 ], [ -65.206994139357278, -11.674338598451204 ], [ -65.208007771073298, -11.675996060660712 ], [ -65.209177439406218, -11.677547352452279 ], [ -65.230193393990177, -11.70277133283064 ], [ -65.150911062384779, -11.748392961391369 ], [ -65.14843119191795, -11.720105989543821 ], [ -65.148162408508867, -11.718152810562156 ], [ -65.147702622084537, -11.716235586240535 ], [ -65.147056300794986, -11.714372947937992 ], [ -65.146229725514033, -11.712582996553087 ], [ -65.145230928802405, -11.710883126621514 ], [ -65.144069616848341, -11.709289857278073 ], [ -65.142757075143933, -11.70781867172566 ], [ -65.141306058814138, -11.706483866771341 ], [ -65.139730668663887, -11.705298413891674 ], [ -65.138046214148204, -11.704273833177432 ], [ -65.136269064596689, -11.703420081382722 ], [ -65.134416490138335, -11.702745455166438 ], [ -65.094081794138333, -11.690271994166368 ], [ -65.092234905369367, -11.689796033406548 ], [ -65.090351077483902, -11.689498158822643 ], [ -65.088447441714933, -11.689381079239025 ], [ -65.086541309425229, -11.689445859358928 ], [ -65.08465001468052, -11.689691910082175 ], [ -65.082790756616234, -11.690116993862388 ], [ -65.080980443031308, -11.690717245054863 ], [ -65.079235536631344, -11.691487205070139 ], [ -65.077571905319274, -11.692419872013552 ], [ -65.076004677895313, -11.69350676435935 ], [ -65.074548106477877, -11.694737998080351 ], [ -65.073215436897215, -11.696102376531723 ], [ -65.072018788239816, -11.697587492271504 ], [ -65.070969042639419, -11.699179839891919 ], [ -65.070075746316562, -11.700864938835416 ], [ -65.069347022766806, -11.702627465078576 ], [ -65.041823555766825, -11.779371318078615 ], [ -65.041237590360808, -11.781308501225292 ], [ -65.040850404006591, -11.783294985740184 ], [ -65.040665961525335, -11.785310429853007 ], [ -65.040686151623746, -11.78733419524473 ], [ -65.040910767553484, -11.789345558385714 ], [ -65.051761521507416, -11.85580912795024 ], [ -65.00703657274957, -11.883238820389696 ], [ -65.005382676535959, -11.88437096122391 ], [ -65.003850398711307, -11.885662952021844 ], [ -65.002455127618305, -11.887101817592677 ], [ -65.001210875669983, -11.888673107713245 ], [ -65.000130138625991, -11.890361042248593 ], [ -64.999223770100272, -11.892148669628527 ], [ -64.998500872560612, -11.894018037088669 ], [ -64.997968705914374, -11.895950370966268 ], [ -64.997632614598842, -11.897926265240137 ], [ -64.99749597390813, -11.899925876421225 ], [ -64.997560156095872, -11.90192912283659 ], [ -64.99782451659388, -11.903915886305393 ], [ -64.998286400485497, -11.905866214181559 ], [ -64.998941169168319, -11.907760519733969 ], [ -65.017689364881505, -11.95430449293719 ], [ -65.016881557509578, -11.95476121543588 ], [ -65.01529037154549, -11.955877605524632 ], [ -65.013815071846267, -11.957143184601602 ], [ -65.012469593353771, -11.958545998640879 ], [ -65.011266644783746, -11.960072797363848 ], [ -65.010217588585732, -11.961709159394688 ], [ -65.009332333619, -11.963439628477461 ], [ -65.008619241558435, -11.965247859468167 ], [ -65.00808504791442, -11.967116772722781 ], [ -65.007734798412486, -11.96902871542301 ], [ -65.007571801333938, -11.970965628315982 ], [ -65.007597596267516, -11.972909216292887 ], [ -65.007811939567219, -11.974841121195423 ], [ -65.007851120055449, -11.975027018899002 ], [ -65.003561533882291, -11.974927013944257 ], [ -65.001563047083309, -11.974980369425529 ], [ -64.99957987146054, -11.97523297730805 ], [ -64.997631822886405, -11.9756823135362 ], [ -64.99573836624424, -11.976323888346554 ], [ -64.993918420935231, -11.97715129112955 ], [ -64.992190171836057, -11.978156254484247 ], [ -64.990570887595695, -11.979328736826123 ], [ -64.989076748087271, -11.980657022722475 ], [ -64.972234008157798, -11.997209401631828 ], [ -64.942651194614015, -11.990489626325871 ], [ -64.940791916127182, -11.990158720439497 ], [ -64.938909715468455, -11.990004655915463 ], [ -64.937021374410435, -11.99002880639892 ], [ -64.935143729473737, -11.990230956563238 ], [ -64.933293521811947, -11.990609304029871 ], [ -64.931487247946876, -11.991160475438434 ], [ -64.929741012684929, -11.991879556523706 ], [ -64.928070385526041, -11.992760135931411 ], [ -64.926490261845458, -11.993794362382095 ], [ -64.92501473008592, -11.994973014673429 ], [ -64.923656946144675, -11.996285583896801 ], [ -64.912842407089727, -12.007776162657089 ], [ -64.825700529765314, -12.005698695063115 ], [ -64.823743960208816, -12.005747842033559 ], [ -64.821801562876431, -12.005987992938806 ], [ -64.819891939038385, -12.006416847985811 ], [ -64.818033376111202, -12.007030300265811 ], [ -64.81624367252914, -12.007822475083946 ], [ -64.814539967298415, -12.008785786217967 ], [ -64.812938575866355, -12.009911008567315 ], [ -64.811454833877363, -12.011187366496834 ], [ -64.810102950311872, -12.012602637029094 ], [ -64.808895871414748, -12.014143266897124 ], [ -64.807845156716269, -12.015794502336584 ], [ -64.806960868332808, -12.017540530374454 ], [ -64.79222733333286, -12.05054623737437 ], [ -64.791530132353699, -12.05233390025332 ], [ -64.791007451821073, -12.054180148566772 ], [ -64.790664102784248, -12.056067988393934 ], [ -64.790503245623256, -12.057980042982033 ], [ -64.790526360959021, -12.059898712691849 ], [ -64.79073323602482, -12.061806336994815 ], [ -64.791121966624743, -12.063685357030577 ], [ -64.791688974661, -12.065518477228744 ], [ -64.791935973065094, -12.066109333600412 ], [ -64.790676546072618, -12.065909532343003 ], [ -64.788768834379525, -12.065791620684664 ], [ -64.786858578748721, -12.065856354664014 ], [ -64.784963225865127, -12.066103143054768 ], [ -64.783100086304415, -12.066529731897178 ], [ -64.781286176432573, -12.067132225083826 ], [ -64.779538062992557, -12.067905119943424 ], [ -64.777871711797516, -12.068841357497638 ], [ -64.751088420797558, -12.085621815497666 ], [ -64.749506286017152, -12.086722664238838 ], [ -64.748037465975969, -12.087970697131407 ], [ -64.746695602407755, -12.089354323012428 ], [ -64.745493157932174, -12.09086069139283 ], [ -64.744441300307656, -12.09247581180694 ], [ -64.744105665600813, -12.093119172105128 ], [ -64.743349528999317, -12.092750706835307 ], [ -64.741492989747798, -12.092063709137342 ], [ -64.739577629794198, -12.091563609069812 ], [ -64.73762221345946, -12.09125530599284 ], [ -64.735645897487288, -12.091141820277549 ], [ -64.733668043370116, -12.091224263716207 ], [ -64.731708027669185, -12.091501828630264 ], [ -64.729785052187069, -12.091971795782994 ], [ -64.727917955852263, -12.092629561019193 ], [ -64.726125030158627, -12.093468680370986 ], [ -64.724423839968139, -12.09448093318783 ], [ -64.722831051432081, -12.095656402672251 ], [ -64.721362268716788, -12.096983573032324 ], [ -64.720031881133366, -12.098449442299119 ], [ -64.718852922169148, -12.100039649703861 ], [ -64.717836941801636, -12.101738616366935 ], [ -64.716993893346213, -12.10352969792042 ], [ -64.716332035945911, -12.10539534756896 ], [ -64.715857853658562, -12.107317287991497 ], [ -64.715575991934017, -12.109276690399799 ], [ -64.712098276090074, -12.146418499422454 ], [ -64.688116934888157, -12.169695832487275 ], [ -64.607760192005486, -12.197260836474216 ], [ -64.582780665771025, -12.191309860746891 ], [ -64.580890544418295, -12.19095462593488 ], [ -64.578975041810423, -12.190782578677128 ], [ -64.577051870362951, -12.190795309873334 ], [ -64.575138813404294, -12.190992701799699 ], [ -64.573253560735367, -12.191372929197513 ], [ -64.571413545054341, -12.191932476151077 ], [ -64.569635780758489, -12.192666168598958 ], [ -64.567936706614248, -12.193567222177887 ], [ -64.566332033749987, -12.194627304956921 ], [ -64.564836600377106, -12.195836614481793 ], [ -64.563464234582923, -12.197183968416979 ], [ -64.546494977430626, -12.215527687694543 ], [ -64.521256959301525, -12.204916967487918 ], [ -64.519406374028506, -12.204244087745678 ], [ -64.517498589435505, -12.203756449614508 ], [ -64.515552098789883, -12.203458780054865 ], [ -64.513585770559288, -12.203353964551182 ], [ -64.511618665508664, -12.203443019141195 ], [ -64.509669851933083, -12.203725080566887 ], [ -64.50775822081772, -12.204197414642557 ], [ -64.505902302716521, -12.204855442758875 ], [ -64.504120088124694, -12.205692786266008 ], [ -64.502428853086442, -12.206701328305588 ], [ -64.500844991728115, -12.207871292492149 ], [ -64.499383857340462, -12.209191337681327 ], [ -64.498059613550225, -12.210648667906174 ], [ -64.496885097023835, -12.212229156415928 ], [ -64.495871693034118, -12.213917482614825 ], [ -64.495029225096289, -12.21569728057357 ], [ -64.494365859742771, -12.217551297673813 ], [ -64.474500977742792, -12.283076316673933 ], [ -64.474016657144574, -12.285019426628219 ], [ -64.473729079995962, -12.287001229373169 ], [ -64.473641129432366, -12.289001856133629 ], [ -64.47375368721157, -12.291001249412259 ], [ -64.474065624873546, -12.292979364078134 ], [ -64.485991142124988, -12.349909291097248 ], [ -64.454056612110023, -12.366102309736055 ], [ -64.452490135034765, -12.366987360954935 ], [ -64.451009535823871, -12.36800960948832 ], [ -64.449626796841201, -12.369160782365496 ], [ -64.448353108476127, -12.37043156324197 ], [ -64.396170733980412, -12.427403744430165 ], [ -64.292874591486509, -12.438031643612366 ], [ -64.290866139500935, -12.438342090052899 ], [ -64.288899562114395, -12.438854759296738 ], [ -64.286995165498837, -12.439564357705358 ], [ -64.285172613769916, -12.440463558220387 ], [ -64.283450725942345, -12.441543076020185 ], [ -64.281847281611547, -12.442791764391579 ], [ -64.280378837367934, -12.444196729826814 ], [ -64.279060555839479, -12.445743465157294 ], [ -64.277906049127878, -12.447415999349385 ], [ -64.276927238254913, -12.44919706241558 ], [ -64.276134230070156, -12.451068263738192 ], [ -64.275535212891413, -12.453010281964259 ], [ -64.275136371954943, -12.455003064510906 ], [ -64.274941825549064, -12.457026034621112 ], [ -64.274692028214304, -12.46256786371473 ], [ -64.242817314841929, -12.438021723456934 ], [ -64.241192733109145, -12.436894065462688 ], [ -64.239464727170486, -12.435932361852169 ], [ -64.237650192078547, -12.435146015389973 ], [ -64.235766868898367, -12.434542714339504 ], [ -64.233833171249628, -12.434128357293316 ], [ -64.231868005273029, -12.43390699550142 ], [ -64.229890584781288, -12.433880793261421 ], [ -64.227920243401954, -12.434050006757751 ], [ -64.225976245548637, -12.43441298155691 ], [ -64.224077598069201, -12.434966168783179 ], [ -64.222242864411967, -12.43570415981668 ], [ -64.220489983127337, -12.436619739174512 ], [ -64.194933108427833, -12.451621775533541 ], [ -64.179085308935967, -12.447717826368157 ], [ -64.177130780693304, -12.447338413654553 ], [ -64.175148213494964, -12.447155214411293 ], [ -64.173157255249336, -12.447170044204553 ], [ -64.171177637022851, -12.447382756066087 ], [ -64.169228977498591, -12.447791241949739 ], [ -64.167330588548452, -12.448391453622889 ], [ -64.165501283845998, -12.449177442785794 ], [ -64.163759192416663, -12.45014142002125 ], [ -64.162121578972986, -12.451273831990335 ], [ -64.160604672815495, -12.452563456109212 ], [ -64.159223506994863, -12.453997511768716 ], [ -64.157991769329342, -12.455561786994489 ], [ -64.15692166675386, -12.457240779292437 ], [ -64.156023804345182, -12.459017849283663 ], [ -64.15530708022203, -12.460875385606306 ], [ -64.154778597361769, -12.462794979450075 ], [ -64.153962550288796, -12.466463911751758 ], [ -64.153308084271572, -12.465583972616233 ], [ -64.151989775416695, -12.464133075051356 ], [ -64.150535755707949, -12.462818210546086 ], [ -64.148959994792307, -12.461652011799156 ], [ -64.147277631958133, -12.460645683187421 ], [ -64.14550483068291, -12.459808893118634 ], [ -64.143658623340968, -12.459149681141204 ], [ -64.141756747563107, -12.458674380703389 ], [ -64.139817475820465, -12.458387558304029 ], [ -64.137859439869814, -12.458291969619427 ], [ -64.135901451747088, -12.458388533027906 ], [ -64.133962323028641, -12.458676320786381 ], [ -64.132060684097169, -12.459152567943759 ], [ -64.13021480514827, -12.459812698905495 ], [ -64.128442420657677, -12.46065037139409 ], [ -64.126760558995414, -12.461657537383196 ], [ -64.1251853788239, -12.462824520419868 ], [ -64.123732013851949, -12.464140108592106 ], [ -64.12241442743607, -12.465591662248471 ], [ -64.121245278426031, -12.467165235434868 ], [ -64.12023579954365, -12.468845709881757 ], [ -64.117160713688037, -12.474584438259905 ], [ -64.113663837327891, -12.471544284843009 ], [ -64.112139812789579, -12.470343981006414 ], [ -64.110506668539358, -12.469296975776462 ], [ -64.108779769933662, -12.468413119849751 ], [ -64.106975364412065, -12.467700728940784 ], [ -64.10511042863412, -12.467166505543974 ], [ -64.103202508755288, -12.466815475873561 ], [ -64.1012695553448, -12.466650942574732 ], [ -64.099329754498626, -12.466674453650842 ], [ -64.097401356736469, -12.4668857878991 ], [ -64.095502505292728, -12.467282956991749 ], [ -64.093651065416708, -12.467862224183145 ], [ -64.091864456288349, -12.468618139466747 ], [ -64.090159487130705, -12.469543590851227 ], [ -64.078125188249558, -12.476852739920535 ], [ -64.06963094257479, -12.472313416513058 ], [ -64.067849592036481, -12.471471502654353 ], [ -64.065994045671374, -12.470808949733643 ], [ -64.064082311690015, -12.470332187874536 ], [ -64.062132943607779, -12.470045844085071 ], [ -64.060164860181715, -12.469952697352255 ], [ -64.058197161802596, -12.470053651671812 ], [ -64.056248945124324, -12.470347727274831 ], [ -64.054339117729469, -12.470832070136494 ], [ -64.052486214629852, -12.471501979674596 ], [ -64.050708218382951, -12.472350954369025 ], [ -64.049022384569838, -12.473370754859491 ], [ -64.047445074328564, -12.474551483909098 ], [ -64.045991595568154, -12.475881682457743 ], [ -64.044676054404192, -12.477348440833119 ], [ -64.029265923528328, -12.496333826051123 ], [ -64.017563699329784, -12.496754783462007 ], [ -64.013037264771, -12.489941883711721 ], [ -64.011877167613363, -12.488368425227652 ], [ -64.010568999062073, -12.486915740796114 ], [ -64.00912525734968, -12.485597709353332 ], [ -64.007559735973771, -12.484426923361875 ], [ -64.005887391913873, -12.483414568502372 ], [ -64.004124202732669, -12.482570316805603 ], [ -64.00228701392642, -12.481902234245977 ], [ -64.000393377983315, -12.481416703679287 ], [ -63.998461386686998, -12.481118363860945 ], [ -63.996509498267919, -12.48101006512735 ], [ -63.994556361053469, -12.481092842163795 ], [ -63.992620635302025, -12.481365904119093 ], [ -63.990720814922973, -12.481826642161357 ], [ -63.988875050786056, -12.482470654402768 ], [ -63.987100977308053, -12.48329178795518 ], [ -63.985415543973751, -12.484282197714753 ], [ -63.950052790921092, -12.507459116592173 ], [ -63.916687921437841, -12.490016429639109 ], [ -63.906824089856563, -12.441721753191471 ], [ -63.906323857054289, -12.439776529673777 ], [ -63.905631042775553, -12.437891288106911 ], [ -63.904752634273002, -12.436085041752479 ], [ -63.903697490576128, -12.434376007180211 ], [ -63.90247625314516, -12.432781420548052 ], [ -63.90110123854852, -12.431317363770026 ], [ -63.899586314246321, -12.429998602325007 ], [ -63.897946758732623, -12.42883843634216 ], [ -63.896199107446932, -12.427848566464906 ], [ -63.894360986009062, -12.427038975846209 ], [ -63.892450932459091, -12.42641782946529 ], [ -63.890488210295395, -12.425991391781224 ], [ -63.888492614196068, -12.425763963553862 ], [ -63.88648427038332, -12.42573783846931 ], [ -63.884483433644107, -12.425913280007363 ], [ -63.88251028305416, -12.426288518784238 ], [ -63.880584718465592, -12.426859770397366 ], [ -63.838006491428168, -12.441855671204241 ], [ -63.79650660797455, -12.412599847671682 ], [ -63.794755558667148, -12.411496452291933 ], [ -63.792899853598584, -12.410579929657471 ], [ -63.79095936576978, -12.409860094935301 ], [ -63.788954876131903, -12.409344656934511 ], [ -63.786907851040326, -12.409039135551582 ], [ -63.784840212368415, -12.408946802657042 ], [ -63.782774102743225, -12.409068647056561 ], [ -63.780731648417039, -12.409403363901703 ], [ -63.684986601417002, -12.430231617901683 ], [ -63.683234576581917, -12.43069682261685 ], [ -63.681531869515183, -12.431318751145442 ], [ -63.54963086751512, -12.486392999145425 ], [ -63.547662443050974, -12.487344394103626 ], [ -63.545809625166463, -12.4885049599675 ], [ -63.544094554327707, -12.4898608284182 ], [ -63.542537724976235, -12.491395797345556 ], [ -63.493632016545277, -12.54519542329251 ], [ -63.437111978652439, -12.544461952857967 ], [ -63.435169012760909, -12.544531244550754 ], [ -63.433241955071466, -12.544788861428888 ], [ -63.431349015883235, -12.545232369065815 ], [ -63.429508083082524, -12.545857576405513 ], [ -63.427736553105959, -12.546658575367113 ], [ -63.426051166547751, -12.547627796675043 ], [ -63.424467849964493, -12.548756081387131 ], [ -63.423001565372516, -12.550032767444726 ], [ -63.421666168859858, -12.551445790426962 ], [ -63.420474279649127, -12.552981797557054 ], [ -63.419437160848418, -12.554626273883292 ], [ -63.418564613017246, -12.556363679442356 ], [ -63.417864881553307, -12.558177596108775 ], [ -63.407788467553281, -12.588630665108807 ], [ -63.407254649174057, -12.590564179104902 ], [ -63.40699086799323, -12.592109734784213 ], [ -63.405403059034136, -12.592449461611395 ], [ -63.403543816235256, -12.592941837873282 ], [ -63.401740466077513, -12.593610527918838 ], [ -63.400009686025072, -12.594449347672146 ], [ -63.398367482410478, -12.595450539690033 ], [ -63.396829042407354, -12.596604844903236 ], [ -63.395408593578715, -12.597901588244717 ], [ -63.394119272299847, -12.599328777373152 ], [ -63.359367186232518, -12.641729232286131 ], [ -63.264605674638695, -12.664410354063111 ], [ -63.264614171708537, -12.664342740167818 ], [ -63.26476167717756, -12.662434675716217 ], [ -63.264726137804999, -12.660521248224029 ], [ -63.26450787899536, -12.658619977357771 ], [ -63.264108899163318, -12.656748271475834 ], [ -63.263532851435855, -12.654923268234592 ], [ -63.262785010203622, -12.653161677673129 ], [ -63.261872222827733, -12.651479629213281 ], [ -63.260802846944145, -12.649892523975918 ], [ -63.259586673939758, -12.648414893765663 ], [ -63.258234839300776, -12.647060268015238 ], [ -63.256759720654351, -12.64584104990767 ], [ -63.255174824436885, -12.644768402810657 ], [ -63.253494662226856, -12.643852148062871 ], [ -63.251734617874298, -12.643100675048125 ], [ -63.249910806643697, -12.642520864380741 ], [ -63.248039927659896, -12.642118024905489 ], [ -63.213922083777412, -12.636464251992111 ], [ -63.213399440277001, -12.622776502036164 ], [ -63.21322834394077, -12.620820801099825 ], [ -63.212866334452393, -12.618891296179127 ], [ -63.212316899809586, -12.617006578247459 ], [ -63.211585333870225, -12.615184806751074 ], [ -63.210678685345499, -12.613443534641011 ], [ -63.209605689884846, -12.611799539248652 ], [ -63.208376685907133, -12.61026866063445 ], [ -63.207003514988905, -12.608865648967354 ], [ -63.205499407769658, -12.607604022405461 ], [ -63.20387885647326, -12.606495936847198 ], [ -63.202157475273964, -12.605552068808031 ], [ -63.200351849852211, -12.604781512551158 ], [ -63.198479377590012, -12.604191692463379 ], [ -63.196558099945349, -12.603788291520384 ], [ -63.194606528620994, -12.603575196530709 ], [ -63.192643467202338, -12.603554460685945 ], [ -63.190687829982991, -12.603726283778036 ], [ -63.188758459723658, -12.60408901027426 ], [ -63.186873946100242, -12.604639145268456 ], [ -63.185052446590475, -12.60537138815479 ], [ -63.183311511524778, -12.606278683699632 ], [ -63.176520042592699, -12.610253601073028 ], [ -63.176310125650041, -12.609430252778136 ], [ -63.175727428758748, -12.607540501402742 ], [ -63.174960955098882, -12.605717532928889 ], [ -63.17401819828401, -12.603979170045042 ], [ -63.172908375402216, -12.602342408272831 ], [ -63.171642336903062, -12.600823249806249 ], [ -63.170232460515557, -12.599436547062369 ], [ -63.168692530234317, -12.598195857473126 ], [ -63.167037601557048, -12.59711331093783 ], [ -63.165283854290848, -12.5961994912323 ], [ -63.163448434366437, -12.59546333253404 ], [ -63.161549286206892, -12.594912032075108 ], [ -63.159604977289639, -12.594550979776653 ], [ -63.157634516617094, -12.59438370555306 ], [ -63.155657168870576, -12.594411844800891 ], [ -63.153692266064539, -12.59463512241004 ], [ -63.151759018542485, -12.595051355453416 ], [ -63.149876327162445, -12.59565647452885 ], [ -63.148062598508204, -12.59644456354458 ], [ -63.146335564932919, -12.597407917559345 ], [ -63.144712111194515, -12.598537118111588 ], [ -63.143208109377802, -12.599821125301307 ], [ -63.141838263717226, -12.60124738572428 ], [ -63.140615966837409, -12.602801955203434 ], [ -63.139553168816931, -12.604469635117445 ], [ -63.125469186252126, -12.629186310956475 ], [ -63.08751932340094, -12.640547665462584 ], [ -63.085665202592985, -12.641203692496541 ], [ -63.083884481051463, -12.642038657304981 ], [ -63.082194378956629, -12.643044485495494 ], [ -63.080611240168018, -12.6442114503689 ], [ -63.079150374173757, -12.645528266979742 ], [ -63.077825908042662, -12.646982201265519 ], [ -63.076650649810681, -12.648559193189387 ], [ -63.075635964622869, -12.650243992705473 ], [ -63.074791664828545, -12.652020307231982 ], [ -63.074125915092623, -12.653870959205989 ], [ -63.073645153440452, -12.65577805219627 ], [ -63.073354029, -12.657723143967871 ], [ -63.073255357043195, -12.659687424824753 ], [ -63.073350091761249, -12.661651899505927 ], [ -63.073637317037367, -12.663597570876055 ], [ -63.07387874128748, -12.664815088335956 ], [ -63.05976651500638, -12.666598704695046 ], [ -63.057791568486813, -12.666949704879242 ], [ -63.055861714181816, -12.667496767257729 ], [ -63.053996364567659, -12.668234388909688 ], [ -63.052214283265528, -12.669155150071475 ], [ -63.050533396297546, -12.670249788772297 ], [ -63.048970611768276, -12.671507294000733 ], [ -63.047541649785451, -12.672915016464897 ], [ -63.046260884330827, -12.674458795832136 ], [ -63.045141198671772, -12.676123103168351 ], [ -63.044193855768, -12.677891197144117 ], [ -63.043428384977027, -12.679745292436337 ], [ -63.042852486198022, -12.681666738631476 ], [ -63.042471952418239, -12.683636207830755 ], [ -63.042290611441125, -12.685633889070214 ], [ -63.042310287382314, -12.68763968759993 ], [ -63.042530782320782, -12.689633427017851 ], [ -63.042949878289747, -12.691595052224987 ], [ -63.043563359587253, -12.693504831160382 ], [ -63.044365055182098, -12.695343553286662 ], [ -63.052750523837261, -12.712212327111015 ], [ -63.043523280970447, -12.715295595277643 ], [ -63.041764727268571, -12.71597696535993 ], [ -63.040078171804417, -12.716820948166468 ], [ -63.038478611329289, -12.717820039052128 ], [ -63.0369802690402, -12.718965354159918 ], [ -63.035596468108047, -12.720246709415729 ], [ -63.034339513208778, -12.721652711084509 ], [ -63.033220581110918, -12.723170857082687 ], [ -63.032249621292408, -12.72478764814595 ], [ -62.991022042292343, -12.801405533145969 ], [ -62.990187158144003, -12.803155423759453 ], [ -62.989525636647265, -12.804977932472646 ], [ -62.989043694696321, -12.806855931582398 ], [ -62.988745861519817, -12.808771771893927 ], [ -62.988634936115751, -12.810707448585692 ], [ -62.988711960946844, -12.812644770416391 ], [ -62.989152172871151, -12.817621310243373 ], [ -62.984318678180053, -12.818059791770271 ], [ -62.982361765297796, -12.81833535460215 ], [ -62.980441601058409, -12.818802700509194 ], [ -62.978576933191398, -12.819457266509515 ], [ -62.976785967581478, -12.820292661677758 ], [ -62.975086190513473, -12.821300729543598 ], [ -62.973494197943104, -12.822471627728302 ], [ -62.972025533460588, -12.823793924041858 ], [ -62.970694536529123, -12.825254708102381 ], [ -62.969514202480006, -12.826839717388017 ], [ -62.968496055631327, -12.828533476490598 ], [ -62.968297069100743, -12.82895354314905 ], [ -62.967760501651249, -12.828667283287901 ], [ -62.966002483637936, -12.827934705140319 ], [ -62.964182754351306, -12.827372670087296 ], [ -62.962317815542711, -12.826986274800502 ], [ -62.96042457893455, -12.826779023207138 ], [ -62.958520212860584, -12.826752794715469 ], [ -62.956621986579314, -12.82690782717189 ], [ -62.954747113672092, -12.827242714704074 ], [ -62.952912595946152, -12.827754420469763 ], [ -62.951135069258029, -12.828438304195609 ], [ -62.949430652655593, -12.829288164256305 ], [ -62.949407298120491, -12.82930273515886 ], [ -62.948912475710948, -12.828606883363266 ], [ -62.947709518469786, -12.82707841521996 ], [ -62.946363776703812, -12.825674029201634 ], [ -62.944887978845692, -12.824407008416042 ], [ -62.94329608343795, -12.82328933672901 ], [ -62.941603147108871, -12.822331585417421 ], [ -62.939825182162323, -12.821542813182875 ], [ -62.937979005128547, -12.820930480471748 ], [ -62.936082077708349, -12.820500378912033 ], [ -62.934152341615039, -12.820256576534382 ], [ -62.932208048876284, -12.820201379295419 ], [ -62.930267589200902, -12.820335309267332 ], [ -62.928349316043438, -12.820657099699933 ], [ -62.926471373011644, -12.821163707001977 ], [ -62.924651522258735, -12.821850339528371 ], [ -62.886589381258723, -12.838367683528393 ], [ -62.88487094537571, -12.839213379634993 ], [ -62.883241282540801, -12.840219571879683 ], [ -62.881715337673945, -12.841377032916638 ], [ -62.880307104543299, -12.842675148180586 ], [ -62.87902949743453, -12.844102013228294 ], [ -62.877894232719612, -12.845644542908985 ], [ -62.876911721411133, -12.847288591362487 ], [ -62.876090973687482, -12.849019081744681 ], [ -62.85731729119226, -12.894053741005216 ], [ -62.834591430338271, -12.906660194516604 ], [ -62.832859409856219, -12.907740080571363 ], [ -62.831246472642697, -12.908990873274709 ], [ -62.829769417635724, -12.910399545467909 ], [ -62.82844362854356, -12.911951425658069 ], [ -62.827282913621481, -12.913630350823516 ], [ -62.826299361857124, -12.915418834753648 ], [ -62.825503217062213, -12.917298250169955 ], [ -62.824902771181996, -12.919249022731389 ], [ -62.824504277933642, -12.921250834903528 ], [ -62.824329926216883, -12.923092316649122 ], [ -62.810062055499266, -12.920670741831396 ], [ -62.808108770319443, -12.92043735424182 ], [ -62.806142005671219, -12.92039698619519 ], [ -62.804180788983594, -12.920550028231441 ], [ -62.802244094011911, -12.92089499974816 ], [ -62.800350657276624, -12.921428563324657 ], [ -62.798518796797168, -12.922145557009765 ], [ -62.796766234874589, -12.923039044261055 ], [ -62.795109926637494, -12.924100381052282 ], [ -62.793565896009945, -12.925319299499872 ], [ -62.792149080688297, -12.926684007199361 ], [ -62.790873187626751, -12.92818130131081 ], [ -62.789750560429631, -12.929796696289436 ], [ -62.788792059933435, -12.931514564025754 ], [ -62.788006959133874, -12.933318285039441 ], [ -62.787402853474418, -12.935190409264193 ], [ -62.786985587364342, -12.93711282486808 ], [ -62.786759197637075, -12.939066933476134 ], [ -62.786725874495929, -12.941033830099995 ], [ -62.787485754898704, -12.96458130465191 ], [ -62.767429682395729, -12.991983975093937 ], [ -62.765770464750545, -12.992707603434773 ], [ -62.762606354629497, -12.987823470597798 ], [ -62.761466519793721, -12.986239167382099 ], [ -62.760177690084248, -12.984773507765365 ], [ -62.758752139155725, -12.983440449371177 ], [ -62.757203442672662, -12.982252687048369 ], [ -62.755546349027057, -12.981221531976708 ], [ -62.753796638887941, -12.9803568039494 ], [ -62.751970974920525, -12.979666737858205 ], [ -62.750086743105946, -12.979157905271746 ], [ -62.748161887172806, -12.978835151853794 ], [ -62.746214737717288, -12.978701551217529 ], [ -62.744263837639018, -12.978758375655216 ], [ -62.74232776555516, -12.979005084022035 ], [ -62.740424958874435, -12.979439326889455 ], [ -62.738573538215761, -12.980056968919079 ], [ -62.73679113484382, -12.980852128243896 ], [ -62.735094722764764, -12.981817232481875 ], [ -62.733965707514344, -12.982614534511724 ], [ -62.732791590929907, -12.982194231341367 ], [ -62.73082455090676, -12.981707850078823 ], [ -62.728818392277283, -12.981422997944245 ], [ -62.726793707322855, -12.981342598811754 ], [ -62.704658767525196, -12.981585873920784 ], [ -62.6632272521366, -12.948798698541431 ], [ -62.661652037964906, -12.947671736628585 ], [ -62.659975201116438, -12.946702427068461 ], [ -62.658212467565967, -12.945899860392252 ], [ -62.656380368858194, -12.945271563356849 ], [ -62.654496087069042, -12.94482342835621 ], [ -62.652577293666006, -12.944559658160401 ], [ -62.650641983778826, -12.94448272650051 ], [ -62.64870830743471, -12.944593354869117 ], [ -62.646794399340941, -12.944890505753873 ], [ -62.644918208811063, -12.945371392367674 ], [ -62.643097331429864, -12.946031504784125 ], [ -62.641348844035655, -12.946864652233263 ], [ -62.639689144567598, -12.947863021160792 ], [ -62.638133798279988, -12.949017248506394 ], [ -62.636697391765715, -12.950316509513847 ], [ -62.635393396158022, -12.951748619249457 ], [ -62.634234040793366, -12.953300146876721 ], [ -62.633230198520359, -12.954956541615498 ], [ -62.632391283730314, -12.956702269204433 ], [ -62.631725164065706, -12.958520957586797 ], [ -62.631238086634625, -12.960395550453489 ], [ -62.630934619423144, -12.962308467203188 ], [ -62.630817608455153, -12.964241767819514 ], [ -62.630888151101288, -12.966177321118909 ], [ -62.631071080273038, -12.968327560629085 ], [ -62.629865455755578, -12.968513592085838 ], [ -62.628018077513133, -12.968982209170312 ], [ -62.626223693170573, -12.969624543330777 ], [ -62.624498597569541, -12.97043476151733 ], [ -62.622858456339166, -12.971405506121718 ], [ -62.621318163636168, -12.972527961791943 ], [ -62.619891706890712, -12.973791935484655 ], [ -62.61859203978625, -12.975185949028386 ], [ -62.617430964626863, -12.976697343357072 ], [ -62.616419025160297, -12.978312393467295 ], [ -62.615565410829944, -12.980016433055315 ], [ -62.614877873325348, -12.981793987702098 ], [ -62.614362656188923, -12.983628915396821 ], [ -62.614024438118228, -12.985504553122817 ], [ -62.612843007366145, -12.994489551899013 ], [ -62.599643904425676, -12.994654035770246 ], [ -62.597669637023607, -12.994776464196988 ], [ -62.595717119290065, -12.995093315889031 ], [ -62.59380545036543, -12.9956014914661 ], [ -62.591953329815148, -12.996296020055711 ], [ -62.590178874714319, -12.997170107917244 ], [ -62.588499442430034, -12.998215204896974 ], [ -62.586931460835089, -12.999421088063976 ], [ -62.585490267613785, -13.000775961708792 ], [ -62.584189960231761, -13.002266572726731 ], [ -62.583043258037371, -13.003878340257092 ], [ -62.582061377843559, -13.005595498310257 ], [ -62.581253924207218, -13.007401249987456 ], [ -62.580628795479328, -13.009277931784704 ], [ -62.580192106544857, -13.011207186373671 ], [ -62.579948129008152, -13.013170142169438 ], [ -62.579899249408989, -13.015147597928571 ], [ -62.580045945877892, -13.017120210571884 ], [ -62.580386783459168, -13.019068684394583 ], [ -62.580918428147328, -13.020973959813018 ], [ -62.581635679499712, -13.022817399801747 ], [ -62.582531521506162, -13.02458097219721 ], [ -62.583597191218217, -13.026247426084767 ], [ -62.584822264466574, -13.027800460543721 ], [ -62.586194757828224, -13.029224884099683 ], [ -62.586742725843671, -13.029739985508348 ], [ -62.504819549190493, -13.059238032778998 ], [ -62.487808463811618, -13.043882905489591 ], [ -62.486314956757361, -13.04266025241269 ], [ -62.484710547488433, -13.041587259045819 ], [ -62.483010178846506, -13.040673918830377 ], [ -62.481229687401417, -13.039928738260624 ], [ -62.479385655955497, -13.039358657657521 ], [ -62.477495259097857, -13.038968986529285 ], [ -62.475576103246937, -13.038763354120706 ], [ -62.473646062671229, -13.038743675611766 ], [ -62.471723113015308, -13.038910134280423 ], [ -62.46982516388168, -13.039261179795608 ], [ -62.467969892027746, -13.039793542656415 ], [ -62.466174576731383, -13.04050226464296 ], [ -62.464455938858492, -13.041380744995294 ], [ -62.462829985131378, -13.042420801890314 ], [ -62.461311859048415, -13.043612748644067 ], [ -62.459915699843343, -13.044945483929741 ], [ -62.458654510798056, -13.046406595171096 ], [ -62.457540038135022, -13.047982474148343 ], [ -62.446696890092376, -13.065001220385206 ], [ -62.438732848701967, -13.063341243954284 ], [ -62.436793583862013, -13.063035462459027 ], [ -62.434833682325873, -13.062921285355554 ], [ -62.43287202897195, -13.062999812811745 ], [ -62.430927525558516, -13.063270288166391 ], [ -62.42901890859342, -13.063730105220104 ], [ -62.42716456879613, -13.06437483334768 ], [ -62.425382373891587, -13.065198260189939 ], [ -62.423689496443551, -13.066192451513706 ], [ -62.422102248386146, -13.067347827663104 ], [ -62.420635923848195, -13.06865325586555 ], [ -62.419304651784699, -13.070096157502974 ], [ -62.418121259835502, -13.071662629314691 ], [ -62.417097150722967, -13.073337577364018 ], [ -62.416242192379592, -13.075104862477806 ], [ -62.407528362387971, -13.095630340323609 ], [ -62.406352979787236, -13.095063638901371 ], [ -62.404490552257371, -13.094383621749461 ], [ -62.402569946074344, -13.093891349954005 ], [ -62.400610036281734, -13.093591661389461 ], [ -62.398630084185207, -13.09348750128987 ], [ -62.396649548059159, -13.093579893304142 ], [ -62.39468789191762, -13.09386792943598 ], [ -62.392764394228756, -13.094348778967362 ], [ -62.390897958452861, -13.095017716277834 ], [ -62.389106927265757, -13.095868167286252 ], [ -62.387408902293451, -13.09689177405855 ], [ -62.385820571129479, -13.098078476946574 ], [ -62.384357543335149, -13.099416613450785 ], [ -62.383034197034213, -13.1008930328352 ], [ -62.381863537609718, -13.102493225368221 ], [ -62.380857069891682, -13.104201464919173 ], [ -62.380024685091648, -13.106000963509214 ], [ -62.37937456359532, -13.107874036297682 ], [ -62.376550622031424, -13.11753108390117 ], [ -62.333372469183821, -13.127591175257756 ], [ -62.332962950818825, -13.126577880871228 ], [ -62.332117114651275, -13.12475453134315 ], [ -62.33109253617743, -13.123025288365778 ], [ -62.329899563748278, -13.12140761747615 ], [ -62.328550246511583, -13.119917857321417 ], [ -62.327058212714213, -13.118571054636773 ], [ -62.325438532055379, -13.117380812271838 ], [ -62.323707563481129, -13.116359151800438 ], [ -62.321882789957208, -13.115516392101433 ], [ -62.31998264188929, -13.114861045136957 ], [ -62.318026310973913, -13.114399729980693 ], [ -62.316033556360317, -13.114137105964531 ], [ -62.314024505080958, -13.114075825618823 ], [ -62.312019448766328, -13.114216507881542 ], [ -62.310038638697371, -13.114557731846952 ], [ -62.308102081265361, -13.115096051116897 ], [ -62.306229335905272, -13.115826028609789 ], [ -62.304439317543391, -13.116740291475713 ], [ -62.2852589221648, -13.127785664808398 ], [ -62.284479071545199, -13.12734011742678 ], [ -62.282655250348668, -13.12652741831671 ], [ -62.280759483579928, -13.125900623327119 ], [ -62.278810666363434, -13.125465979729309 ], [ -62.276828222577919, -13.125227819619932 ], [ -62.263455740554029, -13.124295274464586 ], [ -62.263097440253681, -13.115965949363732 ], [ -62.262914109793691, -13.113991473951604 ], [ -62.262536155040017, -13.112044858063756 ], [ -62.26196729144209, -13.110145237728632 ], [ -62.261213111161197, -13.108311286989228 ], [ -62.260281028097218, -13.106561034329609 ], [ -62.259180205006992, -13.10491168544757 ], [ -62.257921463430662, -13.103379454115599 ], [ -62.256517177311522, -13.101979402792882 ], [ -62.254981151355111, -13.100725294555177 ], [ -62.253328485323316, -13.099629457798173 ], [ -62.251575425597558, -13.098702665044319 ], [ -62.249739205470249, -13.097954027044546 ], [ -62.247837875734454, -13.09739090321585 ], [ -62.22189185273438, -13.09108688421588 ], [ -62.219967513817281, -13.090718103252129 ], [ -62.218016324205983, -13.090539389044931 ], [ -62.216057010831392, -13.090552456839484 ], [ -62.214108378593863, -13.090757181215027 ], [ -62.212189129879384, -13.091151597288594 ], [ -62.210317685059763, -13.091731919573359 ], [ -62.208512005699376, -13.092492578310615 ], [ -62.206789422165521, -13.093426272926633 ], [ -62.205166467296742, -13.094524042101375 ], [ -62.203658717725645, -13.095775349776543 ], [ -62.202280644379023, -13.097168186277509 ], [ -62.201045473590284, -13.098689183578541 ], [ -62.199965060157091, -13.100323743605113 ], [ -62.192224264922551, -13.113383430259431 ], [ -62.18600806609188, -13.102821019296847 ], [ -62.184933628972132, -13.101184303246688 ], [ -62.183704308282458, -13.099660483967687 ], [ -62.182331884770669, -13.098264164427816 ], [ -62.180829510558468, -13.097008725747656 ], [ -62.17921158310282, -13.095906198967304 ], [ -62.177493607223191, -13.094967149751259 ], [ -62.175692046516744, -13.094200577136231 ], [ -62.173824165585422, -13.093613827292135 ], [ -62.171907864586949, -13.09321252312275 ], [ -62.169961507695128, -13.093000510380662 ], [ -62.168003747113517, -13.092979820812895 ], [ -62.166053344328766, -13.093150652690397 ], [ -62.164128990316769, -13.093511368907988 ], [ -62.162249126424463, -13.094058512672959 ], [ -62.160431767643921, -13.094786840631988 ], [ -62.158694329972178, -13.095689373118915 ], [ -62.157053463511417, -13.096757461041825 ], [ -62.155524892908701, -13.097980868768488 ], [ -62.154123266664598, -13.099347872215803 ], [ -62.152862016754561, -13.100845371203301 ], [ -62.151753229908486, -13.102459014993951 ], [ -62.150807531781943, -13.104173339819233 ], [ -62.150033985129049, -13.105971917070544 ], [ -62.140346438480833, -13.131928829960913 ], [ -62.137202341090727, -13.130167448077136 ], [ -62.135395120022579, -13.129271597924001 ], [ -62.133506855074991, -13.128562337059618 ], [ -62.131556752713564, -13.128046879722868 ], [ -62.12956464838247, -13.127730468882236 ], [ -62.127550804748424, -13.127616322907015 ], [ -62.125535705599226, -13.127705602831703 ], [ -62.123539847493142, -13.127997400546555 ], [ -62.121583531278354, -13.128488748034407 ], [ -62.119686655603182, -13.129174647559832 ], [ -62.117868514517141, -13.130048122503545 ], [ -62.116147601221776, -13.131100288325015 ], [ -62.114541419967246, -13.132320442931464 ], [ -62.113066308008058, -13.133696175534078 ], [ -62.102039836007975, -13.145072217534016 ], [ -62.100660817019431, -13.146653027369418 ], [ -62.099454964621543, -13.148369585874383 ], [ -62.09843554515956, -13.150203008102622 ], [ -62.097613773912045, -13.152133123416075 ], [ -62.096998691704478, -13.154138697394863 ], [ -62.096597065445422, -13.156197665450589 ], [ -62.096413313679498, -13.158287375572828 ], [ -62.093246454097432, -13.248121488387255 ], [ -62.061235655117962, -13.265112740870434 ], [ -62.059607195945667, -13.266078583593966 ], [ -62.058077364646103, -13.26719408690518 ], [ -62.056659871305186, -13.268449253854591 ], [ -62.056508456659522, -13.26861134464764 ], [ -62.05495895594661, -13.268753905112954 ], [ -62.053049745748751, -13.269119054993427 ], [ -62.05118500006148, -13.269667818637094 ], [ -62.04938233335654, -13.270395012397866 ], [ -62.047658773704811, -13.271293767170727 ], [ -62.046030601928386, -13.272355593277615 ], [ -62.044513197811199, -13.273570460661301 ], [ -62.043120894820873, -13.274926893629766 ], [ -62.041866844714164, -13.276412079256103 ], [ -62.040762893304851, -13.278011988409991 ], [ -62.039819468567678, -13.279711508277513 ], [ -62.039045482135201, -13.281494585117457 ], [ -62.038448245118104, -13.283344375905688 ], [ -62.038033399044167, -13.285243407435113 ], [ -62.037804862568073, -13.287173741368376 ], [ -62.037764794455668, -13.289117143684207 ], [ -62.038094868780611, -13.300902455700585 ], [ -62.029145188273262, -13.308219696650561 ], [ -62.018091130988964, -13.307714418152928 ], [ -62.016146157011931, -13.307720186500612 ], [ -62.014210940529381, -13.30791485085491 ], [ -62.012303783643375, -13.3082965701986 ], [ -62.010442723085369, -13.308861734461978 ], [ -62.008645359635729, -13.309604998664714 ], [ -62.006928691666268, -13.310519333465427 ], [ -62.005308954379956, -13.311596091640931 ], [ -62.00380146626825, -13.312825089866408 ], [ -62.002420484238073, -13.314194705023118 ], [ -62.001179068778669, -13.315691984122799 ], [ -62.000088960443449, -13.317302766809151 ], [ -61.999160468814921, -13.319011819277895 ], [ -61.998402375002954, -13.320802978348841 ], [ -61.989844198338211, -13.344122379213879 ], [ -61.97022839541696, -13.348571752442405 ], [ -61.968296569132931, -13.349113122785107 ], [ -61.966428700265602, -13.349845311650164 ], [ -61.96464358440722, -13.350760951323714 ], [ -61.962959184440692, -13.351850828102249 ], [ -61.961392449786551, -13.353103975006301 ], [ -61.959959145847932, -13.354507782136629 ], [ -61.958673695369832, -13.356048123562415 ], [ -61.957549033309014, -13.357709499464669 ], [ -61.956596476674861, -13.359475192104501 ], [ -61.95582561065099, -13.361327434046816 ], [ -61.955244192143525, -13.363247586946667 ], [ -61.954858071726548, -13.365216329099216 ], [ -61.951613813349532, -13.387670593367343 ], [ -61.938178822722719, -13.387625147422531 ], [ -61.936304758335105, -13.387706778134179 ], [ -61.934446584864652, -13.387963628782884 ], [ -61.932620648574677, -13.388393439865753 ], [ -61.930843012139533, -13.388992430355215 ], [ -61.929129313342067, -13.389755330960526 ], [ -61.927494627508786, -13.390675430481492 ], [ -61.92595333489291, -13.391744634846553 ], [ -61.924518994171997, -13.392953538315961 ], [ -61.923204223172881, -13.394291506223615 ], [ -61.909108093418936, -13.410051046833892 ], [ -61.902974323713352, -13.408101976252157 ], [ -61.901059884950321, -13.40759648723364 ], [ -61.899104845055618, -13.40728277727948 ], [ -61.897128366327955, -13.407163921213813 ], [ -61.895149821198522, -13.407241084002861 ], [ -61.893188602352289, -13.407513509336525 ], [ -61.891263932650901, -13.407978527041351 ], [ -61.889394676720023, -13.408631579252207 ], [ -61.887599156047941, -13.409466265086133 ], [ -61.885894969407744, -13.410474403380517 ], [ -61.884298820363163, -13.411646112880657 ], [ -61.882826353548808, -13.412969909090753 ], [ -61.881492001329484, -13.414432816839048 ], [ -61.880308842341542, -13.416020497453804 ], [ -61.879288473302779, -13.41771738930362 ], [ -61.878440895347396, -13.419506860324558 ], [ -61.877774415999959, -13.421371371039109 ], [ -61.877295567749343, -13.423292646469159 ], [ -61.864734389367094, -13.486978613289285 ], [ -61.848971744519112, -13.511815072269656 ], [ -61.832691459516241, -13.503897418462122 ], [ -61.830852366186747, -13.503114089216348 ], [ -61.828944264188074, -13.502518257239569 ], [ -61.826986214834207, -13.502115874698067 ], [ -61.824997778396842, -13.501910961261634 ], [ -61.822998818704676, -13.501905563948384 ], [ -61.821009304710294, -13.502099736675708 ], [ -61.819049111006834, -13.502491539721658 ], [ -61.817137819287353, -13.503077059102141 ], [ -61.792097234235783, -13.512140050161769 ], [ -61.789366632607447, -13.506878866127845 ], [ -61.788383552030353, -13.505191654868312 ], [ -61.787240620775286, -13.503608355338365 ], [ -61.785948734203757, -13.502144060852395 ], [ -61.784520207641961, -13.500812730270761 ], [ -61.782968658980963, -13.499627054932436 ], [ -61.781308878859747, -13.498598337670719 ], [ -61.779556689668645, -13.497736385065327 ], [ -61.777728794717326, -13.497049413957999 ], [ -61.775842619005083, -13.496543973122805 ], [ -61.773916143111379, -13.496224880837831 ], [ -61.771967731790198, -13.496095178953395 ], [ -61.770015958902057, -13.496156103894624 ], [ -61.768079430352707, -13.496407074874826 ], [ -61.766176606726312, -13.496845699432034 ], [ -61.764325627303968, -13.497467796235924 ], [ -61.762544137145142, -13.498267434947683 ], [ -61.760849118880436, -13.499236992752904 ], [ -61.759423111335394, -13.500249134606944 ], [ -61.759062589352062, -13.500129701423251 ], [ -61.757107297566421, -13.499693104809145 ], [ -61.755118136002707, -13.499454318620549 ], [ -61.753115064815944, -13.499415738947064 ], [ -61.751118183736686, -13.499577752914744 ], [ -61.749147530381101, -13.499938734801493 ], [ -61.74722287918442, -13.500495062350293 ], [ -61.735866332817068, -13.504403895123412 ], [ -61.706891312290225, -13.482223482791058 ], [ -61.705280764687288, -13.481111221709002 ], [ -61.703569209029652, -13.480161713664383 ], [ -61.701773037691545, -13.479384052542718 ], [ -61.699909453451404, -13.478785686370644 ], [ -61.697996304732762, -13.478372345982669 ], [ -61.696051914661489, -13.478147990134259 ], [ -61.694094905576598, -13.478114767586993 ], [ -61.692144020675343, -13.47827299652884 ], [ -61.690217944500787, -13.478621161526744 ], [ -61.688335123991116, -13.479155928040624 ], [ -61.68651359180469, -13.479872174359837 ], [ -61.65961754273745, -13.491999271227083 ], [ -61.658418801586443, -13.490937666117583 ], [ -61.656871563220811, -13.489811712881467 ], [ -61.655223801102643, -13.488838780585819 ], [ -61.653490599329359, -13.488027775738066 ], [ -61.651687824138044, -13.487386122514309 ], [ -61.649831978661226, -13.486919694796242 ], [ -61.647940051852409, -13.486632762399919 ], [ -61.646029362964164, -13.486527951988602 ], [ -61.644117403002646, -13.48660622302752 ], [ -61.642221674609779, -13.48686685900064 ], [ -61.640359531838968, -13.487307473969862 ], [ -61.638548021290973, -13.487924034416606 ], [ -61.625803223553937, -13.492954211304978 ], [ -61.588270233921151, -13.470119465063481 ], [ -61.586568227055068, -13.469193822538562 ], [ -61.584784642880507, -13.468437205760784 ], [ -61.582936218736229, -13.467856714900403 ], [ -61.581040300425968, -13.467457797343817 ], [ -61.579114679443641, -13.46724419657472 ], [ -61.577177426016114, -13.467217917044866 ], [ -61.575246719530341, -13.46737920536409 ], [ -61.573340677936066, -13.467726547986086 ], [ -61.571477187725172, -13.468256685411689 ], [ -61.569673736082912, -13.468964642776356 ], [ -61.567947246786424, -13.469843776534802 ], [ -61.56631392139019, -13.470885836804728 ], [ -61.564789087189006, -13.472081044784556 ], [ -61.563387053385057, -13.473418184518735 ], [ -61.562120976808856, -13.474884708149418 ], [ -61.561002738454228, -13.476466853666862 ], [ -61.560042831985768, -13.478149774053559 ], [ -61.559250265265277, -13.47991767661018 ], [ -61.558632475820993, -13.481753971155909 ], [ -61.558195261053093, -13.483641425712413 ], [ -61.555450742043789, -13.498794855453996 ], [ -61.53142614156063, -13.501271847861721 ], [ -61.529587192138948, -13.501548361000195 ], [ -61.527781874720887, -13.50199448151227 ], [ -61.526025797153324, -13.502606352469206 ], [ -61.524334141580681, -13.503378683949071 ], [ -61.522721533187912, -13.504304798770692 ], [ -61.521201913758674, -13.505376690221134 ], [ -61.519788421141811, -13.506585091277623 ], [ -61.518493275668277, -13.507919554725468 ], [ -61.499755961883807, -13.529114104554328 ], [ -61.474959533950795, -13.534046989384819 ], [ -61.41572602163081, -13.520288110102985 ], [ -61.407795053503271, -13.508647322472488 ], [ -61.406624875460942, -13.50709725903625 ], [ -61.405309868247485, -13.505668004217938 ], [ -61.403862432424681, -13.504373035938032 ], [ -61.40229621736048, -13.503224565790493 ], [ -61.400625992515046, -13.502233423887022 ], [ -61.398867508164244, -13.501408956728737 ], [ -61.397037346874001, -13.500758939068373 ], [ -61.395152767126156, -13.500289500594091 ], [ -61.264912283126087, -13.474490889594064 ], [ -61.262964594779, -13.474203862437568 ], [ -61.26099812305484, -13.474109716571828 ], [ -61.259031922447569, -13.474209364240739 ], [ -61.257085044824109, -13.474501839889658 ], [ -61.255176354817721, -13.474984309521322 ], [ -61.253324347035658, -13.475652098156392 ], [ -61.251546966852189, -13.476498735132534 ], [ -61.249861436523581, -13.477516016803111 ], [ -61.248284088309823, -13.478694086027948 ], [ -61.24683020622016, -13.480021527685913 ], [ -61.215528483538399, -13.511562604053973 ], [ -61.206839210439142, -13.513010355958572 ], [ -61.20202734017051, -13.499330963867397 ], [ -61.201279046878028, -13.497498778252982 ], [ -61.200353335165602, -13.495749519895071 ], [ -61.199259269711035, -13.494100317736946 ], [ -61.19800756373175, -13.492567320959825 ], [ -61.196610474079698, -13.491165540848188 ], [ -61.195081681220834, -13.489908703797521 ], [ -61.193436155274377, -13.48880911690383 ], [ -61.191690009423645, -13.487877547451117 ], [ -61.18986034213389, -13.487123117476866 ], [ -61.18796506972209, -13.486553214447991 ], [ -61.186022750918291, -13.486173418921883 ], [ -61.184052405136335, -13.485987449900934 ], [ -61.182073326233507, -13.48599712841564 ], [ -61.180104893582872, -13.48620235969285 ], [ -61.178166382308113, -13.486601134083791 ], [ -61.176276774539296, -13.487189546742798 ], [ -61.174454573537616, -13.487961835864004 ], [ -61.172717622509296, -13.488910439101637 ], [ -61.171082929882786, -13.490026067621388 ], [ -61.158559388739384, -13.499514179140126 ], [ -61.157384720960088, -13.498124121783102 ], [ -61.156001310770911, -13.496775794786355 ], [ -61.154494271651984, -13.495567224335078 ], [ -61.152877663560339, -13.494509685815823 ], [ -61.151166568679329, -13.493613045559167 ], [ -61.149376950709033, -13.492885668791549 ], [ -61.147525505932549, -13.492334341591693 ], [ -61.145629507447616, -13.491964207579723 ], [ -61.143706644016859, -13.491778719929641 ], [ -61.14177485504004, -13.491779609152855 ], [ -61.139852163188017, -13.491966866953339 ], [ -61.137956506259805, -13.49233874630502 ], [ -61.136105569831464, -13.49289177775071 ], [ -61.134316622258098, -13.493620801770483 ], [ -61.132606353568306, -13.494519016917538 ], [ -61.130990719754202, -13.495578043272459 ], [ -61.129484793909604, -13.496788000623871 ], [ -61.128102625605209, -13.498137600646102 ], [ -61.126857109812846, -13.49961425221389 ], [ -61.125759866601491, -13.501204178871578 ], [ -61.124821132727597, -13.502892547360885 ], [ -61.124049666130993, -13.504663606008133 ], [ -61.1234526642275, -13.506500831679874 ], [ -61.123035696760468, -13.508387083935835 ], [ -61.122825416926666, -13.509617664964287 ], [ -61.119247916369986, -13.509899462287008 ], [ -61.110209748802632, -13.485868517232586 ], [ -61.109423198975144, -13.48405477198607 ], [ -61.108461426664192, -13.482327541117813 ], [ -61.107333829184611, -13.480703701108942 ], [ -61.106051424100947, -13.479199118225958 ], [ -61.104626741576709, -13.477828493494128 ], [ -61.103073701944247, -13.476605219056243 ], [ -61.101407479691545, -13.475541247320256 ], [ -61.099644355194854, -13.474646974174323 ], [ -61.09780155564588, -13.473931137410332 ], [ -61.095897086727817, -13.473400731348418 ], [ -61.093949556684848, -13.473060938496641 ], [ -61.091977994504141, -13.472915078913573 ], [ -61.090001663986811, -13.472964577768568 ], [ -61.088039875524593, -13.473208951416675 ], [ -61.08611179742126, -13.473645812124243 ], [ -61.072170082316489, -13.477538239758239 ], [ -61.071657024326441, -13.476638576517104 ], [ -61.070520286362424, -13.475034820171039 ], [ -61.069231599694554, -13.473550403016587 ], [ -61.067803413704922, -13.472199665293926 ], [ -61.054379640704923, -13.460699500293897 ], [ -61.052753583638683, -13.45944528172546 ], [ -61.05100748709193, -13.458364415105811 ], [ -61.049159759836641, -13.457468295811223 ], [ -61.047229882118515, -13.456766371461191 ], [ -61.045238200280352, -13.45626604231393 ], [ -61.043205712254313, -13.455972583246826 ], [ -61.041153846184621, -13.455889088144389 ], [ -61.039104234514639, -13.456016437279995 ], [ -61.037078485919992, -13.456353288035332 ], [ -61.035097957492347, -13.45689608905537 ], [ -60.983655367492382, -13.473878669055416 ], [ -60.981826145606419, -13.474583723313794 ], [ -60.980074737441569, -13.475464475069634 ], [ -60.978417970326994, -13.476512462160878 ], [ -60.976871762291516, -13.47771761564751 ], [ -60.975450969124935, -13.479068356552773 ], [ -60.974169241645392, -13.480551707112657 ], [ -60.973038894543784, -13.482153415464769 ], [ -60.972070788065693, -13.483858092578597 ], [ -60.971274223667344, -13.485649360111552 ], [ -60.970656854648297, -13.487510007770206 ], [ -60.970224612619432, -13.489422158664832 ], [ -60.969981650512679, -13.491367441068499 ], [ -60.969930302680154, -13.493327164930534 ], [ -60.970071062465955, -13.495282501448385 ], [ -60.970402577466167, -13.497214663972596 ], [ -60.970921662522613, -13.499105088506797 ], [ -60.971623330325492, -13.500935612068441 ], [ -60.97250083933087, -13.502688647196674 ], [ -60.973545758532659, -13.50434735093064 ], [ -60.974748048466765, -13.505895786634722 ], [ -60.976096157669133, -13.507319077115909 ], [ -60.977577133660837, -13.508603547562171 ], [ -60.989841743460175, -13.518229342825272 ], [ -60.989594809770757, -13.52094743787463 ], [ -60.980735491084367, -13.516762682603504 ], [ -60.978947335905701, -13.516021626526411 ], [ -60.977095918753143, -13.51545689864539 ], [ -60.975198581217292, -13.515073788573156 ], [ -60.973273095009262, -13.514875884770593 ], [ -60.971337495499135, -13.514865040934859 ], [ -60.969409912784826, -13.515041358636454 ], [ -60.967508401873687, -13.515403186367832 ], [ -60.965650773567397, -13.515947135012512 ], [ -60.963854427634303, -13.516668109589769 ], [ -60.962136189831753, -13.51755935697758 ], [ -60.960512154304972, -13.518612529166797 ], [ -60.958997532838723, -13.519817761454098 ], [ -60.957606512373708, -13.52116376484128 ], [ -60.950074070719339, -13.529193810334732 ], [ -60.923180461419896, -13.523051839696063 ], [ -60.92122443552887, -13.522706297439441 ], [ -60.919243780953977, -13.522556483580235 ], [ -60.917258034063522, -13.522603875821202 ], [ -60.915286781454334, -13.522848006704621 ], [ -60.91334946675758, -13.5232864682231 ], [ -60.911465198854692, -13.523914935571185 ], [ -60.909652563395191, -13.524727209803462 ], [ -60.90792943947541, -13.525715278978444 ], [ -60.906312823286392, -13.526869397185074 ], [ -60.904818660470397, -13.528178180672422 ], [ -60.903461688839585, -13.529628720134356 ], [ -60.90225529300826, -13.531206708041672 ], [ -60.901211372372515, -13.532896579765717 ], [ -60.90034022373942, -13.534681667101539 ], [ -60.899650439763512, -13.536544362676249 ], [ -60.899148824192402, -13.538466293620973 ], [ -60.898840324757344, -13.540428502793317 ], [ -60.898727984370844, -13.542411635762893 ], [ -60.898812911112628, -13.544396131715521 ], [ -60.899094267299972, -13.546362416393105 ], [ -60.901902761876414, -13.560824957681657 ], [ -60.869393561272297, -13.598971049343632 ], [ -60.81857416845876, -13.610782428487058 ], [ -60.816745926449094, -13.611300010964563 ], [ -60.814975052485529, -13.611988753203809 ], [ -60.813277530301455, -13.612842438685412 ], [ -60.811668681564321, -13.613853362128589 ], [ -60.810163027583826, -13.615012399038255 ], [ -60.808774158243999, -13.616309088061811 ], [ -60.807514609342221, -13.617731725412289 ], [ -60.806395749442402, -13.619267470505564 ], [ -60.805427677263424, -13.62090246185821 ], [ -60.797364316979845, -13.63612706271628 ], [ -60.770157702293247, -13.640739701905408 ], [ -60.768150471134469, -13.641187250816854 ], [ -60.766199810211837, -13.641838556365599 ], [ -60.764326344238562, -13.642686732172775 ], [ -60.762549881730799, -13.643722810312399 ], [ -60.760889205568397, -13.64493583613098 ], [ -60.759361874399914, -13.646312984073171 ], [ -60.757984036991623, -13.647839693288843 ], [ -60.75677026148351, -13.649499821587742 ], [ -60.755733381357537, -13.651275816113991 ], [ -60.754884359746747, -13.653148898935788 ], [ -60.749403678402437, -13.667107731070418 ], [ -60.707310893434496, -13.669965278587659 ], [ -60.705313772582471, -13.670202205258844 ], [ -60.703350543071082, -13.670638503128098 ], [ -60.701441056222876, -13.671269760541215 ], [ -60.699604619937965, -13.672089594497921 ], [ -60.697859803460965, -13.673089715193981 ], [ -60.696224249616854, -13.674260009844112 ], [ -60.69471449641442, -13.675588644938045 ], [ -60.693836843443933, -13.676533534443839 ], [ -60.692547587407098, -13.676328517493664 ], [ -60.690625835868488, -13.676210386931823 ], [ -60.688701630325028, -13.676277594314609 ], [ -60.686792803754734, -13.676529516783518 ], [ -60.684917046607779, -13.67696381959429 ], [ -60.683091742856526, -13.677576477754634 ], [ -60.681333808885903, -13.678361813326687 ], [ -60.67965953671731, -13.679312548048497 ], [ -60.678084443018847, -13.680419870786835 ], [ -60.676623125301361, -13.681673519196226 ], [ -60.675289126632983, -13.683061874827375 ], [ -60.651517032675862, -13.710315059801021 ], [ -60.630157080629587, -13.699233875111705 ], [ -60.62833653932983, -13.698402233701996 ], [ -60.626441992170058, -13.697756719087227 ], [ -60.624492413030886, -13.697303796093134 ], [ -60.622507326937928, -13.697048000741304 ], [ -60.620506614518774, -13.696991894820945 ], [ -60.618510312898579, -13.697136040232573 ], [ -60.616538415028394, -13.697478993360594 ], [ -60.614610669455807, -13.698017319531095 ], [ -60.612746382543378, -13.698745627410091 ], [ -60.610964225115481, -13.699656622997706 ], [ -60.609282045470103, -13.700741182677557 ], [ -60.607716690628237, -13.701988444589711 ], [ -60.606283837611016, -13.703385917412174 ], [ -60.604997836434464, -13.704919605461411 ], [ -60.603871566394112, -13.706574148859051 ], [ -60.602916307078956, -13.708332977361003 ], [ -60.593917752138204, -13.727081442659626 ], [ -60.577282573600861, -13.726425573498565 ], [ -60.575297340867749, -13.726445918076827 ], [ -60.573323906337365, -13.726662987330149 ], [ -60.571381716050553, -13.727074642278236 ], [ -60.569489908170297, -13.727676826511406 ], [ -60.567667124396017, -13.728463606162064 ], [ -60.56593132626999, -13.729427228376498 ], [ -60.564299618185977, -13.730558197710765 ], [ -60.562788078844136, -13.731845369697925 ], [ -60.56141160281296, -13.733276060664583 ], [ -60.560183753759617, -13.734836172714621 ], [ -60.549738277442842, -13.749556836471648 ], [ -60.548994666483381, -13.749423384188347 ], [ -60.547077023924381, -13.749267062941929 ], [ -60.545153234026678, -13.749295729047999 ], [ -60.519743578026599, -13.750899128047974 ], [ -60.517744513610971, -13.751126675111861 ], [ -60.515778426505982, -13.75155391942099 ], [ -60.513865213691076, -13.752176537224285 ], [ -60.512024237053105, -13.752988227573223 ], [ -60.51027412744228, -13.753980776088005 ], [ -60.508632596126262, -13.755144138087825 ], [ -60.507116255550535, -13.756466540243952 ], [ -60.50574045121899, -13.757934599726873 ], [ -60.504519106395968, -13.759533459641744 ], [ -60.503464581201634, -13.761246939381518 ], [ -60.502587547526396, -13.763057698376139 ], [ -60.501896881030419, -13.764947411580687 ], [ -60.501399571321173, -13.766896954926496 ], [ -60.501100651217911, -13.768886598858453 ], [ -60.501003145819141, -13.770896207999881 ], [ -60.501108041888322, -13.772905444924382 ], [ -60.501414277867745, -13.77489397597242 ], [ -60.50181037868856, -13.776423255531245 ], [ -60.459254903845697, -13.779300647840071 ], [ -60.457250423473653, -13.779538273730418 ], [ -60.455280103969294, -13.779976735446427 ], [ -60.453364015044649, -13.780611566808702 ], [ -60.451521674018039, -13.78143630141288 ], [ -60.449771847010282, -13.782442538496563 ], [ -60.44813235779263, -13.783620028509633 ], [ -60.446619906233522, -13.784956777516367 ], [ -60.44524989819336, -13.786439169365902 ], [ -60.444036288600174, -13.788052104386596 ], [ -60.4429914393044, -13.78977915319158 ], [ -60.4421259931609, -13.791602724028801 ], [ -60.441448765620578, -13.793504241970943 ], [ -60.440966654936076, -13.795464338120002 ], [ -60.440684571896014, -13.797463046899233 ], [ -60.440605389803622, -13.79948000942291 ], [ -60.440729915209197, -13.80149468087231 ], [ -60.441056879694592, -13.803486539765645 ], [ -60.448310497045142, -13.836994701630116 ], [ -60.445923037030013, -13.837585388580278 ], [ -60.443982567472048, -13.838171299576153 ], [ -60.442111369632386, -13.838950614945764 ], [ -60.440328664051997, -13.839915329729571 ], [ -60.438652762298418, -13.841055534585212 ], [ -60.437100878873316, -13.842359517574124 ], [ -60.435688954388809, -13.843813884464049 ], [ -60.434431491828931, -13.84540369631171 ], [ -60.433341407578105, -13.847112622912411 ], [ -60.432429898746861, -13.848923110540378 ], [ -60.431706328157468, -13.850816562256856 ], [ -60.431178128171105, -13.852773528933852 ], [ -60.430850724344197, -13.854773909031382 ], [ -60.422571747374334, -13.928692961636157 ], [ -60.388048029319407, -14.000693299250612 ], [ -60.387303110756342, -14.002459262674995 ], [ -60.386730654707591, -14.004288422196227 ], [ -60.386335918510035, -14.006163979131166 ], [ -60.386122527352285, -14.008068708690882 ], [ -60.38609244098167, -14.009985118170134 ], [ -60.386245935706171, -14.011895607597324 ], [ -60.386581601856925, -14.013782631369592 ], [ -60.387096356734332, -14.015628859388565 ], [ -60.38778547291907, -14.017417336216985 ], [ -60.388642621687858, -14.019131636794487 ], [ -60.38965993113537, -14.020756017282508 ], [ -60.447722390593221, -14.104283436208158 ], [ -60.459366776876294, -14.169018180419593 ], [ -60.458898855035223, -14.16920012884203 ], [ -60.45722153445292, -14.170040998754464 ], [ -60.455630394042757, -14.171035352182869 ], [ -60.454139437696178, -14.172174437657299 ], [ -60.452761787568043, -14.173448229896989 ], [ -60.45150956858631, -14.174845518044526 ], [ -60.450393801738571, -14.176354004334467 ], [ -60.449424307074473, -14.177960412328014 ], [ -60.448609617277839, -14.17965060376117 ], [ -60.447956902569111, -14.181409702977943 ], [ -60.431777211568949, -14.232202778977991 ], [ -60.43128524740056, -14.234047416616683 ], [ -60.430971405092535, -14.23593055754788 ], [ -60.43083854431066, -14.237835042983292 ], [ -60.43088787565474, -14.23974351964795 ], [ -60.431118949627837, -14.241638597899637 ], [ -60.431529660731989, -14.243503010179682 ], [ -60.432116266653082, -14.24531976835137 ], [ -60.439222134145638, -14.264194419465143 ], [ -60.426032412551329, -14.304703321988612 ], [ -60.369585547256257, -14.35236639595727 ], [ -60.368193040462408, -14.353660452487732 ], [ -60.366929682376671, -14.355080869265347 ], [ -60.365806886357511, -14.356614814040849 ], [ -60.364834795905495, -14.358248428936729 ], [ -60.364022193025448, -14.359966955641287 ], [ -60.363376418888549, -14.361754868737343 ], [ -60.362903307511139, -14.363596015961088 ], [ -60.362607133049387, -14.365473764123953 ], [ -60.36249057118593, -14.367371149379226 ], [ -60.362554674957394, -14.369271030475879 ], [ -60.362798865241096, -14.371156243615097 ], [ -60.363220935986931, -14.3730097575105 ], [ -60.363817074147121, -14.37481482725123 ], [ -60.377311540333608, -14.409968825081238 ], [ -60.322503207603731, -14.498962791659853 ], [ -60.321595757865737, -14.500603901065944 ], [ -60.320846005608558, -14.502322789271322 ], [ -60.320260542476163, -14.50410434421865 ], [ -60.319844515721542, -14.505932902899463 ], [ -60.304198804409822, -14.593498349451673 ], [ -60.266993336038496, -14.603485816697853 ], [ -60.26516320048168, -14.604072715362726 ], [ -60.263397849229591, -14.604832571372686 ], [ -60.26171358462225, -14.605758367749646 ], [ -60.260125960195701, -14.606841555120035 ], [ -60.258649637051086, -14.608072130664977 ], [ -60.257298248464991, -14.609438730492473 ], [ -60.256084273991398, -14.610928734578575 ], [ -60.255018924217801, -14.61252838330846 ], [ -60.254112037239715, -14.614222904541176 ], [ -60.253371987809693, -14.615996650024684 ], [ -60.252805609999676, -14.617833239901453 ], [ -60.252418134090952, -14.619715713970145 ], [ -60.252213138274563, -14.62162668830655 ], [ -60.224398597274508, -15.094139499306552 ], [ -60.224377677043542, -15.096053317705039 ], [ -60.224539788815925, -15.097960372578845 ], [ -60.224883447996952, -15.099843199412557 ], [ -60.225405507408666, -15.101684555567431 ], [ -60.226101186111215, -15.103467578186823 ], [ -60.226964113185986, -15.105175938623642 ], [ -60.227986386079444, -15.106793991975589 ], [ -60.229158642973566, -15.108306920358769 ], [ -60.230470148519892, -15.109700868607593 ], [ -60.231908892152219, -15.110963071158251 ], [ -60.233461698077505, -15.112081968953788 ], [ -60.235114345937745, -15.113047315300177 ], [ -60.236851701037864, -15.113850269703951 ], [ -60.238657852946893, -15.114483478832097 ], [ -60.240516261203261, -15.114941143852748 ], [ -60.242409906789796, -15.115219073539992 ], [ -60.244321447991275, -15.115314722656466 ], [ -60.530269305771149, -15.115923621528887 ], [ -60.222689636113159, -15.460179440609162 ], [ -60.221395567812117, -15.461787702980814 ], [ -60.220274163689446, -15.463520785038158 ], [ -60.219337369840723, -15.46536022460195 ], [ -60.218595165744929, -15.467286426487533 ], [ -60.218055457955018, -15.469278871248459 ], [ -60.217723995870962, -15.471316333766071 ], [ -60.160021830870882, -15.995484662766033 ], [ -60.159907636960227, -15.997187388311824 ], [ -60.153919859335332, -16.243667475024566 ], [ -58.436910107939951, -16.302220713456904 ], [ -58.413893944131004, -16.2868195093277 ], [ -58.408605335824483, -16.259098233228507 ], [ -58.408152876833974, -16.257223008680835 ], [ -58.407521863960874, -16.255400096451392 ], [ -58.406718167496244, -16.253646455029941 ], [ -58.405749264200651, -16.251978398482319 ], [ -58.404624167748125, -16.250411444681212 ], [ -58.403353344872279, -16.248960170943938 ], [ -58.401948617994606, -16.24763807842016 ], [ -58.400423055240942, -16.246457466491155 ], [ -58.398790848869112, -16.245429318349089 ], [ -58.397067183238846, -16.244563198820771 ], [ -58.395268093552232, -16.243867165386376 ], [ -58.393410316678739, -16.243347693221011 ], [ -58.391511135452724, -16.24300961495636 ], [ -58.389588217891813, -16.242856075722894 ], [ -58.387659452831933, -16.242888503890818 ], [ -58.385742783508107, -16.243106597782003 ], [ -58.383856040629119, -16.243508328476477 ], [ -58.382016776499093, -16.244089958687415 ], [ -58.38024210172896, -16.244846077528958 ], [ -58.362722892279223, -16.253330723998808 ], [ -58.32569311449847, -16.24634825958319 ], [ -58.323767833064878, -16.246081335169134 ], [ -58.321825733307868, -16.246002558426579 ], [ -58.319885158152033, -16.246112673393437 ], [ -58.317964436122296, -16.246410640045617 ], [ -58.316081708232886, -16.246893644119943 ], [ -58.314254756647479, -16.247557123694563 ], [ -58.312500836728503, -16.248394812275812 ], [ -58.310836514062096, -16.249398797984597 ], [ -58.30927750799794, -16.250559598283214 ], [ -58.307838543181653, -16.251866249536931 ], [ -58.306533210482101, -16.253306410564331 ], [ -58.305373838627105, -16.254866479198462 ], [ -58.3043713777599, -16.256531720757838 ], [ -58.303535296016214, -16.258286407213941 ], [ -58.285248140016229, -16.302020710213835 ], [ -58.284618049585333, -16.303746281394158 ], [ -58.284148944482098, -16.305522386754653 ], [ -58.283844782323293, -16.30733404213872 ], [ -58.283708129180447, -16.309165963471099 ], [ -58.283740137931176, -16.311002695702356 ], [ -58.287680413931156, -16.373101586702418 ], [ -58.287897576278809, -16.375032895035208 ], [ -58.288301164546134, -16.376934007307536 ], [ -58.28888736773856, -16.378786971737505 ], [ -58.289650650469234, -16.380574291192605 ], [ -58.290583805228486, -16.382279088411284 ], [ -58.291678020442696, -16.383885265371188 ], [ -58.29292296368007, -16.385377655299205 ], [ -58.294306879217501, -16.386742165887952 ], [ -58.295816699047229, -16.387965912366308 ], [ -58.297438166275178, -16.389037339167459 ], [ -58.29915596974562, -16.389946329045543 ], [ -58.329266061701297, -16.404051567002583 ], [ -58.335140763433088, -16.425602487685623 ], [ -58.315231801323186, -16.477242583240848 ], [ -58.314606538286249, -16.479142407984419 ], [ -58.314174153448903, -16.481095183259271 ], [ -58.313938970970746, -16.483081379907038 ], [ -58.313903342845855, -16.485081134531576 ], [ -58.314067625381121, -16.487074448147204 ], [ -58.318303933381038, -16.518919174147179 ], [ -58.31864349849716, -16.520787846076463 ], [ -58.319158788284753, -16.522615882094211 ], [ -58.319845155809944, -16.52438679679225 ], [ -58.320696411343057, -16.526084619888074 ], [ -58.321704878178174, -16.52769404024642 ], [ -58.322861461862409, -16.529200543956581 ], [ -58.324155732210635, -16.530590545220281 ], [ -58.325576017365847, -16.531851508869742 ], [ -58.417921658339793, -16.606306295146432 ], [ -58.446857661643989, -16.697094583271355 ], [ -58.438588251593771, -16.7866973411634 ], [ -58.438505071727647, -16.788776460878861 ], [ -58.438638359010227, -16.790852970493969 ], [ -58.438986670720759, -16.792904393569216 ], [ -58.439546236683043, -16.794908525205411 ], [ -58.440311000074423, -16.796843672392718 ], [ -58.441272682985662, -16.798688888818933 ], [ -58.456188607607288, -16.824001705786699 ], [ -58.441847428177098, -16.855970303463028 ], [ -58.44117635953905, -16.857670222686718 ], [ -58.440663267588199, -16.859424302255615 ], [ -58.440312436717356, -16.861217895348851 ], [ -58.440126796415591, -16.863036025201861 ], [ -58.440107896806566, -16.864863510164543 ], [ -58.44025589570478, -16.866685090470259 ], [ -58.440569557297799, -16.868485555657124 ], [ -58.452173083211918, -16.920820790405969 ], [ -58.451560616750157, -16.920978618355388 ], [ -58.449676534385176, -16.921671979203197 ], [ -58.447871456641884, -16.922550733983552 ], [ -58.446163572005403, -16.923606028109276 ], [ -58.444570089615006, -16.924827228131715 ], [ -58.44310706585987, -16.926202028886451 ], [ -58.441789242590247, -16.927716577483675 ], [ -58.440629898574329, -16.929355612893929 ], [ -58.439640715697543, -16.931102619722648 ], [ -58.438831661252486, -16.932939994624036 ], [ -58.438210887505605, -16.934849223677475 ], [ -58.437784649552619, -16.936811068939146 ], [ -58.437557242290346, -16.938805762289107 ], [ -58.437530957140105, -16.940813204620582 ], [ -58.437706058958653, -16.942813168364367 ], [ -58.438080783369458, -16.944785501307674 ], [ -58.441229801387735, -16.95776792854922 ], [ -58.434070256931292, -16.966904286226782 ], [ -58.420132720675547, -16.969037606838199 ], [ -58.418167815435403, -16.969440103754195 ], [ -58.416253104606838, -16.970037379915702 ], [ -58.414407844706481, -16.970823428432194 ], [ -58.412650593773208, -16.97179034390297 ], [ -58.410999024727282, -16.972928401922875 ], [ -58.409469747631348, -16.974226156882018 ], [ -58.408078142640676, -16.975670557075897 ], [ -58.406838205322778, -16.977247075968204 ], [ -58.405762405901982, -16.978939858286271 ], [ -58.404861563844683, -16.980731879479762 ], [ -58.404144739046394, -16.982605116939002 ], [ -58.403619140715143, -16.98454073125087 ], [ -58.403290054867398, -16.986519255669457 ], [ -58.403160791165924, -16.988520791895862 ], [ -58.403232649633978, -16.990525210198189 ], [ -58.403504907580817, -16.992512351859098 ], [ -58.403974826869906, -16.994462231914863 ], [ -58.410985883988559, -17.018246951760545 ], [ -58.407979357315007, -17.019842137906519 ], [ -58.406296523340529, -17.020843532805387 ], [ -58.404719687107004, -17.022004700072312 ], [ -58.403263965435642, -17.023314507823347 ], [ -58.401943314045994, -17.024760399187226 ], [ -58.400770393765157, -17.026328512685652 ], [ -58.399756449150935, -17.028003815120567 ], [ -58.39891120069246, -17.029770245694515 ], [ -58.398242751621723, -17.031610869982352 ], [ -58.397757510229496, -17.033508042278271 ], [ -58.397460128430303, -17.035443574761761 ], [ -58.397353457165408, -17.037398911860674 ], [ -58.397438519071407, -17.039355308139879 ], [ -58.397714498676407, -17.041294008010087 ], [ -58.398178750217809, -17.043196425534042 ], [ -58.398826823006694, -17.045044322606241 ], [ -58.399652504095712, -17.046819983798127 ], [ -58.400647877841436, -17.048506386192418 ], [ -58.401803401790026, -17.050087362578509 ], [ -58.402045787369708, -17.050358694326917 ], [ -58.402061456891246, -17.052016063143263 ], [ -58.402276760523854, -17.05398872162538 ], [ -58.402686487934105, -17.055930334509188 ], [ -58.402885912396492, -17.056558881342163 ], [ -58.387727365933081, -17.067595644640928 ], [ -58.386137356365381, -17.068882721722595 ], [ -58.384687137347044, -17.070325483878459 ], [ -58.383391880699065, -17.071908837299333 ], [ -58.382265137065666, -17.07361621734611 ], [ -58.381318694150984, -17.075429761844816 ], [ -58.380562453399065, -17.077330497956083 ], [ -58.380004326407516, -17.079298540664166 ], [ -58.379650152158362, -17.08131330080889 ], [ -58.379503635932153, -17.083353700484196 ], [ -58.377575871070896, -17.177281976099163 ], [ -58.290888542896575, -17.25499136833108 ], [ -58.289480409162458, -17.256385493742116 ], [ -58.288217141464038, -17.25791211779439 ], [ -58.287111140120025, -17.259556255045933 ], [ -58.286173261712264, -17.261301766537475 ], [ -58.285412712516809, -17.263131518213566 ], [ -58.28483695813452, -17.265027549111558 ], [ -58.284451650208233, -17.266971247667609 ], [ -58.282539225370982, -17.279964297639417 ], [ -58.276605654665168, -17.280399502582526 ], [ -58.274630242546671, -17.280643704838894 ], [ -58.27268888687945, -17.281083052028784 ], [ -58.270800816246741, -17.281713192541535 ], [ -58.26898473145846, -17.282527885012154 ], [ -58.267258620324931, -17.283519060140282 ], [ -58.265639579492678, -17.284676900614354 ], [ -58.264143645106913, -17.285989938349303 ], [ -58.262785633978041, -17.287445168074733 ], [ -58.261578996825314, -17.289028176148488 ], [ -58.260535685051195, -17.290723283319704 ], [ -58.25966603236612, -17.292513700027413 ], [ -58.241959122775128, -17.33411791784906 ], [ -58.202792044577478, -17.334349889765466 ], [ -58.200826301736399, -17.33445843198086 ], [ -58.198880754344181, -17.334759715359809 ], [ -58.196974254396743, -17.335250820521861 ], [ -58.195125275527431, -17.335926988748451 ], [ -58.19335173400097, -17.336781668093995 ], [ -58.191670815108097, -17.337806576873042 ], [ -58.190098806643299, -17.338991783908291 ], [ -58.188650941079082, -17.340325804761854 ], [ -58.187341247966096, -17.341795713017351 ], [ -58.186182417989393, -17.343387265534513 ], [ -58.185185679998021, -17.345085040462571 ], [ -58.18436069219954, -17.346872586675165 ], [ -58.183715448573778, -17.348732583178709 ], [ -58.183256201412625, -17.350647006949654 ], [ -58.182987400736494, -17.35259730757425 ], [ -58.181642754284489, -17.367886108826912 ], [ -58.159522935226015, -17.365169587567614 ], [ -58.157576822878646, -17.36502649760844 ], [ -58.155626029188682, -17.365073741488406 ], [ -58.153689124873232, -17.365310869466086 ], [ -58.151784548428544, -17.365735624185092 ], [ -58.149930430603412, -17.366343962163143 ], [ -58.1481444218023, -17.367130092284263 ], [ -58.14644352406102, -17.368086530927727 ], [ -58.144843929194707, -17.369204173208903 ], [ -58.143360864658689, -17.370472379653847 ], [ -58.142008448589642, -17.371879077482518 ], [ -58.140799555407028, -17.37341087553645 ], [ -58.139745693254135, -17.37505319175682 ], [ -58.138856894445503, -17.376790391999389 ], [ -58.138141619963626, -17.378605938864819 ], [ -58.137606678914018, -17.380482549127617 ], [ -58.134907404631491, -17.392068851059086 ], [ -58.11963437962325, -17.39452485548194 ], [ -58.117759541237255, -17.394919285762519 ], [ -58.115931045743693, -17.395491298393399 ], [ -58.114165672305049, -17.396235644308934 ], [ -58.112479620845171, -17.397145493029587 ], [ -58.110888363390906, -17.398212495341724 ], [ -58.1094065020933, -17.39942685991404 ], [ -58.108047635231131, -17.400777443147593 ], [ -58.106824232426526, -17.402251851434848 ], [ -58.105747520217641, -17.40383655488947 ], [ -58.104827379038504, -17.405517011503104 ], [ -58.104072252551347, -17.407277800589917 ], [ -58.103489070163477, -17.4091027642943 ], [ -58.10308318343963, -17.410975155863191 ], [ -58.102858316993476, -17.412877793322416 ], [ -58.101494506451424, -17.432405748320075 ], [ -58.053406337145738, -17.438347865802008 ], [ -58.051404805456883, -17.43869921389695 ], [ -58.049449258857905, -17.439251854905695 ], [ -58.047559886287651, -17.440000083397582 ], [ -58.045756193508481, -17.440936174709204 ], [ -58.044056801730058, -17.442050464693331 ], [ -58.042479255365123, -17.443331449490969 ], [ -58.041039840902108, -17.444765904296457 ], [ -58.039753418764484, -17.446339019889521 ], [ -58.038633269892664, -17.448034555524732 ], [ -58.037690958632425, -17.449835006599919 ], [ -58.036936213345349, -17.451721785372573 ], [ -58.027943192550467, -17.478002886537308 ], [ -57.992745000162209, -17.495247294706228 ], [ -57.976528570034567, -17.49472488530898 ], [ -57.899847503411245, -17.436832343844717 ], [ -57.898227960110333, -17.43572986070517 ], [ -57.896508318785997, -17.434791125762739 ], [ -57.894705081071578, -17.434025147093468 ], [ -57.892835550789179, -17.433439275008709 ], [ -57.890917667902677, -17.433039131521721 ], [ -57.888969836366279, -17.432828556398974 ], [ -57.887010747520648, -17.432809570313861 ], [ -57.885059200731298, -17.432982355456357 ], [ -57.883133922990361, -17.433345253784744 ], [ -57.881253389212866, -17.433894782936111 ], [ -57.87943564495194, -17.434625669643047 ], [ -57.877698133234141, -17.435530900335756 ], [ -57.876057527176641, -17.436601788444104 ], [ -57.73529676217666, -17.538651080444051 ], [ -57.73374204160352, -17.539901117805943 ], [ -57.732319587022864, -17.54129982164616 ], [ -57.731043550966831, -17.542833275737543 ], [ -57.729926629194964, -17.544486223172338 ], [ -57.728979934379318, -17.546242218158863 ], [ -57.728212885540373, -17.548083789646842 ], [ -57.727633114333635, -17.549992615153403 ], [ -57.727246389119493, -17.551949703060327 ], [ -57.727056557571601, -17.553935581568716 ], [ -57.727065508394965, -17.555930492431244 ], [ -57.727273152534501, -17.557914587534306 ], [ -57.727677424061078, -17.559868126374326 ], [ -57.728274300726206, -17.561771672463419 ], [ -57.729057843980911, -17.563606286710247 ], [ -57.730020258060577, -17.565353715852137 ], [ -57.731151967547902, -17.566996574063602 ], [ -57.732441712642306, -17.568518515934411 ], [ -57.733876661187914, -17.569904399096195 ], [ -57.73544253634546, -17.571140434879521 ], [ -57.737123758637878, -17.572214325502507 ], [ -57.73890360095637, -17.573115386426078 ], [ -57.740764354984634, -17.573834652658405 ], [ -57.742687507385547, -17.574364967950974 ], [ -57.744653923997248, -17.574701055998784 ], [ -57.746644040206093, -17.574839572936252 ], [ -57.760876244478801, -17.575118508523602 ], [ -57.760825590224712, -17.575783910513618 ], [ -57.760874544596348, -17.577790013226398 ], [ -57.761124281411469, -17.57978111245745 ], [ -57.761572286541714, -17.581737163588684 ], [ -57.762214049869442, -17.583638474835144 ], [ -57.76304311069164, -17.585465905484394 ], [ -57.764051122760527, -17.587201058588217 ], [ -57.76522793830614, -17.588826466166744 ], [ -57.772147973703959, -17.597439223124944 ], [ -57.761144567012138, -17.64745106130831 ], [ -57.69949428429446, -17.720856263193493 ], [ -57.698366641429246, -17.722333129976832 ], [ -57.697380929073191, -17.723908276026677 ], [ -57.696545655683266, -17.725568105021267 ], [ -57.69586803115962, -17.727298289673886 ], [ -57.695353904611338, -17.729083895402923 ], [ -57.695007713868144, -17.730909509243943 ], [ -57.694832447174051, -17.732759372891124 ], [ -57.694829617393445, -17.73461751871951 ], [ -57.694999248952378, -17.736467907614152 ], [ -57.698981905651486, -17.765167817269834 ], [ -57.673322037290326, -17.793317002640709 ], [ -57.672094941818308, -17.794800713718463 ], [ -57.671016203879383, -17.796395544843953 ], [ -57.670095821113918, -17.798086715274376 ], [ -57.66934232354162, -17.799858551403435 ], [ -57.668762694506135, -17.801694632022834 ], [ -57.668362305954112, -17.803577940512461 ], [ -57.668144868648461, -17.805491022548814 ], [ -57.668112397777399, -17.80741614786999 ], [ -57.668745750777298, -17.827652029869999 ], [ -57.668898862741095, -17.829573814330828 ], [ -57.669236296011782, -17.831471928546353 ], [ -57.669754915244802, -17.833328735719565 ], [ -57.670449901561462, -17.83512698286804 ], [ -57.671314797324762, -17.836849961134291 ], [ -57.672341566142123, -17.83848166104023 ], [ -57.673520667537488, -17.840006921243209 ], [ -57.674841145599046, -17.84141156941136 ], [ -57.676290730778774, -17.84268255390932 ], [ -57.677855953897968, -17.843808065070739 ], [ -57.679522271299462, -17.844777644930691 ], [ -57.681274199983591, -17.845582284398457 ], [ -57.683095461472305, -17.846214506967694 ], [ -57.684969133064705, -17.846668438186267 ], [ -57.686877805078439, -17.846939860240152 ], [ -57.690191362449589, -17.847249053066353 ], [ -57.58331798253873, -18.035281085647075 ], [ -57.582312625457917, -18.03730912455487 ], [ -57.58154286844502, -18.039437776431658 ], [ -57.557372583872521, -18.120325477918747 ], [ -57.441718072456737, -18.215586846604662 ], [ -57.440262406366003, -18.216911281918843 ], [ -57.438943955443555, -18.218372370497356 ], [ -57.437775485895898, -18.21995596501154 ], [ -57.436768311700128, -18.221646731940641 ], [ -57.435932185053737, -18.223428300042162 ], [ -57.435275201946681, -18.225283418870216 ], [ -57.434803723770095, -18.227194125806975 ], [ -57.434522315720663, -18.229141919989857 ], [ -57.434433702597012, -18.231107941450443 ], [ -57.434538742416244, -18.233073153730462 ], [ -57.434836418105974, -18.23501852820673 ], [ -57.435323847352372, -18.236925228340183 ], [ -57.435996310508827, -18.238774792065058 ], [ -57.436847296295049, -18.240549310552087 ], [ -57.43786856484401, -18.242231601614915 ], [ -57.439050227486376, -18.243805376080584 ], [ -57.440380842499863, -18.245255395513233 ], [ -57.441847525896328, -18.246567619763766 ], [ -57.443436076173995, -18.24772934291688 ], [ -57.445131111826782, -18.248729316319 ], [ -57.446916220279284, -18.249557857495997 ], [ -57.448774116805346, -18.250206943905969 ], [ -57.45068681189143, -18.250670290619379 ], [ -57.452635785424249, -18.25094341117433 ], [ -57.542944698143934, -18.259094014019063 ], [ -57.571138094116669, -18.34349039946779 ], [ -57.739660513274401, -18.879679520442117 ], [ -57.720395939555928, -18.87907855733647 ], [ -57.718373247332288, -18.879117829383439 ], [ -57.716364870695735, -18.879361241402474 ], [ -57.714391359487195, -18.879806302785898 ], [ -57.71247290680224, -18.880448459636568 ], [ -57.71062914237406, -18.881281141363644 ], [ -57.708878931720683, -18.882295827913318 ], [ -57.70724018311185, -18.88348213694653 ], [ -57.705729664330342, -18.884827930071776 ], [ -57.704362831102991, -18.886319437045902 ], [ -57.703153668956652, -18.887941396672133 ], [ -57.702114550117386, -18.889677212953636 ], [ -57.701256106917015, -18.89150912490485 ], [ -57.700587123002443, -18.893418388283038 ], [ -57.70011444346077, -18.895385467380621 ], [ -57.699842904779942, -18.89739023491579 ], [ -57.688899972779907, -19.027312003915867 ], [ -57.688831856438483, -19.029303669942671 ], [ -57.688962284437956, -19.031292227695221 ], [ -57.689289961832614, -19.033257933910129 ], [ -57.689811635299222, -19.03518127220396 ], [ -57.690522125437475, -19.037043146840379 ], [ -57.691414378193279, -19.038825072320876 ], [ -57.692479534894488, -19.040509356916829 ], [ -57.693707020203625, -19.042079278320632 ], [ -57.695084647114449, -19.043519249672041 ], [ -57.69659873794977, -19.044814974311258 ], [ -57.698234260159445, -19.045953587722366 ], [ -57.699974975569972, -19.046923785257842 ], [ -57.701803601604162, -19.047715934375976 ], [ -57.703701982870051, -19.048322170276929 ], [ -57.705651271415491, -19.04873647398788 ], [ -57.707632113858793, -19.048954732121981 ], [ -57.77127423881457, -19.052771488253622 ], [ -58.108510458807061, -19.752268733826437 ], [ -57.864097635449504, -19.950343182198882 ], [ -57.862668966376702, -19.951619051134724 ], [ -57.861368902205285, -19.953025738737296 ], [ -57.860209367568658, -19.954550342386604 ], [ -57.859200998115242, -19.956178877896331 ], [ -57.858353042954676, -19.957896407781575 ], [ -57.857673279821832, -19.95968717827057 ], [ -57.857167943736741, -19.961534763803673 ], [ -57.853425725736727, -19.97834231980362 ], [ -57.853106792004304, -19.980171236888715 ], [ -57.852958820194353, -19.982021847807651 ], [ -57.852983085326855, -19.983878206510372 ], [ -57.853179378317868, -19.985724317420235 ], [ -57.853546007781148, -19.987544273262142 ], [ -57.854079814602201, -19.989322392129829 ], [ -57.85477619915924, -19.991043352611229 ], [ -57.855629160956497, -19.992692325807571 ], [ -57.856631350328307, -19.994255103108678 ], [ -57.893023561328384, -20.045593298108706 ], [ -57.894248023335933, -20.04715093753989 ], [ -57.895620595091039, -20.048579781332126 ], [ -57.897127806353588, -20.049865806998877 ], [ -57.898754865548938, -20.05099639365206 ], [ -57.90048580493044, -20.051960445861788 ], [ -57.902303637284867, -20.052748502545466 ], [ -57.904190522642708, -20.053352829817637 ], [ -57.906127943357262, -20.0537674968893 ], [ -57.908096885834453, -20.053988434271933 ], [ -57.910078027129721, -20.054013473714882 ], [ -57.912051924580908, -20.053842369484325 ], [ -57.913999206615991, -20.053476800774853 ], [ -57.946971545123994, -20.045578062539978 ], [ -57.955093568735776, -20.059789454193531 ], [ -57.956155515081065, -20.061451569871256 ], [ -57.957376015614933, -20.063001001061487 ], [ -57.958743199875613, -20.064422678156955 ], [ -57.960243770770596, -20.065702774073497 ], [ -57.961863133902796, -20.066828838730824 ], [ -57.963585539514135, -20.067789920140722 ], [ -57.965394235666047, -20.068576670924955 ], [ -57.967271631167108, -20.069181439226885 ], [ -57.969199466663142, -20.06959834313265 ], [ -58.012799742165576, -20.076797705787751 ], [ -58.033148752765655, -20.11072758051623 ], [ -58.034186217876119, -20.112286937002381 ], [ -58.035365003148279, -20.113742406613355 ], [ -58.036674770851882, -20.115081225148085 ], [ -58.038104034564803, -20.116291651414009 ], [ -58.039640259906903, -20.117363070195172 ], [ -58.041269974464178, -20.118286085345719 ], [ -58.042978885939398, -20.119052602192369 ], [ -58.044752007492903, -20.119655898523209 ], [ -58.046573789174467, -20.120090683540269 ], [ -58.082673674984164, -20.126937473977055 ], [ -58.102317019158932, -20.151837345702901 ], [ -58.103741663779303, -20.153455596917443 ], [ -58.105332224733992, -20.154911091725786 ], [ -58.107070218315805, -20.1561869160073 ], [ -58.10893544752166, -20.157268243569757 ], [ -58.160746000521712, -20.183681131569738 ], [ -58.162536476596649, -20.18448578415499 ], [ -58.164397209170886, -20.185111039818768 ], [ -58.166310273480221, -20.185550875363283 ], [ -58.168257240639683, -20.185801053775368 ], [ -58.170219355172151, -20.185859165042377 ], [ -58.172177715683219, -20.18572464936825 ], [ -58.174113456941612, -20.185398802566137 ], [ -58.176007931611302, -20.184884763575603 ], [ -58.177842889884566, -20.184187484224651 ], [ -58.179600655285604, -20.183313681527924 ], [ -58.18126429495112, -20.182271772980496 ], [ -58.182817782747598, -20.181071795470668 ], [ -58.184246153653838, -20.179725308592865 ], [ -58.185535647921654, -20.178245283292014 ], [ -58.186673843625954, -20.176645976912177 ], [ -58.187649776327319, -20.17494279585301 ], [ -58.188454044694375, -20.173152147157246 ], [ -58.189078901068463, -20.171291280458728 ], [ -58.189518326098238, -20.16937812181369 ], [ -58.189768086725088, -20.167431101015865 ], [ -58.189825776960966, -20.16546897405907 ], [ -58.189690841065683, -20.163510642457414 ], [ -58.189364578900445, -20.16157497116367 ], [ -58.188850133406092, -20.159680606839885 ], [ -58.188152460326542, -20.157845798230802 ], [ -58.1872782804693, -20.156088220370485 ], [ -58.186236014962688, -20.15442480431561 ], [ -58.16074681110593, -20.117864285680501 ], [ -58.179260109611036, -20.086934190580187 ], [ -58.180199782343152, -20.085169756757594 ], [ -58.180958621733367, -20.083320331350162 ], [ -58.18152904657483, -20.081404391095862 ], [ -58.181905358021673, -20.079441077251168 ], [ -58.182083796523514, -20.077450004359772 ], [ -58.182062579385352, -20.075451064292924 ], [ -58.181841918577611, -20.073464227519125 ], [ -58.178335750070708, -20.051821280264345 ], [ -58.188015646291753, -20.043622277877571 ], [ -58.189451220040553, -20.042279757638546 ], [ -58.190748083824367, -20.040802809126685 ], [ -58.191893712427124, -20.039205696831015 ], [ -58.192877041274478, -20.037503845792173 ], [ -58.193688573296328, -20.035713692626111 ], [ -58.194320470650297, -20.033852526777913 ], [ -58.194766630420276, -20.031938323538942 ], [ -58.203711734042521, -19.982734453776747 ], [ -58.224768704919533, -19.967653718085018 ], [ -58.226320963746645, -19.966421204663163 ], [ -58.227743603553378, -19.965041098586919 ], [ -58.229022651894262, -19.963526954557089 ], [ -58.230145546606238, -19.961893643727144 ], [ -58.231101259187874, -19.960157207646343 ], [ -58.231880403115682, -19.958334700707773 ], [ -58.232475326033814, -19.95644402264875 ], [ -58.232880184911593, -19.954503742748713 ], [ -58.233091003430779, -19.95253291745119 ], [ -58.233105711038974, -19.950550903201076 ], [ -58.232924163285517, -19.948577166335483 ], [ -58.232548143240223, -19.946631091895249 ], [ -58.231981343980962, -19.944731793234929 ], [ -58.231229332322123, -19.942897924301128 ], [ -58.230299494140198, -19.941147496422914 ], [ -58.229200961833456, -19.939497701413696 ], [ -58.216571120689416, -19.922428404576433 ], [ -58.221805568881102, -19.866666127132202 ], [ -58.221893005400098, -19.86473286664998 ], [ -58.221793185817873, -19.862800205974132 ], [ -58.221507044730515, -19.860886240322639 ], [ -58.221037261234983, -19.859008889874723 ], [ -58.220388233845135, -19.857185731986828 ], [ -58.219566039309072, -19.855433836618424 ], [ -58.218578375713449, -19.853769606508479 ], [ -58.217434490407413, -19.852208623599026 ], [ -58.216145093421048, -19.85076550314372 ], [ -58.195273800098654, -19.82956613458358 ], [ -58.245821937753099, -19.792668064345783 ], [ -59.11966773719346, -19.363746605238333 ], [ -59.974942418071471, -19.315316647663654 ], [ -60.596009418085053, -19.475301417122544 ], [ -60.597894231008468, -19.475691301966641 ], [ -61.721247950016675, -19.652188853235828 ], [ -61.903904990973814, -20.096839059501118 ], [ -61.904942184588556, -20.098989042526028 ], [ -61.906228143310713, -20.101000138686526 ], [ -62.246567021343523, -20.56913693267207 ], [ -62.240666614065269, -21.058258759209156 ], [ -62.240757168175421, -21.060416227585183 ], [ -62.24107979321056, -21.062551358243276 ], [ -62.241630728274338, -21.064639261592554 ], [ -62.624849233274396, -22.252787753592536 ], [ -62.625527392353021, -22.254588731441299 ], [ -62.626375503933986, -22.256316194232181 ], [ -62.627385715731819, -22.257954148160465 ], [ -62.628548674647668, -22.259487428143931 ], [ -62.629853613365519, -22.260901838229554 ], [ -62.631288450041907, -22.262184283027484 ], [ -62.632839900166331, -22.263322888955397 ], [ -62.634493599556563, -22.264307114170688 ], [ -62.636234237350187, -22.26512784617265 ], [ -62.638045697761051, -22.265777486171071 ], [ -62.639911209288059, -22.266250019439997 ], [ -62.64181349999506, -22.266541071005413 ], [ -62.643734957423902, -22.26664794615116 ], [ -62.645657791660376, -22.266569655368105 ], [ -62.667233703660322, -22.264648159368083 ], [ -62.669101246239364, -22.264392664388932 ], [ -62.67093644174652, -22.263962489518175 ], [ -62.672722989089948, -22.263361455776536 ], [ -62.674445019294282, -22.262594901835659 ], [ -62.676087236456496, -22.261669636597446 ], [ -62.677635053611517, -22.260593878714122 ], [ -62.679074722300669, -22.259377183586167 ], [ -62.680393454692123, -22.258030358486675 ], [ -62.681579537168602, -22.256565366565912 ], [ -62.682622434373357, -22.254995220588864 ], [ -62.683512882790289, -22.253333867349578 ], [ -62.699136966811409, -22.220561608987818 ], [ -62.709277398645483, -22.227363771412559 ], [ -62.71101125482496, -22.228403775737942 ], [ -62.712841253389428, -22.229263410254433 ], [ -62.714748692365482, -22.229933889784725 ], [ -62.716714078364596, -22.230408362252206 ], [ -62.718717325799048, -22.230681978706915 ], [ -62.720737962149897, -22.230751942880175 ], [ -62.722755337189305, -22.230617539761536 ], [ -62.724748834018932, -22.230280142905922 ], [ -62.726698079767765, -22.229743200396385 ], [ -62.728583153796052, -22.229012199605823 ], [ -62.730384791277544, -22.228094611117886 ], [ -62.732084580079615, -22.2269998123801 ], [ -62.733665148929092, -22.225738991869481 ], [ -62.735110344940828, -22.224325034750059 ], [ -62.736405398694842, -22.222772391190791 ], [ -62.737537075174799, -22.221096928689683 ], [ -62.760700910585427, -22.18275742941853 ], [ -62.76953905605027, -22.1899972052423 ], [ -62.771071585925895, -22.191134851906106 ], [ -62.772705581209372, -22.19212123274783 ], [ -62.774426160747197, -22.19294736458075 ], [ -62.776217654844054, -22.193605723641035 ], [ -62.778063747970201, -22.194090314108287 ], [ -62.779947627350531, -22.194396722710817 ], [ -62.781852136082257, -22.194522158918257 ], [ -62.783759929386541, -22.194465480355554 ], [ -62.78565363257124, -22.194227203206811 ], [ -62.787515999266006, -22.193809497514287 ], [ -62.789330068488795, -22.193216167415372 ], [ -62.791079319113216, -22.19245261649743 ], [ -62.792747820330099, -22.191525798586184 ], [ -62.79432037673282, -22.190444154415669 ], [ -62.795782666705243, -22.189217534756644 ], [ -62.797121372851777, -22.18785711070343 ], [ -62.798324303281881, -22.186375271936328 ], [ -62.82825658828191, -22.14567822493629 ], [ -62.829305770168261, -22.144100199764924 ], [ -62.830200894245294, -22.142429960572827 ], [ -62.830933924657288, -22.140682501707161 ], [ -62.831498280722542, -22.1388735107443 ], [ -62.831888896010575, -22.137019227656726 ], [ -62.832102263825291, -22.135136299020864 ], [ -62.83213646868591, -22.133241628574687 ], [ -62.830872572685784, -22.090177857574695 ], [ -62.830732134466182, -22.088327454005658 ], [ -62.830420793618416, -22.086498032474584 ], [ -62.829941230566334, -22.084705343003172 ], [ -62.829297574007647, -22.08296481937613 ], [ -62.828495365368745, -22.081291446267254 ], [ -62.827541511096967, -22.079699630232014 ], [ -62.819980342240065, -22.068314904253391 ], [ -62.826999021937063, -22.062810812852593 ], [ -62.828538015794599, -22.061471704993917 ], [ -62.829932590508797, -22.059982788167087 ], [ -62.831168236534026, -22.058359553479484 ], [ -62.832232097863205, -22.0566188895191 ], [ -62.833113105785323, -22.054778906640955 ], [ -62.833802094047371, -22.052858748541876 ], [ -62.834291894222652, -22.050878393084137 ], [ -62.834577410293058, -22.048858444440175 ], [ -62.834655671669474, -22.046819918721017 ], [ -62.834525864098637, -22.044784025318783 ], [ -62.834189338134856, -22.042771946238229 ], [ -62.829673791231876, -22.022265445939034 ], [ -63.652488008027106, -22.023443039314078 ], [ -63.66457147480628, -22.060913459929154 ], [ -63.665253007023992, -22.062722469089863 ], [ -63.666106004017237, -22.064457230294419 ], [ -63.667122496660959, -22.06610153653493 ], [ -63.668292988371839, -22.067640025879083 ], [ -63.66960654383017, -22.069058324988998 ], [ -63.671050891143089, -22.070343183404152 ], [ -63.672612536494697, -22.071482597333816 ], [ -63.674276890212106, -22.072465921802472 ], [ -63.676028403069431, -22.073283970100519 ], [ -63.677850711556459, -22.073929099611103 ], [ -63.679726790754742, -22.074395283211278 ], [ -63.68163911339294, -22.074678165580401 ], [ -63.683569813595327, -22.074775103889717 ], [ -63.685500853793783, -22.074685192493 ], [ -63.687414193243768, -22.074409271387541 ], [ -63.689291956570003, -22.073949918366484 ], [ -63.691116600767174, -22.073311424935778 ], [ -63.692871079095461, -22.072499756220786 ], [ -63.694539000339731, -22.071522495237108 ], [ -63.696104781944484, -22.070388772046233 ], [ -63.697553795593876, -22.069109178457943 ], [ -63.698872503876764, -22.067695669076318 ], [ -63.700048586760019, -22.066161449613841 ], [ -63.701071056688384, -22.064520853517021 ], [ -63.701930361235775, -22.062789208056156 ], [ -63.702618472348803, -22.060982691130288 ], [ -63.703128961348852, -22.059118180125186 ], [ -63.703457058992065, -22.057213094236353 ], [ -63.707334745576368, -22.025639371291504 ], [ -63.721815886883718, -22.019504240277229 ], [ -63.919506938942831, -22.019337010025719 ], [ -63.933983625814953, -22.043283282343459 ], [ -63.938322668630242, -22.088078144710117 ], [ -63.938617304290318, -22.090069305615096 ], [ -63.939110588502302, -22.092020767274445 ], [ -63.939797524874379, -22.093912763665145 ], [ -63.940671155544941, -22.095726131077765 ], [ -63.941722631657619, -22.09744250222241 ], [ -63.942941302989816, -22.099044492267879 ], [ -63.944314825827028, -22.100515874929648 ], [ -63.945829287990207, -22.101841746823162 ], [ -63.947469349749852, -22.103008678417666 ], [ -63.94921839919953, -22.104004850061649 ], [ -63.95105872051505, -22.104820171702077 ], [ -63.95297167339502, -22.105446385084811 ], [ -63.954937881865298, -22.105877147401078 ], [ -63.956937430534921, -22.10610809553269 ], [ -63.958950066315737, -22.106136890245335 ], [ -63.960955403562465, -22.105963239882261 ], [ -63.962933130555427, -22.105588903318445 ], [ -63.964598240353489, -22.105185999024229 ], [ -63.966341611586643, -22.113255055139224 ], [ -63.966851882822503, -22.115157519231939 ], [ -63.967546816960486, -22.117000563697516 ], [ -63.968419673580115, -22.118766312173314 ], [ -63.969461986525658, -22.120437638018796 ], [ -63.970663646022487, -22.121998330433048 ], [ -63.972012996735458, -22.123433251689296 ], [ -63.97349695081828, -22.124728483961245 ], [ -63.974003015668458, -22.125089059418926 ], [ -63.973341246138901, -22.127296270076059 ], [ -63.972880643053593, -22.12915018672674 ], [ -63.972599013754916, -22.131039590624269 ], [ -63.972498927520313, -22.132947244915673 ], [ -63.972581297427034, -22.134855746251365 ], [ -63.972845372022213, -22.136747683554251 ], [ -63.973288742178305, -22.138605796859341 ], [ -63.973907363071334, -22.140413134774779 ], [ -63.974695591081421, -22.142153209127784 ], [ -63.975646235279022, -22.143810145384684 ], [ -64.013104042602421, -22.202422378954907 ], [ -64.013311085968354, -22.242493089624197 ], [ -64.013420966523611, -22.244485883787135 ], [ -64.013728915317273, -22.246457804133588 ], [ -64.014231865716482, -22.24838921377636 ], [ -64.014924809212516, -22.25026087924422 ], [ -64.015800845296795, -22.252054162013696 ], [ -64.016851250177922, -22.253751204116284 ], [ -64.018065563655426, -22.255335105972662 ], [ -64.019431693285085, -22.256790094683005 ], [ -64.020936034798623, -22.258101681097578 ], [ -64.022563607578476, -22.259256804103394 ], [ -64.024298203838583, -22.260243960690094 ], [ -64.026122550025732, -22.261053320499897 ], [ -64.028018478833943, -22.261676823720798 ], [ -64.029967110119202, -22.262108261348239 ], [ -64.031949038912742, -22.262343337015977 ], [ -64.033944528660726, -22.262379709780387 ], [ -64.035933707765807, -22.262217017432171 ], [ -64.048647942024473, -22.260535089971352 ], [ -64.097651969007543, -22.413176183408602 ], [ -64.098343963563124, -22.415015731622571 ], [ -64.099213170813073, -22.416778477450283 ], [ -64.100251196835799, -22.418447398081291 ], [ -64.101448017429334, -22.420006376773696 ], [ -64.102792074914845, -22.421440358493275 ], [ -64.104270389749061, -22.422735495299726 ], [ -64.105868685867421, -22.423879280076022 ], [ -64.107571528547922, -22.42486066730946 ], [ -64.109362473463918, -22.425670179758008 ], [ -64.111224225486779, -22.426299999971903 ], [ -64.113138805704708, -22.426744045786634 ], [ -64.127523870490222, -22.429343034987856 ], [ -64.142913741546366, -22.473870403225391 ], [ -64.143636390582543, -22.475672682751036 ], [ -64.1445304071935, -22.477396390213851 ], [ -64.145587364304646, -22.479025277804581 ], [ -64.14679729895073, -22.480543991493931 ], [ -64.148148806187621, -22.481938215760923 ], [ -64.149629146596197, -22.483194808532183 ], [ -64.151224366365199, -22.484301925060208 ], [ -64.152919428821008, -22.485249129572942 ], [ -64.154698356164573, -22.486027493642219 ], [ -64.156544380079467, -22.486629680343885 ], [ -64.169059948159131, -22.490049854765378 ], [ -64.198219306347596, -22.551992038140963 ], [ -64.199099806355619, -22.553654685300302 ], [ -64.200132642840984, -22.555227238839954 ], [ -64.201308676037826, -22.556695782935488 ], [ -64.202617499005399, -22.558047322161759 ], [ -64.204047529721095, -22.559269896491905 ], [ -64.205586113571997, -22.560352687133875 ], [ -64.207219635337879, -22.561286112267979 ], [ -64.219600589613549, -22.567607745695419 ], [ -64.218896231435309, -22.620288171972028 ], [ -64.218977125346228, -22.622372261161669 ], [ -64.219274618682121, -22.624436593811776 ], [ -64.219785476224146, -22.626458720451474 ], [ -64.220504142432787, -22.628416650597252 ], [ -64.221422801864136, -22.630289091897907 ], [ -64.222531464162145, -22.632055681687358 ], [ -64.223818072703097, -22.633697208427179 ], [ -64.234730576780663, -22.646216255340267 ], [ -64.230871211157236, -22.648870521996585 ], [ -64.229319562669389, -22.650053150938639 ], [ -64.227890522059468, -22.651381332846203 ], [ -64.226597687449996, -22.652842429323837 ], [ -64.225453360887073, -22.65442253721945 ], [ -64.224468431279448, -22.656106620920585 ], [ -64.223652270784513, -22.657878655426718 ], [ -64.223012645626937, -22.659721778836094 ], [ -64.222555642198657, -22.661618452796198 ], [ -64.222285609143498, -22.663550629391004 ], [ -64.22220511597736, -22.665499922877014 ], [ -64.222314928637857, -22.667447784633918 ], [ -64.222614002195954, -22.669375679665098 ], [ -64.223099490799072, -22.671265262968536 ], [ -64.223766774751013, -22.673098554099781 ], [ -64.224609504470848, -22.674858108265951 ], [ -64.225619660912884, -22.676527182322733 ], [ -64.24978739141045, -22.712385933691944 ], [ -64.244525556598887, -22.736600290617016 ], [ -64.24420598387691, -22.738514217024061 ], [ -64.244073387951275, -22.740450104246168 ], [ -64.244129016961054, -22.742389729578413 ], [ -64.244372347264672, -22.744314835128652 ], [ -64.244801088369002, -22.74620729968094 ], [ -64.245411204490111, -22.748049309272389 ], [ -64.246196952542348, -22.74982352487784 ], [ -64.247150936198736, -22.751513245623862 ], [ -64.248264175513313, -22.753102565995814 ], [ -64.248349355012834, -22.753202050585632 ], [ -64.247501484005781, -22.75460648732631 ], [ -64.246646868829075, -22.756405322664662 ], [ -64.245975389812926, -22.75828023375739 ], [ -64.245493704966691, -22.760212630037575 ], [ -64.245206590407165, -22.76218335094741 ], [ -64.245116893001295, -22.764172855923562 ], [ -64.245225502138254, -22.766161418150432 ], [ -64.245531340910773, -22.768129320160181 ], [ -64.24603137679307, -22.770057049340117 ], [ -64.246720651709794, -22.771925491408776 ], [ -64.297351312709807, -22.890610036408841 ], [ -64.298193651328901, -22.892347124310234 ], [ -64.299199546713339, -22.893994905606998 ], [ -64.300359626410909, -22.895538027060955 ], [ -64.301663081353738, -22.896962110604292 ], [ -64.303097766571952, -22.898253887307526 ], [ -64.304650314354745, -22.899401321013041 ], [ -64.306306258804256, -22.900393720482256 ], [ -64.308050170621968, -22.90122183901147 ], [ -64.309865800871478, -22.901877960588212 ], [ -64.311736232378323, -22.902355971785386 ], [ -64.313644037356113, -22.902651418723227 ], [ -64.315571439790375, -22.902761548568449 ], [ -64.317500481066858, -22.902685335183818 ], [ -64.319413187301393, -22.902423488689205 ], [ -64.321291736811915, -22.901978448845039 ], [ -64.323118626172388, -22.901354362319776 ], [ -64.324876833301317, -22.90055704405323 ], [ -64.326549976065422, -22.899593923075741 ], [ -64.328122464920526, -22.898473973288034 ], [ -64.329579648167382, -22.897207629846683 ], [ -64.330907948469331, -22.895806691934332 ], [ -64.332094989359291, -22.894284212820541 ], [ -64.333129710557913, -22.892654378237669 ], [ -64.33400247102783, -22.890932374205001 ], [ -64.334705138804324, -22.88913424553267 ], [ -64.335231166765084, -22.887276746323813 ], [ -64.335575653633072, -22.885377183867835 ], [ -64.335640582054211, -22.884595159149399 ], [ -64.34225134569995, -22.883764679337503 ], [ -64.344206030508076, -22.883419854714678 ], [ -64.346116909843062, -22.882882977739278 ], [ -64.347965162992296, -22.882159336242449 ], [ -64.34973258606361, -22.881256057544267 ], [ -64.351401771279811, -22.880182038255047 ], [ -64.352956278432103, -22.878947856650463 ], [ -64.354380796803653, -22.877565668483559 ], [ -64.355661295968574, -22.876049087259812 ], [ -64.356785163980973, -22.874413050154391 ], [ -64.357741331593047, -22.872673670892347 ], [ -64.35852038127878, -22.870848081040613 ], [ -64.359114639989443, -22.868954261275057 ], [ -64.359518254727305, -22.867010864284481 ], [ -64.359727250193231, -22.865037031055753 ], [ -64.359739567940323, -22.863052202349614 ], [ -64.359555086648115, -22.861075927223922 ], [ -64.359175623317469, -22.859127670490249 ], [ -64.358604915374471, -22.857226621000255 ], [ -64.357848583859663, -22.855391502650036 ], [ -64.349104152210415, -22.836844743597659 ], [ -64.359980266275343, -22.815728469036873 ], [ -64.360783829022893, -22.813962875214823 ], [ -64.361412563740018, -22.812127738356381 ], [ -64.361860555550408, -22.810240322670442 ], [ -64.362123589932338, -22.808318384183483 ], [ -64.362199192367072, -22.806380003698237 ], [ -64.361720245892343, -22.756136724911208 ], [ -64.37180969427726, -22.743208397460094 ], [ -64.405374617635871, -22.739272375171062 ], [ -64.407261269171627, -22.738959068258865 ], [ -64.409109369358902, -22.738466990077683 ], [ -64.410902019099183, -22.737800640209148 ], [ -64.412622826334939, -22.73696611178185 ], [ -64.414256055939262, -22.735971035755519 ], [ -64.415786773598413, -22.734824511143245 ], [ -64.417200982371824, -22.733537021809763 ], [ -64.418485750680574, -22.732120340606588 ], [ -64.419629330554315, -22.730587421720614 ], [ -64.420621265055104, -22.728952282220529 ], [ -64.42145248389609, -22.72722987388422 ], [ -64.422115386380526, -22.725435946479127 ], [ -64.422603910902822, -22.723586903745787 ], [ -64.422913590376155, -22.721699653401398 ], [ -64.423041593079603, -22.719791452535002 ], [ -64.422986748551594, -22.71787974980802 ], [ -64.422749558292566, -22.715982025903017 ], [ -64.422332191179265, -22.714115633679675 ], [ -64.416726868778909, -22.693690074674308 ], [ -64.456761442126165, -22.65178120317837 ], [ -64.458063262624705, -22.650274989776772 ], [ -64.459208888413016, -22.648646813811233 ], [ -64.460186968013787, -22.646912808126082 ], [ -64.460987810087587, -22.645090154183499 ], [ -64.461603479459868, -22.64319691182035 ], [ -64.462027875746898, -22.641251840301578 ], [ -64.462256793801714, -22.639274212443318 ], [ -64.462287965380952, -22.637283623647452 ], [ -64.462121081619799, -22.635299797739805 ], [ -64.461757796092456, -22.633342391535869 ], [ -64.461201708427566, -22.631430800070483 ], [ -64.460458328641209, -22.629583964421379 ], [ -64.459535022540635, -22.627820184030789 ], [ -64.458440938739955, -22.626156935384714 ], [ -64.457186918010677, -22.624610698846489 ], [ -64.455785385865568, -22.623196795360467 ], [ -64.454250229439893, -22.621929234643847 ], [ -64.452596659890304, -22.620820576370864 ], [ -64.450841061674424, -22.619881805724759 ], [ -64.449000830204866, -22.619122224550669 ], [ -64.447094199486088, -22.618549359187945 ], [ -64.446596515583991, -22.618452459466045 ], [ -64.451557508225804, -22.584269744564114 ], [ -64.451746410548239, -22.582256297981214 ], [ -64.451731019040992, -22.580234067942094 ], [ -64.451511491068814, -22.57822372998567 ], [ -64.451090071113782, -22.576245838064679 ], [ -64.450471067827507, -22.57432061439944 ], [ -64.449660809978866, -22.572467742723276 ], [ -64.448667581747884, -22.570706167033507 ], [ -64.447501538027183, -22.569053897905604 ], [ -64.446174600597104, -22.567527828350734 ], [ -64.444700336235897, -22.566143561099487 ], [ -64.43117626305488, -22.554674814994588 ], [ -64.431858563175709, -22.548471812513281 ], [ -64.495665418314985, -22.495945223096172 ], [ -64.497140931281706, -22.494601605835594 ], [ -64.498475199435745, -22.493117633345623 ], [ -64.499654938650409, -22.491508080226495 ], [ -64.500668403306804, -22.489788971373596 ], [ -64.501505503234625, -22.487977422431744 ], [ -64.502157904171028, -22.486091469389898 ], [ -64.502619110737513, -22.484149889012748 ], [ -64.502884531108592, -22.482172011897127 ], [ -64.502951522728651, -22.480177530014348 ], [ -64.502819418621428, -22.478186300654698 ], [ -64.502489534030573, -22.476218148725959 ], [ -64.501965153324875, -22.474292669374375 ], [ -64.501251497298753, -22.472429032893118 ], [ -64.500355671193446, -22.470645793860648 ], [ -64.499286593956342, -22.468960706409209 ], [ -64.498246087797028, -22.467488540103208 ], [ -64.503135360330859, -22.458324923907107 ], [ -64.522300296955294, -22.461037693409068 ], [ -64.524252046898383, -22.461216966841626 ], [ -64.526211972252113, -22.461204341001967 ], [ -64.528161250545992, -22.460999937144454 ], [ -64.530081161560403, -22.460605718295671 ], [ -64.531953267109259, -22.460025470402169 ], [ -64.533759588114279, -22.459264765971501 ], [ -64.535482777269991, -22.458330910555713 ], [ -64.53710628564157, -22.457232872591252 ], [ -64.538614521595221, -22.455981197269093 ], [ -64.539993000535077, -22.454587905262233 ], [ -64.5412284840084, -22.453066377283161 ], [ -64.542309106843348, -22.451431225579924 ], [ -64.543224491098016, -22.449698153604999 ], [ -64.543965845726859, -22.447883805204533 ], [ -64.544526051006883, -22.446005604776406 ], [ -64.54489972691313, -22.444081589932107 ], [ -64.5450832847866, -22.442130238269524 ], [ -64.545074961798619, -22.440170289920239 ], [ -64.544874837880386, -22.438220567575563 ], [ -64.544484834955369, -22.436299795719648 ], [ -64.5439086984818, -22.43442642080581 ], [ -64.543151961482522, -22.432618434102896 ], [ -64.537433038186279, -22.420639456007102 ], [ -64.580009989992803, -22.382996169808898 ], [ -64.58147344199881, -22.381562213378707 ], [ -64.582782507049856, -22.379986056181679 ], [ -64.583923446760792, -22.37828423968347 ], [ -64.584884287189524, -22.376474624119847 ], [ -64.585654944501158, -22.374576201056978 ], [ -64.586227330795879, -22.372608894078596 ], [ -64.586595438990003, -22.370593349691834 ], [ -64.586755405859051, -22.36855072064612 ], [ -64.586705552581577, -22.366502443939151 ], [ -64.583516951581601, -22.324393731939136 ], [ -64.583255648804453, -22.3223493642611 ], [ -64.582785341264113, -22.320342742931143 ], [ -64.582111023295482, -22.318395176854846 ], [ -64.581239855680593, -22.316527347812588 ], [ -64.580181089606072, -22.314759090833583 ], [ -64.564046139493286, -22.290716100290037 ], [ -64.608802020559992, -22.259128163664514 ], [ -64.61028660855402, -22.257972024300496 ], [ -64.611655973145275, -22.256681481640523 ], [ -64.612897993198601, -22.255267959115702 ], [ -64.614001674787971, -22.253743968731769 ], [ -64.614957248510962, -22.252123000317226 ], [ -64.631642467567175, -22.220507978449962 ], [ -64.654794160708718, -22.209965107204724 ], [ -64.735837824916118, -22.214147681305761 ], [ -64.737747667985303, -22.214154936011123 ], [ -64.739649495219112, -22.213979989298053 ], [ -64.74152596407761, -22.213624436485144 ], [ -64.743359963260914, -22.213091519816885 ], [ -64.745134768745146, -22.212386098897994 ], [ -64.746834196286841, -22.211514606379257 ], [ -64.867315121265918, -22.142273732801893 ], [ -64.924369325826035, -22.141120038355265 ], [ -64.926223953339132, -22.1409961434012 ], [ -64.928059069077676, -22.140700604236041 ], [ -64.929858822260798, -22.140235973574292 ], [ -64.931607667551106, -22.13960626465536 ], [ -64.933290499327242, -22.13881691657928 ], [ -64.999036020235195, -22.104163785000356 ], [ -65.48435057011244, -22.115544503153004 ], [ -65.48676769970389, -22.115454881401412 ], [ -65.489156333403514, -22.115074123513512 ], [ -65.565439729807323, -22.098129312801994 ], [ -65.572394709836971, -22.109280342747009 ], [ -65.573471281002313, -22.110837177032327 ], [ -65.574690205527105, -22.11228526593457 ], [ -65.576040565691926, -22.113611639144217 ], [ -65.577510266528478, -22.114804416540466 ], [ -65.57908614415247, -22.115852914599675 ], [ -65.580754083670456, -22.116747742086019 ], [ -65.582499145604757, -22.11748088416736 ], [ -65.584305699704075, -22.118045774202862 ], [ -65.586157564941246, -22.118437352559372 ], [ -65.588038154444249, -22.118652111929791 ], [ -65.74669714544423, -22.129197373929784 ], [ -65.748714342202021, -22.129229469487104 ], [ -65.750724509628597, -22.129058180837237 ], [ -65.752707193703102, -22.128685250890534 ], [ -65.75464222005553, -22.128114474314447 ], [ -65.75650989924668, -22.127351658921725 ], [ -65.758291227113702, -22.126404566574255 ], [ -65.815110104113771, -22.092413179574297 ], [ -65.816927865268838, -22.091185556161815 ], [ -65.818600258917186, -22.089766255508412 ], [ -65.820107169027779, -22.088172349369906 ], [ -65.934968173880094, -21.952490397112772 ], [ -66.050529090124883, -21.938879386593122 ], [ -66.052448184050377, -21.938558042751971 ], [ -66.054326968705553, -21.938051731011445 ], [ -66.056147660532417, -21.937365243844265 ], [ -66.05789302584823, -21.93650507916615 ], [ -66.059546543970214, -21.93547937883007 ], [ -66.061092563591345, -21.934297851559897 ], [ -66.062516450927248, -21.932971681052841 ], [ -66.063804728231574, -21.931513420120673 ], [ -66.064945201369085, -21.929936871871575 ], [ -66.065927075238747, -21.928256959057414 ], [ -66.06674105595431, -21.926489582823042 ], [ -66.067379438815152, -21.924651472194675 ], [ -66.067836181234881, -21.922760025732007 ], [ -66.068106959937111, -21.920833146842835 ], [ -66.068189211877296, -21.918889074319122 ], [ -66.068082158503145, -21.916946209698462 ], [ -66.064097857366789, -21.878666192828742 ], [ -66.087907605316886, -21.852012174773957 ], [ -66.219622923190713, -21.803376690373792 ], [ -66.221265299539027, -21.804321597092649 ], [ -66.215521752094162, -21.848153848449904 ], [ -66.215358105131557, -21.850267633437706 ], [ -66.21541913552548, -21.85238686504233 ], [ -66.215704157467158, -21.854487729101663 ], [ -66.216209968117056, -21.856546617852779 ], [ -66.216930883595808, -21.858540395216359 ], [ -66.255227185990222, -21.949123803431647 ], [ -66.269598677011331, -22.089027290736155 ], [ -66.269890207105462, -22.09094487316144 ], [ -66.270366116199042, -22.092825198316348 ], [ -66.271021928233651, -22.094650581215582 ], [ -66.271851475113181, -22.096403853621172 ], [ -66.272846954716655, -22.098068525514549 ], [ -66.27399900427929, -22.09962894018981 ], [ -66.275296788451939, -22.101070421509423 ], [ -66.276728101210551, -22.102379411937402 ], [ -66.278279480657346, -22.103543600051758 ], [ -66.279936335633636, -22.104552036336855 ], [ -66.281683082953805, -22.105395236166679 ], [ -66.283503293969559, -22.106065269010415 ], [ -66.285379849085928, -22.106555833021297 ], [ -66.287295098775886, -22.106862314307261 ], [ -66.289231029579099, -22.106981830325875 ], [ -66.291169433523564, -22.10691325699548 ], [ -66.306512113030848, -22.105623427327085 ], [ -66.313060866547161, -22.125178608163246 ], [ -66.313745935299821, -22.126942416569211 ], [ -66.314594623281778, -22.128633590125677 ], [ -66.315599334015729, -22.130236991394828 ], [ -66.31675107448838, -22.131738268575262 ], [ -66.318039535645553, -22.1331239839628 ], [ -66.319453184667012, -22.134381734229329 ], [ -66.320979368194926, -22.135500261443106 ], [ -66.322604425592161, -22.136469553836818 ], [ -66.347562078592162, -22.149797549836805 ], [ -66.349064473192499, -22.150521057449957 ], [ -66.350621916799042, -22.15111689485547 ], [ -66.352223582636995, -22.151580920010964 ], [ -66.609767914849627, -22.214686403416788 ], [ -66.620642011205391, -22.234944938781009 ], [ -66.62167357032213, -22.23665577196914 ], [ -66.622870662014904, -22.238255158066384 ], [ -66.624221342108569, -22.23972713894042 ], [ -66.625712133975014, -22.241057027665054 ], [ -66.627328162998325, -22.242231555061398 ], [ -66.629053304988716, -22.243239002093226 ], [ -66.630870347064189, -22.244069316795557 ], [ -66.63276115939486, -22.244714214569747 ], [ -66.634706876096217, -22.245167260844418 ], [ -66.636688083466595, -22.245423935277408 ], [ -66.638685013690406, -22.245481676858233 ], [ -66.640677742074814, -22.245339909460974 ], [ -66.642646385851478, -22.245000047592661 ], [ -66.644571302560138, -22.244465482279814 ], [ -66.684307978627032, -22.231259794601137 ], [ -66.721676944355522, -22.251635215958927 ], [ -66.762927237713498, -22.442304064860043 ], [ -66.763448797669753, -22.444239708013207 ], [ -66.764161510989041, -22.446113415281928 ], [ -66.765058217148962, -22.447906361814063 ], [ -66.766129907079034, -22.44960053414831 ], [ -66.767365813673408, -22.451178911192724 ], [ -66.768753519966381, -22.452625635233037 ], [ -66.770279083883722, -22.4539261712527 ], [ -66.771927178316645, -22.455067452963995 ], [ -66.773681245110851, -22.456038014083024 ], [ -66.77552366142389, -22.456828103529745 ], [ -66.917086320081154, -22.509302083022945 ], [ -66.958211594617651, -22.554171868149783 ], [ -66.959680612356138, -22.555617473944665 ], [ -66.961290602990601, -22.556904221545057 ], [ -66.963024469268859, -22.558018446369456 ], [ -66.964863798444654, -22.558948315937343 ], [ -66.966789057811312, -22.559683955523873 ], [ -66.968779802128836, -22.560217553024266 ], [ -66.970814890741551, -22.560543441914234 ], [ -66.972872712080715, -22.560658161425486 ], [ -67.00483638398174, -22.560790560755766 ], [ -66.99421606594403, -22.652513519523129 ], [ -66.994087061153351, -22.654427738461305 ], [ -66.99414206587447, -22.656345510830469 ], [ -66.994380573943431, -22.65824918892309 ], [ -66.994800390563427, -22.660121254729855 ], [ -66.995397652501765, -22.661944481143742 ], [ -66.996166863640042, -22.663702090487146 ], [ -66.997100945550486, -22.665377908903281 ], [ -66.998191302633003, -22.666956515191085 ], [ -66.999427901213508, -22.668423382714064 ], [ -67.00079936187575, -22.669765013077178 ], [ -67.002293064176811, -22.670969060341644 ], [ -67.003895262782919, -22.672024444634626 ], [ -67.113050527035526, -22.736640690638929 ], [ -67.163165694356948, -22.823932672223187 ], [ -67.164284661343316, -22.825667697022496 ], [ -67.165576530685641, -22.827278122982648 ], [ -67.167027536230137, -22.82874678941198 ], [ -67.168622216068329, -22.830058046207736 ], [ -67.170343577299178, -22.831197920623499 ], [ -67.172173277105273, -22.832154266162707 ], [ -67.174091818213853, -22.832916892011667 ], [ -67.176078756659621, -22.833477671632821 ], [ -67.583556834659674, -22.926071192632904 ], [ -67.585812441369839, -22.926449638338596 ], [ -67.588096506282341, -22.926568087731024 ], [ -67.590379159636598, -22.926424991793354 ], [ -67.80141946063668, -22.901017275793336 ], [ -67.80346198283911, -22.900663162883024 ], [ -67.805456879069951, -22.90009953008698 ], [ -67.807382717695717, -22.899332432643238 ], [ -67.809218808984738, -22.898370111657798 ], [ -67.810945427381867, -22.897222905568501 ], [ -67.812544023424664, -22.895903139076808 ], [ -67.842792377688298, -22.868172981887867 ], [ -67.889175330518611, -22.853518861798605 ], [ -67.891078393569359, -22.852809466026823 ], [ -67.892899698597077, -22.851910722830954 ], [ -67.894620463888444, -22.850831900256054 ], [ -67.896222944518883, -22.849584123366849 ], [ -67.897690615342185, -22.848180259523545 ], [ -67.899008341401711, -22.84663478569065 ], [ -67.900162534005432, -22.84496363914722 ], [ -67.901141290855691, -22.843184053138003 ], [ -67.901934518788352, -22.841314379160277 ], [ -67.90253403785583, -22.839373897719025 ], [ -67.902933665680621, -22.837382619501959 ], [ -67.903129281209345, -22.835361079024736 ], [ -67.909166481209439, -22.703257782024721 ], [ -67.909156036558542, -22.701226278487365 ], [ -67.908939559042409, -22.69920631482481 ], [ -67.908519282230415, -22.697218732596493 ], [ -67.907899542450167, -22.695284039257018 ], [ -67.907086734046118, -22.693422196564597 ], [ -67.906089243404097, -22.691652414619799 ], [ -67.904917362422381, -22.689992953659814 ], [ -67.903583182321995, -22.688460935653147 ], [ -67.902100468892073, -22.687072167638767 ], [ -67.900484520457354, -22.68584097863241 ], [ -67.898752010033292, -22.684780071782814 ], [ -67.893599711240171, -22.681974432879198 ], [ -67.896839596844032, -22.67269551216453 ], [ -67.897370442963847, -22.670912796579955 ], [ -67.897733373541811, -22.669088473731883 ], [ -67.897925249344141, -22.66723832343126 ], [ -67.89794441070633, -22.665378348888257 ], [ -67.897790691888702, -22.663524638289616 ], [ -67.897465422510024, -22.661693225640946 ], [ -67.874777170102263, -22.561314584578998 ], [ -67.909188212887315, -22.510325794699483 ], [ -67.910248286113799, -22.508566476429571 ], [ -67.911122324367895, -22.506707709862535 ], [ -67.91180110882722, -22.504769100134364 ], [ -67.912277480087297, -22.502771094518025 ], [ -67.912546413674661, -22.500734766758075 ], [ -67.918218527942102, -22.429927048255315 ], [ -67.968800573313104, -22.340269879483643 ], [ -67.969666416992183, -22.338545783683156 ], [ -67.970362110946013, -22.336746283327933 ], [ -67.970881181409112, -22.334888123630762 ], [ -67.971218798182178, -22.332988595657714 ], [ -67.971371819579403, -22.331065375426476 ], [ -67.971338821663394, -22.329136359422552 ], [ -67.97112011149558, -22.32721949806389 ], [ -67.970717724278813, -22.325332628663627 ], [ -67.970135404418912, -22.323493309445382 ], [ -67.944073243639679, -22.253159381568082 ], [ -67.973513645050588, -22.185838918144647 ], [ -67.974167936148504, -22.184134883937034 ], [ -67.974664143042446, -22.18237829401906 ], [ -67.974998132540605, -22.180583780035654 ], [ -67.975167122652877, -22.178766289523029 ], [ -67.975169705763719, -22.176940961402099 ], [ -67.975005860356887, -22.175122999877704 ], [ -67.974676951194766, -22.173327547794077 ], [ -67.960261477855539, -22.110869479309201 ], [ -67.979612084934729, -22.070302350057315 ], [ -68.013958833587111, -22.058401948627512 ], [ -68.015857754986641, -22.057632962742478 ], [ -68.017668045256968, -22.056673749048784 ], [ -68.019370708833222, -22.05553437267589 ], [ -68.020947879488688, -22.054226789219072 ], [ -68.085492335488709, -21.994881494219115 ], [ -68.086875305657173, -21.993478081074308 ], [ -68.088113473595868, -21.991945398753181 ], [ -68.089194822343401, -21.990298322607977 ], [ -68.090108856937249, -21.988552838233051 ], [ -68.090846706271947, -21.98672588631765 ], [ -68.091401209196974, -21.984835198229145 ], [ -68.091766984018946, -21.98289912392233 ], [ -68.091940480733214, -21.980936453845111 ], [ -68.091920015478323, -21.978966236568962 ], [ -68.080250869992753, -21.783620524684608 ], [ -68.196993188524644, -21.615478735378765 ], [ -68.1980727996078, -21.613740209214026 ], [ -68.198969099900964, -21.611900459475372 ], [ -68.199672705065382, -21.609978748495809 ], [ -68.200176248296401, -21.607995196749354 ], [ -68.200474457454447, -21.605970572187999 ], [ -68.200564210264787, -21.603926072799542 ], [ -68.198405681997244, -21.308751016621617 ], [ -68.311756041834386, -21.108916501965723 ], [ -68.425417355041503, -20.961592234549446 ], [ -68.503135915758364, -20.962898262657362 ], [ -68.504996480952684, -20.962842897248297 ], [ -68.50684384086783, -20.962614797457025 ], [ -68.508661993819217, -20.962215939065789 ], [ -68.510435191110631, -20.961649776954236 ], [ -68.512148073448259, -20.960921215173521 ], [ -68.513785803981577, -20.960036564467817 ], [ -68.515334196819026, -20.959003487611145 ], [ -68.580997720818971, -20.91063081061117 ], [ -68.58246434287264, -20.909439529720782 ], [ -68.583812000515408, -20.908115162216628 ], [ -68.585028665463412, -20.906669528510459 ], [ -68.586103478585358, -20.905115531354404 ], [ -68.587026846823733, -20.903467040679722 ], [ -68.587790528815944, -20.901738769803124 ], [ -68.588387708451251, -20.89994614410563 ], [ -68.588813055706709, -20.898105163356028 ], [ -68.5890627742194, -20.896232258907702 ], [ -68.589134635170169, -20.894344147043462 ], [ -68.589027997176629, -20.892457679777255 ], [ -68.588743812017611, -20.890589694444461 ], [ -68.588284616138324, -20.888756863423179 ], [ -68.561484833397657, -20.799839159464391 ], [ -68.571364907323812, -20.730987931007874 ], [ -68.571546628626422, -20.729064883470397 ], [ -68.571541989756184, -20.727133274569997 ], [ -68.571351033983717, -20.725211122038019 ], [ -68.570975542513196, -20.723316355398353 ], [ -68.570419017867536, -20.721466648723773 ], [ -68.569686651217438, -20.719679255775077 ], [ -68.568785273959037, -20.717970849060841 ], [ -68.567723293991691, -20.716357364318988 ], [ -68.566510617290561, -20.714853851870835 ], [ -68.565158555505221, -20.713474336234157 ], [ -68.563679720446473, -20.71223168530479 ], [ -68.56208790644547, -20.711137490327008 ], [ -68.560397961682384, -20.710201957772284 ], [ -68.558625649685084, -20.709433814135014 ], [ -68.556787502289524, -20.708840224533191 ], [ -68.545425566022203, -20.705768406809582 ], [ -68.519029955654304, -20.659013484663085 ], [ -68.517997392479288, -20.657375196340361 ], [ -68.51681122538993, -20.655844450451944 ], [ -68.515482575222649, -20.654435598411542 ], [ -68.514023898655168, -20.653161848824595 ], [ -68.512448871419707, -20.652035143651826 ], [ -68.510772260087023, -20.651066046248118 ], [ -68.509009783623284, -20.650263642326429 ], [ -68.473099884073108, -20.63597087854588 ], [ -68.578319102949806, -20.594139652216906 ], [ -68.580468783766719, -20.593133458614467 ], [ -68.582484126497505, -20.591879685565775 ], [ -68.750295861497492, -20.473114558565815 ], [ -68.751900806179577, -20.471850894036525 ], [ -68.753368482593871, -20.470430112062374 ], [ -68.75468358032353, -20.468867033869657 ], [ -68.755832380612716, -20.467177965081621 ], [ -68.75680289947698, -20.465380525622496 ], [ -68.757585012717158, -20.463493465911021 ], [ -68.75817056153231, -20.461536471260999 ], [ -68.758553437630184, -20.459529956529231 ], [ -68.758729646947387, -20.457494853153069 ], [ -68.761812233947381, -20.370154645153068 ], [ -68.761781125080745, -20.368130014922858 ], [ -68.761545457885632, -20.366118906695089 ], [ -68.761107648006956, -20.364141934808391 ], [ -68.760472183100305, -20.362219363695772 ], [ -68.75964557683244, -20.360370900169332 ], [ -68.758636302114581, -20.35861549142076 ], [ -68.757454704253149, -20.356971130808088 ], [ -68.756112894907815, -20.355454673419487 ], [ -68.754624627944153, -20.354081663304608 ], [ -68.753005158453263, -20.352866174144353 ], [ -68.751271086383355, -20.351820664992296 ], [ -68.749440186386437, -20.350955852566415 ], [ -68.68236340104086, -20.323333830884668 ], [ -68.682945445838698, -20.320567845545661 ], [ -68.699545871723032, -20.314211796535528 ], [ -68.701311194464708, -20.313436360072455 ], [ -68.702993643584406, -20.31249453681399 ], [ -68.704577582122027, -20.311395080221111 ], [ -68.706048288691065, -20.310148208825048 ], [ -68.707392094301696, -20.308765511254574 ], [ -68.70859650940254, -20.307259838529365 ], [ -68.709650339960632, -20.305645184620509 ], [ -68.710543791500655, -20.303936556388216 ], [ -68.733126739500634, -20.255157459388194 ], [ -68.733813154357875, -20.253479157042495 ], [ -68.734344745762115, -20.251745584229273 ], [ -68.73471714421261, -20.249970990328155 ], [ -68.734927288720598, -20.248169961898178 ], [ -68.734973451969594, -20.246357302781231 ], [ -68.733945212969601, -20.194655025781284 ], [ -68.733812177382006, -20.192715861561247 ], [ -68.733491532863653, -20.190798769118853 ], [ -68.732986307947186, -20.188921855662237 ], [ -68.732301274553109, -20.187102848903365 ], [ -68.731442902918289, -20.18535892961728 ], [ -68.730419300483746, -20.183706569367267 ], [ -68.729240135318619, -20.182161374928622 ], [ -68.727916544804017, -20.180737940880459 ], [ -68.726461030438742, -20.179449711757854 ], [ -68.714813439597805, -20.170109638280163 ], [ -68.718559856169932, -20.157929485516032 ], [ -68.744788615239813, -20.145831089038836 ], [ -68.771113282075831, -20.149498981145417 ], [ -68.773115323982481, -20.149675968482001 ], [ -68.775125020270281, -20.149651126096757 ], [ -68.777122075537363, -20.149424704866497 ], [ -68.779086322040257, -20.148998991360536 ], [ -68.78099792336269, -20.148378284749214 ], [ -68.782837574738437, -20.147568853387703 ], [ -68.784586698005128, -20.146578871513505 ], [ -68.786227629220278, -20.145418336696949 ], [ -68.787743797044897, -20.144098968878314 ], [ -68.789119890093161, -20.1426340920112 ], [ -68.790342011558081, -20.141038499507367 ], [ -68.791397819551761, -20.139328304841907 ], [ -68.792276651742966, -20.137520778827433 ], [ -68.792969633033209, -20.135634175200632 ], [ -68.793469765184057, -20.133687546282481 ], [ -68.79377199749058, -20.131700550573832 ], [ -68.793873277787043, -20.129693254229284 ], [ -68.793772583269984, -20.127685928414294 ], [ -68.793470930827255, -20.125698844591934 ], [ -68.783081803827201, -20.074689714591866 ], [ -68.782618615100347, -20.072861216000899 ], [ -68.781985227664364, -20.071084485506475 ], [ -68.781187275422752, -20.069375326908226 ], [ -68.780231856062727, -20.067748942962062 ], [ -68.779127467922208, -20.066219800153512 ], [ -68.777883934398105, -20.064801500020138 ], [ -68.776512316568486, -20.063506658167508 ], [ -68.775024814805533, -20.062346792054939 ], [ -68.773434660254836, -20.061332218549108 ], [ -68.771755997145888, -20.0604719621568 ], [ -68.770003756980955, -20.059773674753011 ], [ -68.768193525721216, -20.059243567518472 ], [ -68.645125764721257, -20.029426560518509 ], [ -68.643465387352137, -20.029097974900559 ], [ -68.641783172899977, -20.028910956042846 ], [ -68.64009116947517, -20.028866843384485 ], [ -68.580290176690141, -20.029839397487567 ], [ -68.543628067401272, -19.926497044524503 ], [ -68.559420190528698, -19.900326660474768 ], [ -68.560317676265086, -19.898667126583774 ], [ -68.561054793095806, -19.896930407792418 ], [ -68.56162498154093, -19.895131958871978 ], [ -68.562023167588464, -19.893287783919885 ], [ -68.562245807847063, -19.891414293941896 ], [ -68.562290921078173, -19.889528160813306 ], [ -68.562158105826654, -19.887646168918707 ], [ -68.561848543993293, -19.885785065790529 ], [ -68.561364990317315, -19.883961413075557 ], [ -68.553683115421819, -19.859677559991574 ], [ -68.60404755684678, -19.847472227786024 ], [ -68.606035857683949, -19.846879655493037 ], [ -68.607952071792539, -19.846084290399805 ], [ -68.609775578399038, -19.845094691593435 ], [ -68.611486754374369, -19.843921508349897 ], [ -68.613067185402485, -19.842577365534989 ], [ -68.614499864140541, -19.841076727745573 ], [ -68.615769373238422, -19.839435743653056 ], [ -68.616862051248035, -19.837672072224244 ], [ -68.635672715184469, -19.803465527351804 ], [ -68.6991153639988, -19.765583367138838 ], [ -68.700796920204198, -19.764460231307915 ], [ -68.702356469512537, -19.763173036170635 ], [ -68.703778069176181, -19.761734940289632 ], [ -68.705047186660238, -19.760160644835064 ], [ -68.706150848203833, -19.758466243299477 ], [ -68.707077771446478, -19.756669056979462 ], [ -68.707818480763848, -19.754787457905866 ], [ -68.708365404133929, -19.752840681032705 ], [ -68.708712950543159, -19.7508486276047 ], [ -68.708857567141592, -19.748831661713549 ], [ -68.708797775562417, -19.746810402122684 ], [ -68.708534187034815, -19.744805511488579 ], [ -68.703217378034736, -19.71580120348861 ], [ -68.70276530047839, -19.71387682553986 ], [ -68.702125461236292, -19.712006475211489 ], [ -68.70130411090534, -19.710208423977392 ], [ -68.700309273266413, -19.708500237020782 ], [ -68.699150666899826, -19.706898601639711 ], [ -68.697839610244543, -19.705419164228658 ], [ -68.696388911028123, -19.704076377428738 ], [ -68.694812741147899, -19.702883358939655 ], [ -68.69312649822561, -19.701851763372773 ], [ -68.691346655187772, -19.700991668397066 ], [ -68.689490599341525, -19.700311476290253 ], [ -68.636957225508709, -19.683955390757497 ], [ -68.590097644439993, -19.596083319000986 ], [ -68.589159221655279, -19.594503037672183 ], [ -68.588079693623754, -19.593015574855787 ], [ -68.456260900623832, -19.427911843855913 ], [ -68.454930120197332, -19.426406760738665 ], [ -68.453455055999228, -19.425042782239998 ], [ -68.451850592355569, -19.423833671761368 ], [ -68.437669303711488, -19.414224121375973 ], [ -68.552341151995705, -19.314837174633848 ], [ -68.624801397360756, -19.295861890463211 ], [ -68.626690367234005, -19.295265827860845 ], [ -68.628511111813552, -19.294485836204437 ], [ -68.630245771880965, -19.29352956623287 ], [ -68.631877332598819, -19.292406397753989 ], [ -68.633389790404863, -19.291127347640455 ], [ -68.634768309986896, -19.289704961768059 ], [ -68.635999369798483, -19.288153191956436 ], [ -68.637070894688478, -19.286487259119216 ], [ -68.637972374342979, -19.284723503965992 ], [ -68.638694966378367, -19.282879226720457 ], [ -68.645652373737889, -19.262154194634693 ], [ -68.817334529176861, -19.100110385941889 ], [ -68.898263555626656, -19.061475077846989 ], [ -68.900048218322354, -19.060508995214743 ], [ -68.901725793071805, -19.059367032190078 ], [ -68.903279007831358, -19.05806094624327 ], [ -68.904691870948042, -19.056604184628174 ], [ -68.905949835807206, -19.055011745931445 ], [ -68.907039950602069, -19.053300025649463 ], [ -68.96758873560222, -18.946641450649423 ], [ -68.968503051918475, -18.944820630677192 ], [ -68.969227369469152, -18.94291623476688 ], [ -68.969754170997547, -18.940948027499562 ], [ -68.970077989147072, -18.938936435716055 ], [ -68.97019546320368, -18.936902336519001 ], [ -68.970105373974718, -18.934866840601966 ], [ -68.969808656442183, -18.932851073154236 ], [ -68.969308390059069, -18.930875954615171 ], [ -68.968609766789626, -18.928961983553517 ], [ -68.967720037225092, -18.927129023925097 ], [ -68.966648435334079, -18.925396098916728 ], [ -68.96540608262886, -18.92378119351601 ], [ -68.934497830609359, -18.887580726471263 ], [ -68.944641287533997, -18.851506314609342 ], [ -69.003780277886918, -18.761084138432608 ], [ -69.004788485292636, -18.759360489817112 ], [ -69.00561978787708, -18.75754489549686 ], [ -69.006265898703333, -18.755655454435903 ], [ -69.006720376940152, -18.753711001748155 ], [ -69.006978692068159, -18.751730920937359 ], [ -69.007038269042809, -18.749734950670366 ], [ -69.006898513964089, -18.747742988009918 ], [ -69.006560819996807, -18.745774890068478 ], [ -69.006028553482736, -18.743850276060261 ], [ -69.005307020382773, -18.741988331724812 ], [ -69.00440341338394, -18.740207618071729 ], [ -69.003326740198119, -18.738525886353059 ], [ -69.002087733767738, -18.73695990110788 ], [ -68.993479763007244, -18.727131422601055 ], [ -69.003713813857786, -18.686540278078592 ], [ -69.052576761793532, -18.626131920207808 ], [ -69.053706283461679, -18.624590324754543 ], [ -69.054683508806392, -18.622947958666845 ], [ -69.05549951494001, -18.621219818125613 ], [ -69.056146851041632, -18.619421682504509 ], [ -69.056619606389319, -18.617569970291019 ], [ -69.056913464329909, -18.615681589171885 ], [ -69.057025741693778, -18.613773781651741 ], [ -69.056955413294361, -18.611863967614564 ], [ -69.056703121288948, -18.609969585265524 ], [ -69.056271169315323, -18.608107931905515 ], [ -69.055663501457573, -18.606296005992291 ], [ -69.054885666233275, -18.604550351930286 ], [ -69.053944765930908, -18.602886909006301 ], [ -69.052849391759963, -18.601320865850447 ], [ -69.051609545406052, -18.599866521751188 ], [ -69.050236547707044, -18.598537156090867 ], [ -69.048742935284338, -18.597344907093756 ], [ -69.032116336452503, -18.585327168379642 ], [ -69.032855797699455, -18.584441574121598 ], [ -69.033935077476343, -18.582864412645527 ], [ -69.034858896811869, -18.58119143894767 ], [ -69.035618820581519, -18.579437928462184 ], [ -69.036207910143347, -18.577619891981104 ], [ -69.036620786692623, -18.575753929464476 ], [ -69.036853680374193, -18.573857078470994 ], [ -69.044943473491998, -18.46528315848759 ], [ -69.073897079945013, -18.382176314262612 ], [ -69.074423369428231, -18.380406662706012 ], [ -69.074784229442329, -18.378596019919001 ], [ -69.074976584876083, -18.376759815507988 ], [ -69.074998796549949, -18.374913696905768 ], [ -69.074850675184507, -18.373073396030087 ], [ -69.074533483013468, -18.371254595222258 ], [ -69.074049923027403, -18.369472793608217 ], [ -69.061145249978992, -18.329349674480454 ], [ -69.087750925106349, -18.307050468531408 ], [ -69.089162400884064, -18.305747053768471 ], [ -69.090442300230862, -18.304314220359675 ], [ -69.091578812383034, -18.302765190326635 ], [ -69.092561449737403, -18.301114257940036 ], [ -69.093381144629632, -18.299376657813731 ], [ -69.094030333009741, -18.297568424321494 ], [ -69.094503024242115, -18.29570624363366 ], [ -69.094794856386542, -18.293807299739075 ], [ -69.094903136449602, -18.291889115873214 ], [ -69.094826865235362, -18.289969392815795 ], [ -69.094566746565789, -18.288065845550019 ], [ -69.086862741011927, -18.246637062728436 ], [ -69.156445164953496, -18.17742982594768 ], [ -69.157783272008729, -18.175959580457782 ], [ -69.158968806609977, -18.174363754652418 ], [ -69.159990055224014, -18.172658115898127 ], [ -69.160836927525722, -18.17085951655519 ], [ -69.161501056094338, -18.168985727469892 ], [ -69.161975879086725, -18.167055262391802 ], [ -69.162256705070959, -18.16508719505088 ], [ -69.162340759379404, -18.163100970701755 ], [ -69.162227211523458, -18.161116213997211 ], [ -69.161917183399211, -18.159152535089145 ], [ -69.161413738202526, -18.157229335872795 ], [ -69.160721850163654, -18.155365618288641 ], [ -69.145317690163651, -18.119452302288636 ], [ -69.144415286205799, -18.11761432428067 ], [ -69.143329689715429, -18.115878243544927 ], [ -69.142072279090073, -18.114262256360515 ], [ -69.140656233552477, -18.112783300277201 ], [ -69.093950778829964, -18.068753850661132 ], [ -69.096174832967051, -18.061103379753686 ], [ -69.225654774864466, -18.00010853681507 ], [ -69.24526889001892, -18.002040282099937 ], [ -69.247194109443072, -18.002136549293422 ], [ -69.249119654426721, -18.002047029911967 ], [ -69.251027637922007, -18.001772555531812 ], [ -69.252900336015827, -18.001315675839617 ], [ -69.254720352573187, -18.000680634947564 ], [ -69.25647078083604, -17.999873331968324 ], [ -69.258135360475833, -17.998901266216176 ], [ -69.259698628641303, -17.997773467543325 ], [ -69.261146063598275, -17.996500412458488 ], [ -69.262464219626935, -17.995093926807019 ], [ -69.263640851923796, -17.99356707591657 ], [ -69.264665030347857, -17.991934043228781 ], [ -69.265527240954427, -17.990209998544444 ], [ -69.266219474373457, -17.988410957105991 ], [ -69.266675647714052, -17.987030281889126 ], [ -69.266929795937884, -17.987175464809976 ], [ -69.268760677351423, -17.98799038477383 ], [ -69.270663921751591, -17.988617985005806 ], [ -69.27262041951164, -17.989051964052354 ], [ -69.274610526311648, -17.989287964523754 ], [ -69.276614260378324, -17.989323616844704 ], [ -69.278611503113069, -17.989158563046182 ], [ -69.280582201093878, -17.988794460359635 ], [ -69.282506567422743, -17.988234964577476 ], [ -69.284365280397083, -17.987485693346898 ], [ -69.286139677510292, -17.986554169765583 ], [ -69.287811942833699, -17.985449746845649 ], [ -69.300667834833817, -17.976001327845569 ], [ -69.302116272037679, -17.974829075313213 ], [ -69.303449324341244, -17.973527108382342 ], [ -69.304655420362863, -17.972106728602217 ], [ -69.305724090747816, -17.97058026538895 ], [ -69.30664605904623, -17.968960969001667 ], [ -69.330200361046153, -17.922704235001728 ], [ -69.33100867882996, -17.920901857800192 ], [ -69.331635256523711, -17.919028534120219 ], [ -69.332073981954096, -17.917102537959011 ], [ -69.332320575418976, -17.915142657126072 ], [ -69.332372631435376, -17.913168009970907 ], [ -69.332229642204496, -17.911197858886322 ], [ -69.331893002565266, -17.909251422406612 ], [ -69.319935752619628, -17.855945474618782 ], [ -69.352562193508447, -17.745077678082268 ], [ -69.481824934161764, -17.619203750450634 ], [ -69.48317452428978, -17.617752490064852 ], [ -69.48437385955971, -17.616174787579812 ], [ -69.485411163847772, -17.614486134259874 ], [ -69.486276251992265, -17.612703110781837 ], [ -69.486960629800365, -17.610843224431338 ], [ -69.487457577451522, -17.608924737200997 ], [ -69.487762215478611, -17.606966486478171 ], [ -69.487871552678754, -17.604987700083019 ], [ -69.489119630243508, -17.383429971257126 ], [ -69.583903807581208, -17.31045671972479 ], [ -69.648095325910859, -17.301217466257221 ], [ -69.650050380679417, -17.300835851126877 ], [ -69.651957777919094, -17.300261651661714 ], [ -69.653798596872747, -17.299500563732739 ], [ -69.655554577218041, -17.298560137083438 ], [ -69.657208300203905, -17.297449700438786 ], [ -69.658743361438852, -17.296180268967337 ], [ -69.660144533617199, -17.294764435014365 ], [ -69.661397917568905, -17.293216243189896 ], [ -69.662491080134856, -17.291551051050792 ], [ -69.663413177499734, -17.289785376758783 ], [ -69.664155062759036, -17.28793673522572 ], [ -69.664709376653519, -17.286023464371361 ], [ -69.665070620570518, -17.284064543217205 ], [ -69.665235211088444, -17.282079403620816 ], [ -69.665201515523179, -17.280087737518119 ], [ -69.664969868123691, -17.278109301585857 ], [ -69.664542566756481, -17.276163721261803 ], [ -69.663923850111445, -17.274270296066845 ], [ -69.663119855655466, -17.272447808160024 ], [ -69.662138558750755, -17.27071433602568 ], [ -69.66098969354185, -17.269087075140778 ], [ -69.659684656396109, -17.267582167401414 ], [ -69.658236392855457, -17.266214541000462 ], [ -69.656659269220839, -17.264997762344805 ], [ -69.633849990570539, -17.249147038865996 ], [ -69.622783093946936, -17.213693010426077 ], [ -69.622104458001658, -17.211844313782656 ], [ -69.621247298809379, -17.210071320792053 ], [ -69.62021992701284, -17.208391221623167 ], [ -69.619032303562136, -17.206820305786803 ], [ -69.61769594313769, -17.20537380419966 ], [ -69.616223802508955, -17.204065741511993 ], [ -69.614630154911183, -17.202908800130697 ], [ -69.612930451658357, -17.201914197256212 ], [ -69.59336441482327, -17.191723297463071 ], [ -69.575851323528539, -17.156653516039391 ], [ -69.574936652588221, -17.155018332535903 ], [ -69.573872977876974, -17.15347591750492 ], [ -69.572669634331774, -17.152039807365913 ], [ -69.571337182640022, -17.15072260559386 ], [ -69.569887316557725, -17.149535872109649 ], [ -69.568332760283667, -17.148490021828792 ], [ -69.566687156790351, -17.147594233258914 ], [ -69.564964948091571, -17.14685636794804 ], [ -69.525877630918018, -17.132236350405172 ], [ -69.464231784771798, -17.078910165837105 ], [ -69.462730233189205, -17.077731698965493 ], [ -69.461123176552576, -17.076701742515255 ], [ -69.459425252903344, -17.075829677951113 ], [ -69.457651927954444, -17.075123448563243 ], [ -69.455819354219372, -17.074589487114984 ], [ -69.453944223885316, -17.07423265724935 ], [ -69.452043616770652, -17.074056209188033 ], [ -69.450134844751602, -17.074061750126425 ], [ -69.448235294075317, -17.074249229594322 ], [ -69.446362266995337, -17.074616939915622 ], [ -69.444532824172356, -17.07516153176287 ], [ -69.442763629275277, -17.075878044664972 ], [ -69.441070797198634, -17.076759952190137 ], [ -69.439469747278238, -17.077799221392567 ], [ -69.437975062842725, -17.078986385981366 ], [ -69.430727667676436, -17.085329614345188 ], [ -69.398772892583125, -17.064632628526333 ], [ -69.413085076912097, -17.029746122421425 ], [ -69.413725507567122, -17.027944155649987 ], [ -69.414190904334987, -17.026089259017365 ], [ -69.414477012051577, -17.024198392008884 ], [ -69.414581214808521, -17.022288842990214 ], [ -69.414502559870698, -17.020378071138314 ], [ -69.414241766387249, -17.018483546810614 ], [ -69.413801218816218, -17.016622591811984 ], [ -69.413184945123362, -17.014812221019927 ], [ -69.412398579953987, -17.013068986816027 ], [ -69.411449313114957, -17.01140882774606 ], [ -69.410345823837659, -17.009846922792441 ], [ -69.384393922837731, -16.976608044792478 ], [ -69.383148410646257, -16.975160901576182 ], [ -69.381770578236541, -16.973839121731302 ], [ -69.380272982911748, -16.972654751708561 ], [ -69.37866927347153, -16.971618585631639 ], [ -69.376974065819468, -16.970740066921564 ], [ -69.375202809756445, -16.970027202231179 ], [ -69.373371648174157, -16.969486488474018 ], [ -69.371497269931865, -16.969122853612674 ], [ -69.369596757757208, -16.968939611746286 ], [ -69.352668359957605, -16.968120168087474 ], [ -69.322322105635436, -16.907643488222643 ], [ -69.321314177833159, -16.905867292399531 ], [ -69.320130369494649, -16.904203144607305 ], [ -69.318783024160069, -16.902668396873626 ], [ -69.205759906437279, -16.786469636502485 ], [ -69.189157835074042, -16.722322092149316 ], [ -69.188589830348732, -16.720493313245115 ], [ -69.187849528352814, -16.718727240029406 ], [ -69.1869437159189, -16.717040063250586 ], [ -69.185880697222117, -16.715447250361798 ], [ -69.184670217650165, -16.71396340372069 ], [ -69.183323374461111, -16.712602126720036 ], [ -69.181852515047453, -16.71137589907654 ], [ -69.180271123739558, -16.710295962421114 ], [ -69.178593698185978, -16.709372217239483 ], [ -69.176835616443981, -16.708613132107971 ], [ -69.02404824436401, -16.651156240730504 ], [ -69.021637970598775, -16.646226321872518 ], [ -69.046587674518406, -16.622356542123097 ], [ -69.047959885101193, -16.620905755899877 ], [ -69.049180580118787, -16.619325361574703 ], [ -69.050237590027507, -16.617631114661805 ], [ -69.05112037711892, -16.615839905712448 ], [ -69.051820140573867, -16.613969591926978 ], [ -69.05232990420113, -16.612038819130056 ], [ -69.05979709420113, -16.576690668130119 ], [ -69.060121817308413, -16.574624241926674 ], [ -69.060228934168848, -16.572535201877056 ], [ -69.060117273041172, -16.570446399793742 ], [ -69.059788055375932, -16.568380684886112 ], [ -69.059244882454195, -16.566360653815117 ], [ -69.018701775454232, -16.441937227815039 ], [ -69.018023259687055, -16.440149859005686 ], [ -69.017177182487714, -16.438435442405293 ], [ -69.016171275036612, -16.436809643799446 ], [ -69.015014728991389, -16.435287319211113 ], [ -69.013718112496562, -16.433882379151076 ], [ -69.012293273615199, -16.432607661508186 ], [ -69.010753232065156, -16.431474814240868 ], [ -69.00911206024908, -16.430494188941843 ], [ -68.838849335817756, -16.339508130806777 ], [ -68.838856067624178, -16.330861271533774 ], [ -68.971003585437472, -16.211904212275524 ], [ -68.977097730606502, -16.211696976917235 ], [ -69.003068054048157, -16.237319561865657 ], [ -69.00450907165478, -16.238609886208856 ], [ -69.006067996785347, -16.239754971834728 ], [ -69.007730247766048, -16.240744107988338 ], [ -69.009480276447078, -16.241568042614908 ], [ -69.011301713634779, -16.242219068900496 ], [ -69.013177522203804, -16.242691097358996 ], [ -69.01509015645675, -16.242979712791207 ], [ -69.01702172624087, -16.243082215583154 ], [ -69.01895416428664, -16.242997646957374 ], [ -69.020869395203164, -16.242726797941021 ], [ -69.022749504549338, -16.242272201966859 ], [ -69.024576906399687, -16.241638111176361 ], [ -69.026334507837376, -16.240830456646556 ], [ -69.028005868835677, -16.239856792912718 ], [ -69.055285586755545, -16.222144521495299 ], [ -69.090516029595264, -16.245721804461809 ], [ -69.092204098691539, -16.246734915192732 ], [ -69.093983596298344, -16.247577149657861 ], [ -69.095837279214564, -16.248240346667075 ], [ -69.09774718538884, -16.248718079890054 ], [ -69.099694807970607, -16.249005720126956 ], [ -69.101661274640065, -16.249100480164998 ], [ -69.103627530479599, -16.249001441786373 ], [ -69.105574522614489, -16.248709564665699 ], [ -69.107483384833927, -16.248227677070844 ], [ -69.109335620403186, -16.247560448457211 ], [ -69.11111328129563, -16.246714344221072 ], [ -69.112799142107718, -16.245697563050342 ], [ -69.208890625107728, -16.181087071050413 ], [ -69.210564701933947, -16.179829364219817 ], [ -69.212098109846536, -16.178403524163755 ], [ -69.213474041315862, -16.176825179371409 ], [ -69.214677414895775, -16.175111629920991 ], [ -69.215695040529695, -16.173281657855355 ], [ -69.216515764125617, -16.171355321313904 ], [ -69.420587764125557, -15.612977321313844 ], [ -69.421151662614932, -15.611174534445221 ], [ -69.421542969969607, -15.609326589490907 ], [ -69.421758195706445, -15.607449970221529 ], [ -69.421795420000052, -15.605561416184187 ], [ -69.421654310807668, -15.603677773384762 ], [ -69.421336126831065, -15.601815844020626 ], [ -69.420843706288807, -15.599992236604114 ], [ -69.420181441599212, -15.598223217813681 ], [ -69.419355240199735, -15.59652456739423 ], [ -69.418372471852294, -15.594911437400929 ], [ -69.417241902904621, -15.593398217042044 ], [ -69.415973618093901, -15.591998404326397 ], [ -69.332402429287271, -15.508089567228048 ], [ -69.327073140696641, -15.486584041795162 ], [ -69.329846187464753, -15.483899090222096 ], [ -69.331182365510756, -15.482472402811265 ], [ -69.332372892039828, -15.48092209467336 ], [ -69.33340639511654, -15.479262974385591 ], [ -69.334273002696932, -15.477510889901193 ], [ -69.334964436926455, -15.475682577169438 ], [ -69.335474093210252, -15.473795500273484 ], [ -69.335797103300379, -15.471867684613068 ], [ -69.335930381797368, -15.469917544725497 ], [ -69.335872655622111, -15.467963708389579 ], [ -69.335624476176321, -15.466024838692682 ], [ -69.335188214075444, -15.464119455760512 ], [ -69.334568036504649, -15.46226575985246 ], [ -69.333769867413594, -15.460481457512341 ], [ -69.332801330930906, -15.458783592435086 ], [ -69.331671678538214, -15.457188382665009 ], [ -69.306188078538241, -15.424694167665024 ], [ -69.304937711726936, -15.42324789550757 ], [ -69.303554963898449, -15.421927619491338 ], [ -69.302052470326956, -15.420745404035554 ], [ -69.300443960499436, -15.419712051989546 ], [ -69.298744132658243, -15.418837005918455 ], [ -69.296968519491557, -15.418128261818962 ], [ -69.295133346198796, -15.41759229605346 ], [ -69.293255382227926, -15.417234006170347 ], [ -69.291351788039591, -15.417056666151195 ], [ -69.289439958298289, -15.417061896493776 ], [ -69.287537362923317, -15.417249649404258 ], [ -69.285661387452222, -15.41761820923395 ], [ -69.283829174175125, -15.418164208156547 ], [ -69.282057465491974, -15.418882656942662 ], [ -69.280362450923761, -15.419766990550411 ], [ -69.278759619175958, -15.420809128115453 ], [ -69.277263616605765, -15.421999546792319 ], [ -69.26262480270276, -15.434837430134237 ], [ -69.267416136954324, -15.372524982676008 ], [ -69.267468080130058, -15.370465599602548 ], [ -69.267307908884575, -15.368411797784242 ], [ -69.266937322537359, -15.366385366809345 ], [ -69.266360252784196, -15.364407805878111 ], [ -69.265582821984211, -15.36250009570935 ], [ -69.264613278205388, -15.360682475947765 ], [ -69.232544555205436, -15.307370562947863 ], [ -69.231498772878027, -15.305804082380577 ], [ -69.230310269340947, -15.304342924830435 ], [ -69.228989585200424, -15.303000049018983 ], [ -69.227548433346726, -15.30178736465008 ], [ -69.225999595074768, -15.300715626785054 ], [ -69.224356806729347, -15.299794340458158 ], [ -69.22263463788012, -15.299031676378275 ], [ -69.220848362106977, -15.298434398464497 ], [ -69.219013821541623, -15.298007803858235 ], [ -69.210650528108616, -15.296474099606353 ], [ -69.194715557238851, -15.254457224270247 ], [ -69.193941984490834, -15.252681884774828 ], [ -69.193000337555816, -15.250989683199888 ], [ -69.191899444950835, -15.249396484972175 ], [ -69.190649628218722, -15.247917227301388 ], [ -69.189262605157211, -15.246565779134681 ], [ -69.187751379957461, -15.245354811126784 ], [ -69.186130121281835, -15.244295676844855 ], [ -69.184414029423905, -15.243398306321827 ], [ -69.182619193796455, -15.242671112956263 ], [ -69.180762442083378, -15.242120914631588 ], [ -69.178861182469817, -15.24175286979426 ], [ -69.176933240429719, -15.241570429090167 ], [ -69.148508281532003, -15.240264350582352 ], [ -69.152469745408609, -15.230001457061741 ], [ -69.204178750792352, -15.173103518120513 ], [ -69.251129486445905, -15.131967567260723 ], [ -69.277485514775279, -15.131456806493761 ], [ -69.279492116406999, -15.131316749360401 ], [ -69.281474501175822, -15.130975843600091 ], [ -69.283412616932154, -15.130437537530939 ], [ -69.285286859314823, -15.129707276207801 ], [ -69.287078270052348, -15.128792446344654 ], [ -69.288768728729067, -15.127702301596759 ], [ -69.290341136076066, -15.126447868958412 ], [ -69.29177958693316, -15.125041837223074 ], [ -69.29306953113219, -15.123498428634127 ], [ -69.294197920674378, -15.121833255024528 ], [ -69.295153341713046, -15.12006315990055 ], [ -69.29592613000645, -15.118206048066918 ], [ -69.317561227010884, -15.057817765977235 ], [ -69.368845523062049, -14.986529714977948 ], [ -69.369849593533402, -14.984989253838325 ], [ -69.370707940214203, -14.983363086869758 ], [ -69.371413307547115, -14.981664959972326 ], [ -69.371959733100795, -14.979909227319443 ], [ -69.383743994100854, -14.934838308319431 ], [ -69.384140701309889, -14.932954906637848 ], [ -69.384354529618022, -14.931042093014272 ], [ -69.384383498665855, -14.929117582869283 ], [ -69.38422734015812, -14.927199199950167 ], [ -69.38388750034845, -14.925304711257233 ], [ -69.383367126644956, -14.923451662495701 ], [ -69.382671038460757, -14.92165721557709 ], [ -69.364353386816006, -14.880437529179224 ], [ -69.37707956478036, -14.816670040715126 ], [ -69.37737676869915, -14.814646488231446 ], [ -69.377465754558486, -14.812603163406466 ], [ -69.377345591767678, -14.810561434793931 ], [ -69.377017536957581, -14.808542654254813 ], [ -69.376485020839141, -14.806567933665175 ], [ -69.375753612325894, -14.804657924133704 ], [ -69.374830960295782, -14.802832600037862 ], [ -69.373726713601116, -14.80111105013709 ], [ -69.372452420163469, -14.799511277947584 ], [ -69.371021406208556, -14.798050013466252 ], [ -69.329828569208516, -14.760080481466332 ], [ -69.328452572622595, -14.758922149571662 ], [ -69.326978074760888, -14.757892122660149 ], [ -69.325417000991166, -14.756998731330357 ], [ -69.323781976885414, -14.756249201106638 ], [ -69.322086226107317, -14.7556495940009 ], [ -69.257807721456558, -14.736125125893478 ], [ -69.276372875037552, -14.693449052888464 ], [ -69.277084481675473, -14.69155723944473 ], [ -69.277601509773504, -14.689603262971259 ], [ -69.277918678739994, -14.687607080123991 ], [ -69.278032749215598, -14.685589078627551 ], [ -69.277942556158024, -14.683569869048187 ], [ -69.277649020741009, -14.68157007429072 ], [ -69.277155140946064, -14.679610118969501 ], [ -69.276465960942986, -14.677710020804566 ], [ -69.275588519572011, -14.67588918617354 ], [ -69.246348084674338, -14.62231486528329 ], [ -69.245510815547235, -14.580538330226073 ], [ -69.245372471344979, -14.578557040873683 ], [ -69.245038298708252, -14.576599242297462 ], [ -69.244511593119441, -14.574684241556234 ], [ -69.243797548747082, -14.572830923652983 ], [ -69.242903207222994, -14.571057565298199 ], [ -69.241837388200338, -14.569381654671966 ], [ -69.2406106023776, -14.567819718962234 ], [ -69.239234947846157, -14.566387161380035 ], [ -69.237723990783493, -14.565098109258916 ], [ -69.236092631668754, -14.563965274736598 ], [ -69.234356958339987, -14.562999829392741 ], [ -69.232534087341975, -14.562211294079118 ], [ -69.230641995129531, -14.561607445028621 ], [ -69.228699340790499, -14.561194237169035 ], [ -69.226725282037037, -14.560975745397823 ], [ -69.169271160019406, -14.557492089185015 ], [ -69.169330440476614, -14.512710148138781 ], [ -69.169239059382178, -14.510773806249741 ], [ -69.168960648404507, -14.508855406462629 ], [ -69.168497823054949, -14.506972971042362 ], [ -69.167854931312007, -14.505144184389268 ], [ -69.167038012774626, -14.503386226904299 ], [ -69.166054741923574, -14.501715613589029 ], [ -69.164914356024155, -14.50014803889669 ], [ -69.163627568347337, -14.498698229291787 ], [ -69.162206467524783, -14.497379804903426 ], [ -69.160664403983077, -14.496205151572012 ], [ -69.159015864524093, -14.495185304491388 ], [ -69.157276336229856, -14.494329844539525 ], [ -69.155462160970288, -14.493646808271668 ], [ -69.153590381880662, -14.49314261242152 ], [ -69.151678583251197, -14.492821993619703 ], [ -69.136264145569328, -14.490999638638458 ], [ -69.13199417748713, -14.480543859897244 ], [ -69.131133936015118, -14.478708969784593 ], [ -69.1300924261039, -14.476970552625069 ], [ -69.128880341032385, -14.475346456908957 ], [ -69.127510125390472, -14.473853357377676 ], [ -69.125995847309284, -14.472506583822655 ], [ -69.124353054022393, -14.471319963692949 ], [ -69.122598612240907, -14.470305680127536 ], [ -69.074805939354093, -14.44581822603519 ], [ -69.019741418022335, -14.375033474994291 ], [ -69.004644606296566, -14.33170941464201 ], [ -69.005245030280093, -14.237563007525981 ], [ -69.005166003713768, -14.235654722692018 ], [ -69.004905311728251, -14.233762677265922 ], [ -69.004465331701638, -14.23190412573801 ], [ -69.003850076027604, -14.230096017151311 ], [ -69.003065155524439, -14.22835484053493 ], [ -69.002117728267223, -14.226696474532504 ], [ -69.001016434309832, -14.225136042597063 ], [ -68.99977131689208, -14.223687775072838 ], [ -68.998393730850438, -14.222364879421779 ], [ -68.996896239067752, -14.221179419778226 ], [ -68.995292497906121, -14.220142206930156 ], [ -68.993597132667844, -14.219262699730297 ], [ -68.991825604220168, -14.218548918836216 ], [ -68.98999406799993, -14.218007373566005 ], [ -68.988119226684333, -14.217643002536621 ], [ -68.986218177870967, -14.217459128626206 ], [ -68.857695457743205, -14.211200756823558 ], [ -68.8748544359551, -14.172054054994012 ], [ -68.875544168231613, -14.170247663236619 ], [ -68.876056239904287, -14.168383108491785 ], [ -68.876385864662495, -14.166477818667843 ], [ -68.876529961518642, -14.164549602422063 ], [ -68.876487183605946, -14.162616482703934 ], [ -68.876257930767622, -14.160696528295475 ], [ -68.87584434581953, -14.158807684923156 ], [ -68.875250294521337, -14.156967607520015 ], [ -68.874481329443498, -14.155193495205785 ], [ -68.8735446380676, -14.153501930527522 ], [ -68.87244897560528, -14.151908724463285 ], [ -68.871204583163731, -14.150428768637642 ], [ -68.869823092022457, -14.14907589613034 ], [ -68.864279841148928, -14.14414924421536 ], [ -68.885322940431053, -14.125449251668616 ], [ -68.886635849404698, -14.124170164345697 ], [ -68.887826140941343, -14.12277624884951 ], [ -68.888883817204032, -14.121279213353583 ], [ -68.889799994255938, -14.119691632186431 ], [ -68.890566976680844, -14.118026840213656 ], [ -68.891178322220696, -14.116298820831926 ], [ -68.891628895887266, -14.114522088515644 ], [ -68.900374380598436, -14.071930908588175 ], [ -68.947027582807337, -14.043574758832539 ], [ -68.948806581524821, -14.042357535168337 ], [ -68.950444247922817, -14.040955922292254 ], [ -68.951921558582313, -14.039386201584334 ], [ -68.994745754582453, -13.988663495584346 ], [ -68.995913483221415, -13.987137277691984 ], [ -68.996929344114506, -13.98550603341994 ], [ -68.997783958500719, -13.983784822950502 ], [ -68.998469436299629, -13.981989537063409 ], [ -68.998979448955339, -13.980136750426956 ], [ -68.999309287863682, -13.978243568575218 ], [ -68.99945590784364, -13.976327469984152 ], [ -68.999417955251459, -13.974406144704572 ], [ -68.999195780477919, -13.972497331041794 ], [ -68.998791434713425, -13.970618651789781 ], [ -68.998208651010714, -13.968787451531735 ], [ -68.997452809820146, -13.967020636509204 ], [ -68.996530889315551, -13.965334518538118 ], [ -68.988776966833569, -13.952642642172863 ], [ -68.997473200747635, -13.944108565021827 ], [ -68.998810762441281, -13.942659754222097 ], [ -68.999999156417957, -13.941086272803727 ], [ -69.001026831119731, -13.939403415493947 ], [ -69.00188379722988, -13.937627540187576 ], [ -69.002561724772121, -13.935775908943185 ], [ -69.003054024080569, -13.933866520190561 ], [ -69.003355909853283, -13.931917933780374 ], [ -69.003464447666985, -13.929949090576679 ], [ -69.003378582500446, -13.927979128345845 ], [ -68.999270791105104, -13.883877337396612 ], [ -69.013260296182793, -13.853060216450968 ], [ -69.013953222363597, -13.851322014653297 ], [ -69.014480665202001, -13.849526660584132 ], [ -69.014838007605604, -13.847689870289067 ], [ -69.015022121495306, -13.845827722535239 ], [ -69.015031395187748, -13.843956518062155 ], [ -69.014865747503521, -13.842092636889394 ], [ -69.01452662847781, -13.84025239493034 ], [ -68.998794560725671, -13.772768542855614 ], [ -69.034803814010019, -13.756833369657352 ], [ -69.036592025754189, -13.755932421010469 ], [ -69.038281187720344, -13.754857180777568 ], [ -69.039854368552497, -13.753618426655217 ], [ -69.041295799434437, -13.752228575325423 ], [ -69.042591032148721, -13.750701557996715 ], [ -69.043727083898801, -13.74905268076434 ], [ -69.08429714689882, -13.683356212764341 ], [ -69.085260627739842, -13.681606115758663 ], [ -69.086044704367481, -13.679768628696866 ], [ -69.086641553392866, -13.677862085725621 ], [ -69.087045219553588, -13.675905510020218 ], [ -69.087251675134439, -13.673918423974413 ], [ -69.087258860155274, -13.671920654409181 ], [ -69.0870667029251, -13.669932134743906 ], [ -69.086677120757471, -13.66797270610398 ], [ -69.086094000839836, -13.666061919349278 ], [ -69.085323161447732, -13.664218839998874 ], [ -69.084372293891121, -13.662461857998375 ], [ -69.083250885771619, -13.660808504228065 ], [ -69.081970126316818, -13.659275275582614 ], [ -69.051235237316845, -13.626010145582709 ], [ -69.049845723945765, -13.62464592976028 ], [ -69.048330129727162, -13.623423307012619 ], [ -69.046702821858517, -13.622353867290535 ], [ -69.044979226535816, -13.621447748434017 ], [ -69.043175682719763, -13.620713540069747 ], [ -69.041309287249248, -13.620158202185054 ], [ -69.039397732770439, -13.619786999150147 ], [ -69.037459140018001, -13.619603449814093 ], [ -69.03551188603808, -13.619609294147606 ], [ -69.033574429981627, -13.619804476748859 ], [ -69.031665138119351, -13.620187147368661 ], [ -69.02980210973729, -13.620753678450047 ], [ -69.028003005563036, -13.621498699516001 ], [ -69.026284880349507, -13.62241514807932 ], [ -69.024664021203066, -13.623494336592028 ], [ -69.024290244233256, -13.623799582496058 ], [ -69.024339917957661, -13.623227191205963 ], [ -69.024316753607422, -13.621261166090274 ], [ -69.02410065867123, -13.619306915768236 ], [ -69.023693721593929, -13.617383327049788 ], [ -69.023099875210065, -13.615508990416465 ], [ -69.022324858735189, -13.613702020354093 ], [ -69.021376162299248, -13.611979880285732 ], [ -69.02026295455839, -13.6103592137968 ], [ -69.018995994084761, -13.608855683783501 ], [ -69.017587525390425, -13.607483821079107 ], [ -69.016051160590592, -13.606256884021034 ], [ -69.014401747849618, -13.605186730315925 ], [ -69.012655227881254, -13.6042837024411 ], [ -69.010828479889909, -13.603556527689909 ], [ -68.973009436027581, -13.590616584539612 ], [ -68.972683361071631, -13.535336728618832 ], [ -68.972575605537287, -13.533378054555852 ], [ -68.972276489195394, -13.531439357892065 ], [ -68.97178888955662, -13.529539288963724 ], [ -68.971117497348203, -13.527696126506791 ], [ -68.970268771388945, -13.525927601814786 ], [ -68.969250876455092, -13.52425072816307 ], [ -68.968073604734968, -13.522681637140479 ], [ -68.966748281627673, -13.521235423462832 ], [ -68.965287656792299, -13.519925999761163 ], [ -68.963705781495804, -13.518765962741705 ], [ -68.962017873439208, -13.517766472005071 ], [ -68.960240170362724, -13.516937142690477 ], [ -68.943990690229825, -13.510306215437554 ], [ -68.943984016869067, -13.509253800986988 ], [ -68.943766506716386, -13.507240654332373 ], [ -68.943346555327707, -13.505259818410178 ], [ -68.942728467278386, -13.503331597135844 ], [ -68.941918578079267, -13.50147575511545 ], [ -68.940925189236623, -13.499711315055031 ], [ -68.939758483160219, -13.498056362774507 ], [ -68.935939826621521, -13.493183563949023 ], [ -68.936213209882311, -13.492569236211438 ], [ -68.936823548672777, -13.490741710520586 ], [ -68.937255200371695, -13.488863935134475 ], [ -68.937504158858943, -13.486953337515537 ], [ -68.937568113573477, -13.485027649746359 ], [ -68.937446470957383, -13.483104743959842 ], [ -68.937140359964715, -13.48120246646956 ], [ -68.936652621583761, -13.479338472139739 ], [ -68.935987782469994, -13.477530060532088 ], [ -68.935152012934751, -13.475794015350123 ], [ -68.934153069678999, -13.474146448671156 ], [ -68.933000223804143, -13.472602651411565 ], [ -68.931704174767845, -13.471176951413192 ], [ -68.921345719447359, -13.460830674625877 ], [ -68.924179208131633, -13.456407940810371 ], [ -68.925168283294198, -13.454680483611092 ], [ -68.925980741197606, -13.452863263149034 ], [ -68.926608533678433, -13.450974280710382 ], [ -68.927045441858837, -13.449032248451525 ], [ -68.927287137750326, -13.447056404037466 ], [ -68.927331227126672, -13.445066320074559 ], [ -68.927177273240943, -13.443081710225345 ], [ -68.926826801151876, -13.441122233926096 ], [ -68.926283282616737, -13.439207301641524 ], [ -68.925552101700347, -13.437355882585765 ], [ -68.92464050144072, -13.435586316814401 ], [ -68.923557512100018, -13.433916133548873 ], [ -68.922313861711217, -13.432361877532966 ], [ -68.920921869806847, -13.430938945141495 ], [ -68.911210416872152, -13.421953190620986 ], [ -68.908791417408494, -13.370400898085933 ], [ -68.908609839739029, -13.368492117012114 ], [ -68.908246312208789, -13.366609495602329 ], [ -68.907704176013539, -13.364770337103556 ], [ -68.906988413948227, -13.362991545293456 ], [ -68.906105604609991, -13.3612894691171 ], [ -68.90506386193394, -13.359679752423164 ], [ -68.903872760617773, -13.358177190180713 ], [ -68.902543248120239, -13.356795592498061 ], [ -68.901087544042682, -13.355547657693521 ], [ -68.899519027818172, -13.354444855584672 ], [ -68.897796235401572, -13.353353098223351 ], [ -68.898405205469203, -13.352396524113765 ], [ -68.899274917851329, -13.350688825569213 ], [ -68.899977192796527, -13.348905726063281 ], [ -68.900505582307773, -13.34706359727541 ], [ -68.900855234931925, -13.345179352867397 ], [ -68.901022940303747, -13.343270293189191 ], [ -68.901007158622136, -13.341353946434236 ], [ -68.900808034787929, -13.339447907702899 ], [ -68.900427397073528, -13.337569677451555 ], [ -68.899868740336387, -13.335736500810651 ], [ -68.899752946133646, -13.335456128584296 ], [ -68.899987608277797, -13.334410426715271 ], [ -68.900227795260648, -13.332453728559701 ], [ -68.900274179572705, -13.330482889663614 ], [ -68.900126310548941, -13.328517058488117 ], [ -68.899785624869082, -13.326575334839843 ], [ -68.899255432598935, -13.324676584299246 ], [ -68.898540885030215, -13.322839254924643 ], [ -68.897648924631099, -13.321081198012832 ], [ -68.896588217593987, -13.319419494657794 ], [ -68.89536906963562, -13.317870289792594 ], [ -68.894003325867914, -13.316448635326946 ], [ -68.886389737258696, -13.309267888170016 ], [ -68.886496414098531, -13.309111737751696 ], [ -68.887427133236827, -13.307419008192092 ], [ -68.888190207214365, -13.305644384406289 ], [ -68.888778517368436, -13.303804421733037 ], [ -68.889186575395556, -13.301916285052911 ], [ -68.889410574551505, -13.299997588658355 ], [ -68.889448425164105, -13.298066231931216 ], [ -68.889299774127707, -13.296140232360678 ], [ -68.888966008197215, -13.29423755745939 ], [ -68.888450241051217, -13.292375957145831 ], [ -68.887757284244614, -13.290572798156576 ], [ -68.886893602322061, -13.288844902033254 ], [ -68.885867252510607, -13.287208388195586 ], [ -68.884687809554464, -13.285678523564464 ], [ -68.883366276392877, -13.284269580137938 ], [ -68.879323842117657, -13.280356905880627 ], [ -68.87996854133479, -13.279204613515986 ], [ -68.880759822783062, -13.277389219692372 ], [ -68.881367689984415, -13.275504470761957 ], [ -68.88178618313367, -13.273568845656412 ], [ -68.882011199134539, -13.271601322120457 ], [ -68.882040531828295, -13.269621190645463 ], [ -68.881873893623933, -13.267647865336743 ], [ -68.881512918317853, -13.265700693568876 ], [ -68.880961145075332, -13.263798766295286 ], [ -68.880329416854437, -13.262223617439611 ], [ -68.880640737944034, -13.260835565504644 ], [ -68.880879873594381, -13.258911575273213 ], [ -68.880931593757566, -13.256973470710857 ], [ -68.880795412403131, -13.255039464788267 ], [ -68.880472609269603, -13.253127731959944 ], [ -68.879966217838273, -13.251256237373203 ], [ -68.879280996826779, -13.249442568044104 ], [ -68.87842338546983, -13.247703767586794 ], [ -68.877401443007798, -13.246056176049368 ], [ -68.876224772951474, -13.244515276361373 ], [ -68.874904432834953, -13.243095548835891 ], [ -68.873452830304501, -13.241810335093556 ], [ -68.871883606520072, -13.240671712687186 ], [ -68.86997128584143, -13.239420979045519 ], [ -68.891701132396975, -13.189138960800429 ], [ -68.892377487080111, -13.187341454410404 ], [ -68.892878313028277, -13.185487362112484 ], [ -68.893198992019165, -13.183593780885186 ], [ -68.893336567003715, -13.181678171842819 ], [ -68.893289769373837, -13.179758199222855 ], [ -68.893059030660382, -13.177851567500239 ], [ -68.892646478553985, -13.17597585813067 ], [ -68.892055917285191, -13.17414836742827 ], [ -68.891292792544746, -13.172385947072595 ], [ -68.891107278301064, -13.172050118438118 ], [ -68.891381924791588, -13.17091476024979 ], [ -68.891652957725412, -13.168999926562272 ], [ -68.89173778332912, -13.167067867681432 ], [ -68.891635608473379, -13.165136648584351 ], [ -68.891347388505054, -13.163224326396033 ], [ -68.89087581831464, -13.161348781553169 ], [ -68.890225307138735, -13.159527550619954 ], [ -68.889401937333105, -13.157777662319166 ], [ -68.888413407501957, -13.156115478311598 ], [ -68.887582463528091, -13.154983586459986 ], [ -68.889191170033428, -13.153976098578646 ], [ -68.890760202247023, -13.152885769648949 ], [ -68.892218030104303, -13.151650691837308 ], [ -68.89355134845043, -13.15028213732611 ], [ -68.894747988491332, -13.148792596499288 ], [ -68.895797028854545, -13.147195663946359 ], [ -68.896688895265314, -13.145505914388709 ], [ -68.897415447928125, -13.143738769660509 ], [ -68.897970055816131, -13.14191035795829 ], [ -68.898347657190541, -13.140037366643764 ], [ -68.898544805797584, -13.138136889943304 ], [ -68.898559702321435, -13.136226272934108 ], [ -68.898392210806023, -13.134322953240911 ], [ -68.898043859895836, -13.132444301888047 ], [ -68.897517828884489, -13.13060746475935 ], [ -68.896818918698258, -13.128829206112856 ], [ -68.880097734968203, -13.091612863582769 ], [ -68.883494379193678, -13.049054788780209 ], [ -68.88355514205935, -13.047139031300006 ], [ -68.883432238174152, -13.045226254918981 ], [ -68.883262623889706, -13.044175485972438 ], [ -68.884425898669946, -13.042595732921331 ], [ -68.885449622286885, -13.040864949773498 ], [ -68.886294372029397, -13.039040116021827 ], [ -68.886951608279361, -13.037139679003545 ], [ -68.887414687002078, -13.03518285033315 ], [ -68.887678926911207, -13.033189411691218 ], [ -68.887741656792031, -13.031179514850391 ], [ -68.88771346015956, -13.03077379255228 ], [ -68.887812132660258, -13.030708003806769 ], [ -68.889359379938469, -13.029435527828296 ], [ -68.89077156856095, -13.028014650440808 ], [ -68.892034530147782, -13.026459627197921 ], [ -68.893135593502436, -13.024786059528314 ], [ -68.894063711740898, -13.023010738207782 ], [ -68.894809573124249, -13.021151474898682 ], [ -68.895365694482521, -13.01922692344689 ], [ -68.89572649629288, -13.0172563927292 ], [ -68.89588835865851, -13.015259652928847 ], [ -68.895849657626727, -13.013256737182775 ], [ -68.895610781482006, -13.011267740590721 ], [ -68.895174126850335, -13.009312618602616 ], [ -68.894544074654107, -13.007410986807095 ], [ -68.893726946158537, -13.005581924129805 ], [ -68.891925794756418, -13.002038295758679 ], [ -68.892893066415397, -13.001186297940407 ], [ -68.894207117566438, -12.999782836961687 ], [ -68.895380337548048, -12.998259686272773 ], [ -68.896401884537141, -12.996630921435401 ], [ -68.897262318333333, -12.994911594000401 ], [ -68.897953687596612, -12.993117592415073 ], [ -68.898469603326348, -12.991265495196728 ], [ -68.898805297902499, -12.989372417729239 ], [ -68.898957669143698, -12.987455854098354 ], [ -68.898925308974654, -12.985533515427402 ], [ -68.89870851643839, -12.983623166207339 ], [ -68.898309294932673, -12.981742460133612 ], [ -68.897731333696555, -12.979908776966891 ], [ -68.897365616864647, -12.979047386160065 ], [ -68.902923955314492, -12.962285893424784 ], [ -68.903448791130955, -12.960398366760941 ], [ -68.903786434847262, -12.958468546494236 ], [ -68.903933646595092, -12.956514950261067 ], [ -68.903889013800608, -12.954556323840688 ], [ -68.903652964738853, -12.952611461279632 ], [ -68.903227764424216, -12.950699024552996 ], [ -68.902617492876473, -12.948837364493004 ], [ -68.901828005970813, -12.947044344703167 ], [ -68.900866879247673, -12.945337170147649 ], [ -68.899743335221444, -12.943732222060614 ], [ -68.89846815488562, -12.942244900759716 ], [ -68.897053574263552, -12.940889477871972 ], [ -68.895513166997333, -12.939678959390031 ], [ -68.895021910468515, -12.939365427194069 ], [ -68.895067267730369, -12.938797141769864 ], [ -68.89502523024025, -12.936787271303391 ], [ -68.894781637272217, -12.934791774145163 ], [ -68.894338949935189, -12.932830811533531 ], [ -68.893701640861408, -12.930924195791686 ], [ -68.892876149017766, -12.929091190156489 ], [ -68.892722182794017, -12.928824576268877 ], [ -68.893138285932878, -12.928171006367089 ], [ -68.894048759073058, -12.926358346323779 ], [ -68.894770939373458, -12.924462784827725 ], [ -68.895297397949903, -12.922503821035589 ], [ -68.89562271925756, -12.920501606307246 ], [ -68.89574355679926, -12.918476736913895 ], [ -68.895658667550123, -12.916450042169494 ], [ -68.891154097550128, -12.867940879169488 ], [ -68.890878762200501, -12.866007252106607 ], [ -68.89041613359241, -12.864109701595019 ], [ -68.889770623726022, -12.862266324209493 ], [ -68.888948388704989, -12.860494699886102 ], [ -68.887957270026746, -12.858811724265749 ], [ -68.886806719799793, -12.857233447563678 ], [ -68.885507710600635, -12.855774921501661 ], [ -68.884072630830531, -12.854450055762619 ], [ -68.882515166569604, -12.853271485336641 ], [ -68.880850171055371, -12.852250450023513 ], [ -68.879093523030264, -12.851396687240911 ], [ -68.877261975309111, -12.850718339160508 ], [ -68.856793951316021, -12.844255255472449 ], [ -68.859598733040059, -12.826196661162687 ], [ -68.859799928812038, -12.824322529218083 ], [ -68.859823799651849, -12.822437779773875 ], [ -68.85967013353573, -12.820559153411557 ], [ -68.859340295345405, -12.818703336326644 ], [ -68.858837214745179, -12.816886812119783 ], [ -68.858165360160172, -12.815125715387335 ], [ -68.857330699087257, -12.813435688411868 ], [ -68.856340645091024, -12.811831742225433 ], [ -68.85520399195552, -12.810328123279691 ], [ -68.83950234895552, -12.791474528279638 ], [ -68.838870181063314, -12.790784714347867 ], [ -68.83883973199211, -12.790089974128783 ], [ -68.838563927089183, -12.788154855635629 ], [ -68.838100539035949, -12.786255902387353 ], [ -68.837453994059388, -12.784411252957161 ], [ -68.836630467879417, -12.782638527214717 ], [ -68.835637826719136, -12.78095465802326 ], [ -68.834485552167607, -12.779375729498939 ], [ -68.83318465061285, -12.777916823377256 ], [ -68.831747548110201, -12.77659187495415 ], [ -68.830187971690023, -12.775413539977725 ], [ -68.828520818238871, -12.774393073762061 ], [ -68.824741815829739, -12.772326713420167 ], [ -68.824739836856651, -12.755790917437359 ], [ -68.824639132533392, -12.753788806754418 ], [ -68.824338510507303, -12.751806834265988 ], [ -68.823840990968947, -12.749864911801927 ], [ -68.823151572234138, -12.747982548830668 ], [ -68.822277180528445, -12.746178656457912 ], [ -68.821226600403108, -12.74447135743673 ], [ -68.820010386481286, -12.742877804097859 ], [ -68.818640757421306, -12.74141400602929 ], [ -68.817131473162334, -12.740094669236409 ], [ -68.815497696685426, -12.738933048398534 ], [ -68.813755841679196, -12.73794081370615 ], [ -68.811923407640109, -12.737127933616687 ], [ -68.810018804064256, -12.736502574706689 ], [ -68.808061165496937, -12.736071019626543 ], [ -68.80607015929796, -12.735837603982002 ], [ -68.804065788054103, -12.735804672776659 ], [ -68.803364159617942, -12.735863639674672 ], [ -68.798962092057934, -12.724773499421088 ], [ -68.798140591177187, -12.722970021638673 ], [ -68.797144639172643, -12.721256698723003 ], [ -68.795984014788601, -12.719650352917174 ], [ -68.794670113603431, -12.71816675611065 ], [ -68.793215836142139, -12.716820474983127 ], [ -68.791635461212763, -12.715624727981753 ], [ -68.789944505709954, -12.714591255535929 ], [ -68.788159572262629, -12.713730204784037 ], [ -68.786298186221117, -12.713050029943862 ], [ -68.784378623584772, -12.712557409304944 ], [ -68.78241973155923, -12.712257179657867 ], [ -68.780440743505309, -12.712152288804273 ], [ -68.778461090096485, -12.712243766613909 ], [ -68.776500208539005, -12.712530714912859 ], [ -68.774577351727899, -12.71301031630226 ], [ -68.772711399212625, -12.713677861820891 ], [ -68.770920671828392, -12.714526797180072 ], [ -68.76922275181326, -12.71554878711688 ], [ -68.767634310177101, -12.716733797233825 ], [ -68.766790761024396, -12.717430737813988 ], [ -68.76253435509912, -12.7141970431 ], [ -68.762628019424625, -12.713906224007896 ], [ -68.763046653254463, -12.711962286108136 ], [ -68.763270180451443, -12.709986385191133 ], [ -68.763296391366055, -12.707998053772691 ], [ -68.763125026893661, -12.706016947248747 ], [ -68.76275778103583, -12.704062649594471 ], [ -68.762198284154508, -12.702154479769376 ], [ -68.761452067084576, -12.70031130074222 ], [ -68.760526506459428, -12.698551333023541 ], [ -68.759430751790262, -12.69689197454913 ], [ -68.758175635019711, -12.695349628694959 ], [ -68.756773563444071, -12.693939542123713 ], [ -68.746186188528412, -12.684301108899394 ], [ -68.747400021343026, -12.683366152106947 ], [ -68.748773819935465, -12.68208562340685 ], [ -68.750021449347386, -12.680681879422055 ], [ -68.751131908368393, -12.679167297932993 ], [ -68.752095405314193, -12.677555234050949 ], [ -68.752903444366609, -12.675859902456798 ], [ -68.753548900487104, -12.674096252060359 ], [ -68.754026082243186, -12.672279834185527 ], [ -68.761278910243234, -12.638240302185519 ], [ -68.761590187740012, -12.63632996518901 ], [ -68.761715348288604, -12.634398484938705 ], [ -68.761653219672525, -12.632463951104601 ], [ -68.761404383769914, -12.630544481955642 ], [ -68.76097117110389, -12.628658054669412 ], [ -68.760357639015538, -12.626822336963228 ], [ -68.751215336015562, -12.603317976963224 ], [ -68.750350830310794, -12.601400488218392 ], [ -68.749289725778851, -12.599584396157834 ], [ -68.748043758589205, -12.597889787364501 ], [ -68.746626709553865, -12.596335404775955 ], [ -68.745054251707046, -12.594938440381233 ], [ -68.743343776956166, -12.593714345071731 ], [ -68.712263182146245, -12.573856549408253 ], [ -68.711653056905021, -12.556678452105212 ], [ -68.71149177581205, -12.554756792483309 ], [ -68.71114617195019, -12.552859598433121 ], [ -68.710619458387555, -12.551004508107468 ], [ -68.709916531963401, -12.549208768222176 ], [ -68.709043927762366, -12.547489073713914 ], [ -68.708009758358003, -12.545861412527897 ], [ -68.706823638390389, -12.544340916978465 ], [ -68.705496595179198, -12.542941723064443 ], [ -68.70404096620301, -12.5416768390472 ], [ -68.702470284398174, -12.540558024513263 ], [ -68.700799152343535, -12.539595681045816 ], [ -68.699221648045764, -12.538879780920118 ], [ -68.702175281748623, -12.529190755653932 ], [ -68.702651441490403, -12.527304192549996 ], [ -68.702942028448717, -12.525380288273665 ], [ -68.703044292328102, -12.523437251849971 ], [ -68.702957265239689, -12.521493473382474 ], [ -68.702681770861901, -12.519567349997892 ], [ -68.70222041664465, -12.517677111724277 ], [ -68.701577569130777, -12.515840648950698 ], [ -68.700759312628449, -12.514075343101496 ], [ -68.699773391625442, -12.512397902127679 ], [ -68.698629137490485, -12.5108242023725 ], [ -68.697337380155417, -12.509369138307891 ], [ -68.695910345613981, -12.508046481563913 ], [ -68.694361540207439, -12.506868750585511 ], [ -68.692705622792133, -12.505847092150166 ], [ -68.690958265998987, -12.504991175867877 ], [ -68.689136007898014, -12.504309102661956 ], [ -68.687256095471682, -12.503807328096872 ], [ -68.685336321378855, -12.503490601278763 ], [ -68.683394855553914, -12.503361919906961 ], [ -68.681450073235325, -12.503422501901895 ], [ -68.679520381050864, -12.503671773877933 ], [ -68.677624042805917, -12.504107376570273 ], [ -68.675779006623472, -12.504725187164473 ], [ -68.672929952112199, -12.505836060158938 ], [ -68.672626199604878, -12.502061978440921 ], [ -68.987263773335343, -11.922581576661319 ], [ -69.589247198549245, -10.959989687058325 ], [ -69.590217007379024, -10.958252256091239 ], [ -69.591009375988705, -10.956427058151805 ], [ -69.591616461522634, -10.95453215902884 ], [ -69.592032255054988, -10.952586314412695 ], [ -69.592252641065997, -10.950608784251644 ], [ -69.592275438177424, -10.948619142117129 ], [ -69.592100420743691, -10.946637081464775 ], [ -69.591729321085396, -10.944682220708778 ], [ -69.591165812342837, -10.942773909039062 ], [ -69.590415472119247, -10.940931034903215 ], [ -69.589485727273754, -10.939171839048852 ], [ -69.588385780410476, -10.937513733976884 ], [ -69.587126518791166, -10.935973131592792 ], [ -69.585720406573287, -10.934565280761765 ], [ -69.584181361439832, -10.933304116375602 ], [ -69.582524616842363, -10.932202121425309 ], [ -69.580766571220394, -10.931270203444592 ], [ -69.578924625689837, -10.930517586547218 ], [ -69.577017011807001, -10.929951720126827 ], [ -69.575062611112784, -10.929578205122926 ], [ -69.573080768243415, -10.929400738582855 ], [ -69.571091099457476, -10.92942107706844 ], [ -69.481945058908693, -10.934775063613461 ], [ -69.424973654484319, -10.909212374979374 ], [ -69.423134249214897, -10.908493900513768 ], [ -69.421232956480594, -10.907960324613498 ], [ -69.419288312066513, -10.907616849133092 ], [ -69.417319274395155, -10.907466822629866 ], [ -69.415345039699972, -10.90751170771869 ], [ -69.413384854880391, -10.907751066812892 ], [ -69.411457829863025, -10.908182566390309 ], [ -69.409582751298103, -10.908801999742895 ], [ -69.407777899407705, -10.9096033279881 ], [ -69.40606086977094, -10.910578738942197 ], [ -69.404448401784038, -10.911718723281606 ], [ -69.398256908308468, -10.916571616394583 ] ] ] } }
]
}
